ric,company_name,name_bhrc,company_id,category,date_raw,year,url,date,n_categories_for_event,overlap_flag,exclusive_category
AAL.L,Anglo American PLC,Anglo American,755461,hrd_attacks,2020-04-28,2020,https://www.business-humanrights.org/en/latest-news/angélica-ortiz-fuerza-de-mujeres-wayuu-wayuu-womens-force/,2020-04-28,1,False,hrd_attacks
AAL.L,Anglo American PLC,Anglo American,755461,hrd_attacks,2019-05-14,2019,https://www.business-humanrights.org/en/latest-news/igor-díaz-lopez-coal-trade-union-sintracarbon/,2019-05-14,1,False,hrd_attacks
AAL.L,Anglo American PLC,Anglo American,755461,hrd_attacks,2019-05-14,2019,https://www.business-humanrights.org/en/latest-news/juan-carlos-rojas-coal-trade-union-sintracarbon/,2019-05-14,1,False,hrd_attacks
AAL.L,Anglo American PLC,Anglo American,755461,hrd_attacks,2019-05-14,2019,https://www.business-humanrights.org/en/latest-news/dairo-mosquera-coal-trade-union-sintracarbon/,2019-05-14,1,False,hrd_attacks
AAL.L,Anglo American PLC,Anglo American,755461,hrd_attacks,2019-05-14,2019,https://www.business-humanrights.org/en/latest-news/gustavo-benjumea-coal-trade-union-sintracarbon/,2019-05-14,1,False,hrd_attacks
AAL.L,Anglo American PLC,Anglo American,755461,hrd_attacks,2019-05-14,2019,https://www.business-humanrights.org/en/latest-news/jairo-córdoba-coal-trade-union-sintracarbon/,2019-05-14,1,False,hrd_attacks
AAL.L,Anglo American PLC,Anglo American,755461,hrd_attacks,2019-05-14,2019,https://www.business-humanrights.org/en/latest-news/evelio-aguirre-coal-trade-union-sintracarbon/,2019-05-14,1,False,hrd_attacks
AAL.L,Anglo American PLC,Anglo American,755461,hrd_attacks,2019-04-20,2019,https://www.business-humanrights.org/en/latest-news/karmen-ramírez-force-of-wayuú-women-sütsuin-jieyuu-wayúu-fuerza-de-mujeres-wayuú/,2019-04-20,1,False,hrd_attacks
AAL.L,Anglo American PLC,Anglo American,755461,hrd_attacks,2019-04-20,2019,https://www.business-humanrights.org/en/latest-news/miguel-ramírez-force-of-wayuú-women-sütsuin-jieyuu-wayúu-fuerza-de-mujeres-wayuú/,2019-04-20,1,False,hrd_attacks
AAL.L,Anglo American PLC,Anglo American,755461,hrd_attacks,2019-04-20,2019,https://www.business-humanrights.org/en/latest-news/luis-misael-socarras-force-of-wayuú-women-sütsuin-jieyuu-wayúu-fuerza-de-mujeres-wayuú/,2019-04-20,1,False,hrd_attacks
AAL.L,Anglo American PLC,Anglo American,755461,hrd_attacks,2019-04-20,2019,https://www.business-humanrights.org/en/latest-news/dulcy-cotes-force-of-wayuú-women-sütsuin-jieyuu-wayúu-fuerza-de-mujeres-wayuú/,2019-04-20,1,False,hrd_attacks
AAL.L,Anglo American PLC,Anglo American,755461,hrd_attacks,2019-04-20,2019,https://www.business-humanrights.org/en/latest-news/jakeline-romero-epiayu-force-of-wayuú-women-sütsuin-jieyuu-wayúu-fuerza-de-mujeres-wayuú-2/,2019-04-20,1,False,hrd_attacks
AAL.L,Anglo American PLC,Anglo American,755461,hrd_attacks,2019-04-20,2019,https://www.business-humanrights.org/en/latest-news/deris-paz-force-of-wayuú-women-sütsuin-jieyuu-wayúu-fuerza-de-mujeres-wayuú/,2019-04-20,1,False,hrd_attacks
AAL.L,Anglo American PLC,Anglo American,755461,hrd_attacks,2018-12-13,2018,https://www.business-humanrights.org/en/latest-news/jakeline-romero-epiayu-force-of-wayuú-women-sütsuin-jieyuu-wayúu-fuerza-de-mujeres-wayuú/,2018-12-13,1,False,hrd_attacks
AAL.L,Anglo American PLC,Anglo American,755461,hrd_attacks,2018-10-10,2018,https://www.business-humanrights.org/en/latest-news/organización-nacional-indígena-de-colombia-onic-national-indigenous-organisation-of-colombia/,2018-10-10,1,False,hrd_attacks
AAL.L,Anglo American PLC,Anglo American,755461,hrd_attacks,2018-10-01,2018,https://www.business-humanrights.org/en/latest-news/ramón-vieco-ariza-wayuu-community/,2018-10-01,1,False,hrd_attacks
AAL.L,Anglo American PLC,Anglo American,755461,hrd_attacks,2018-10-01,2018,https://www.business-humanrights.org/en/latest-news/josé-silva-duarte-wayuu-community/,2018-10-01,1,False,hrd_attacks
AAL.L,Anglo American PLC,Anglo American,755461,hrd_attacks,2017-02-05,2017,https://www.business-humanrights.org/en/latest-news/alberto-uriana-wayuu-community/,2017-02-05,1,False,hrd_attacks
AAL.L,Anglo American PLC,Anglo American,755461,hrd_attacks,2017-02-05,2017,https://www.business-humanrights.org/en/latest-news/josé-luis-uriana-wayuu-community/,2017-02-05,1,False,hrd_attacks
AAL.L,Anglo American PLC,Anglo American,755461,hrd_attacks,2017-02-05,2017,https://www.business-humanrights.org/en/latest-news/ulitojoy-ipuana-epieyu-wayuu-community/,2017-02-05,1,False,hrd_attacks
AAL.L,Anglo American PLC,Anglo American,755461,hrd_attacks,2017-02-05,2017,https://www.business-humanrights.org/en/latest-news/salvatin-urariyu-wayuu-community/,2017-02-05,1,False,hrd_attacks
AAL.L,Anglo American PLC,Anglo American,755461,hrd_attacks,2017-02-05,2017,https://www.business-humanrights.org/en/latest-news/ramiro-uriana-wayuu-community/,2017-02-05,1,False,hrd_attacks
AAL.L,Anglo American PLC,Anglo American,755461,hrd_attacks,2017-02-05,2017,https://www.business-humanrights.org/en/latest-news/josé-gómez-wayuu-community/,2017-02-05,1,False,hrd_attacks
AAL.L,Anglo American PLC,Anglo American,755461,hrd_attacks,2016-01-09,2016,https://www.business-humanrights.org/en/latest-news/federación-de-trabajadores-sindicalizados-de-los-bronces-y-otros/,2016-01-09,1,False,hrd_attacks
AAL.L,Anglo American PLC,Anglo American,755461,lawsuits,2023-10-10,2023,https://www.business-humanrights.org/en/latest-news/committee-of-ministers-and-environmental-assessment-service-sea-lawsuit-re-collahuasi-copper-mine-chile/,2023-10-10,1,False,lawsuits
AAL.L,Anglo American PLC,Anglo American,755461,lawsuits,2020-10-20,2020,https://www.business-humanrights.org/en/latest-news/lawsuit-against-anglo-american-south-africa-ltd-re-lead-poisoning-zambia/,2020-10-20,1,False,lawsuits
AAL.L,Anglo American PLC,Anglo American,755461,lawsuits,2007-07-24,2007,https://www.business-humanrights.org/en/latest-news/anglo-platinum-lawsuit-re-displacement-in-so-africa/,2007-07-24,1,False,lawsuits
AAL.L,Anglo American PLC,Anglo American,755461,other_allegations,2026-03-12,2026,https://www.business-humanrights.org/en/latest-news/s-africa-communities-call-for-an-investigation-to-address-the-socioeconomic-environmental-and-governance-failures-associated-with-anglo-americans-disinvestment-incl-co-response/,2026-03-12,1,False,other_allegations
AAL.L,Anglo American PLC,Anglo American,755461,other_allegations,2025-11-05,2025,https://www.business-humanrights.org/en/latest-news/s-africa-csos-bring-class-action-appeal-against-anglo-america-over-alleged-lead-poisoning-in-zambia/,2025-11-05,1,False,other_allegations
AAL.L,Anglo American PLC,Anglo American,755461,other_allegations,2025-11-03,2025,https://www.business-humanrights.org/en/latest-news/south-africa-amnesty-international-and-salc-intervene-in-anglo-american-appeal-over-alleged-lead-poisoning-in-zambia/,2025-11-03,1,False,other_allegations
AAL.L,Anglo American PLC,Anglo American,755461,other_allegations,2025-10-27,2025,https://www.business-humanrights.org/en/latest-news/brazil-1827-mining-requests-to-explore-minerals-crucial-to-the-tech-sector-are-affecting-isolated-indigenous-peoples-incl-companies-comments/,2025-10-27,1,False,other_allegations
AAL.L,Anglo American PLC,Anglo American,755461,other_allegations,2025-10-10,2025,https://www.business-humanrights.org/en/latest-news/zambia-action-for-southern-africa-and-environment-africa-zambia-to-launch-new-report-on-lead-pollution-in-kabwe/,2025-10-10,1,False,other_allegations
AAL.L,Anglo American PLC,Anglo American,755461,other_allegations,2025-03-14,2025,https://www.business-humanrights.org/en/latest-news/chile-court-rules-dismissal-at-collahuasi-mine-was-unjustified-and-orders-compensation-payment/,2025-03-14,1,False,other_allegations
AAL.L,Anglo American PLC,Anglo American,755461,other_allegations,2025-02-03,2025,https://www.business-humanrights.org/en/latest-news/chile-agrupaciones-indígenas-exigen-la-suspensión-del-proyecto-minero-collahuasi-por-presunta-falta-de-consulta-previa-libre-e-informada/,2025-02-03,1,False,other_allegations
AAL.L,Anglo American PLC,Anglo American,755461,other_allegations,2024-12-23,2024,https://www.business-humanrights.org/en/latest-news/chile-environmental-regulator-filed-four-charges-against-los-bronces-for-noncompliance-with-environmental-permit/,2024-12-23,1,False,other_allegations
AAL.L,Anglo American PLC,Anglo American,755461,other_allegations,2024-12-09,2024,https://www.business-humanrights.org/en/latest-news/chile-environmental-watchdog-has-laid-three-charges-against-anglo-american-for-breaches-at-its-el-soldado-copper-mine/,2024-12-09,1,False,other_allegations
AAL.L,Anglo American PLC,Anglo American,755461,other_allegations,2024-12-02,2024,https://www.business-humanrights.org/en/latest-news/chile-accidente-en-la-mina-collahuasi-deja-un-trabajador-fallecido/,2024-12-02,1,False,other_allegations
AAL.L,Anglo American PLC,Anglo American,755461,other_allegations,2024-08-06,2024,https://www.business-humanrights.org/en/latest-news/chile-trabajador-de-22-años-muere-en-minera-collahuasi-familia-denuncia-negligencia/,2024-08-06,1,False,other_allegations
AAL.L,Anglo American PLC,Anglo American,755461,other_allegations,2024-04-19,2024,https://www.business-humanrights.org/en/latest-news/chile-tribunal-ambiental-recibe-recurso-contra-expansión-de-minera-collahuasi-por-parte-de-comunidades-indígenas/,2024-04-19,1,False,other_allegations
AAL.L,Anglo American PLC,Anglo American,755461,other_allegations,2023-08-27,2023,https://www.business-humanrights.org/en/latest-news/chile-accident-still-under-investigation-killed-two-contractor-workers-at-anglo-americans-los-bronces-mine/,2023-08-27,1,False,other_allegations
AAL.L,Anglo American PLC,Anglo American,755461,other_allegations,2022-10-14,2022,https://www.business-humanrights.org/en/latest-news/chile-mina-el-soldado-recibe-16-recursos-de-reclamación-por-parte-de-comunidades-locales/,2022-10-14,1,False,other_allegations
AAL.L,Anglo American PLC,Anglo American,755461,other_allegations,2022-05-04,2022,https://www.business-humanrights.org/en/latest-news/chile-el-servicio-de-evaluación-ambiental-emitió-una-calificación-negativa-al-proyecto-los-bronces-integrado-de-anglo-american/,2022-05-04,1,False,other_allegations
AAL.L,Anglo American PLC,Anglo American,755461,other_allegations,2021-09-07,2021,https://www.business-humanrights.org/en/latest-news/chile-communities-stage-protest-to-denounce-the-water-usage-by-anglo-american-mine/,2021-09-07,1,False,other_allegations
AAL.L,Anglo American PLC,Anglo American,755461,other_allegations,2021-08-13,2021,https://www.business-humanrights.org/en/latest-news/chile-communities-blame-anglo-america-for-polluting-its-rivers/,2021-08-13,1,False,other_allegations
AAL.L,Anglo American PLC,Anglo American,755461,other_allegations,2021-06-16,2021,https://www.business-humanrights.org/en/latest-news/new-report-manganese-matters-a-metal-of-consequence-for-women-and-communities-in-south-africa-affected-by-mining-and-the-global-energy-transition/,2021-06-16,1,False,other_allegations
AAL.L,Anglo American PLC,Anglo American,755461,other_allegations,2021-01-28,2021,https://www.business-humanrights.org/en/latest-news/chile-communities-affected-by-anglo-american-operations-question-mine-expansion-over-its-impact-on-water-sources/,2021-01-28,1,False,other_allegations
AAL.L,Anglo American PLC,Anglo American,755461,other_allegations,2020-05-14,2020,https://www.business-humanrights.org/en/latest-news/anglo-american-faces-questions-on-human-rights-and-mining-activities-at-from-ngos-at-agm/,2020-05-14,1,False,other_allegations
AAL.L,Anglo American PLC,Anglo American,755461,other_allegations,2019-06-03,2019,https://www.business-humanrights.org/en/latest-news/américa-latina-informe-profundiza-sobre-los-conflictos-socioambientales-causados-por-la-minería-en-la-región/,2019-06-03,1,False,other_allegations
AAL.L,Anglo American PLC,Anglo American,755461,other_allegations,2019-02-21,2019,https://www.business-humanrights.org/en/latest-news/perú-sociedad-civil-alerta-sobre-impactos-en-los-derechos-humanos-de-los-convenios-entre-la-policía-nacional-y-las-empresas-extractivas/,2019-02-21,1,False,other_allegations
AAL.L,Anglo American PLC,Anglo American,755461,other_allegations,2016-08-11,2016,https://www.business-humanrights.org/en/latest-news/chile-senador-pide-investigación-por-cuatro-derrames-de-desechos-mineros-2/,2016-08-11,1,False,other_allegations
AAL.L,Anglo American PLC,Anglo American,755461,other_allegations,2016-06-24,2016,https://www.business-humanrights.org/en/latest-news/chile-corte-suprema-de-justicia-confirma-fallo-contra-anglo-american-y-le-exige-remediación-ambiental-por-daños-causados-por-mina-el-soldado/,2016-06-24,1,False,other_allegations
AAL.L,Anglo American PLC,Anglo American,755461,other_allegations,2016-02-18,2016,https://www.business-humanrights.org/en/latest-news/chile-comunidades-locales-piden-a-anglo-american-responder-por-derrame-de-material-en-río/,2016-02-18,1,False,other_allegations
AAL.L,Anglo American PLC,Anglo American,755461,other_allegations,2013-11-08,2013,https://www.business-humanrights.org/en/latest-news/declaración-pública-2/,2013-11-08,1,False,other_allegations
AAL.L,Anglo American PLC,Anglo American,755461,other_allegations,2013-04-30,2013,https://www.business-humanrights.org/en/latest-news/pdf-minería-en-colombia-fundamentos-para-superar-el-modelo-extractivista/,2013-04-30,1,False,other_allegations
ABBN.S,Abb Ltd,ABB,755468,other_allegations,2024-08-19,2024,https://www.business-humanrights.org/en/latest-news/database-tools-of-war-in-the-weapon-of-the-aggressor/,2024-08-19,1,False,other_allegations
ABI.BR,Anheuser-Busch Inbev SA,Anheuser-Busch InBev,755837,hrd_attacks,2018-04-01,2018,https://www.business-humanrights.org/en/latest-news/national-union-of-workers-of-peruvian-backus-and-johnston/,2018-04-01,1,False,hrd_attacks
ABI.BR,Anheuser-Busch Inbev SA,Anheuser-Busch InBev,755837,hrd_attacks,2017-10-12,2017,https://www.business-humanrights.org/en/latest-news/luis-electerio-mejía/,2017-10-12,1,False,hrd_attacks
ABI.BR,Anheuser-Busch Inbev SA,Anheuser-Busch InBev,755837,lawsuits,2004-07-01,2004,https://www.business-humanrights.org/en/latest-news/matanza-riachuelo-lawsuit-re-argentina/,2004-07-01,1,False,lawsuits
ABNd.AS,ABN Amro Bank NV,ABN Amro,755493,other_allegations,2024-11-26,2024,https://www.business-humanrights.org/en/latest-news/israelopt-over-800-european-financial-institutions-had-financial-relationships-with-58-companies-actively-involved-in-the-illegal-israeli-settlements-report-finds/,2024-11-26,1,False,other_allegations
ACCP.PA,Accor SA,Accor,755543,other_allegations,2025-04-17,2025,https://www.business-humanrights.org/en/latest-news/5-china-report-links-accor-hilton-ihg-marriott-wyndham-to-xinjiang-hotels-with-forced-labor-risks-booking-sites-flagged-for-listings/,2025-04-17,1,False,other_allegations
ACCP.PA,Accor SA,Accor,755543,other_allegations,2022-10-20,2022,https://www.business-humanrights.org/en/latest-news/qatar-la-société-de-sécurité-des-bleus-écartée-par-la-fédération-française-de-football-suite-au-non-respect-des-droits-des-travailleurs/,2022-10-20,1,False,other_allegations
ACCP.PA,Accor SA,Accor,755543,other_allegations,2020-04-24,2020,https://www.business-humanrights.org/en/latest-news/im-trapped-the-uae-migrant-workers-left-stranded-by-covid-19-job-losses/,2020-04-24,1,False,other_allegations
ACS.MC,ACS Actividades de Construccion y Servicios SA,Grupo,757262,other_allegations,2025-09-26,2025,https://www.business-humanrights.org/en/latest-news/israelopt-un-updates-database-of-businesses-involved-in-illegal-israeli-settlements-listing-158-enterprises-from-11-countries/,2025-09-26,1,False,other_allegations
AD.AS,Koninklijke Ahold Delhaize NV,Ahold Delhaize,755513,other_allegations,2025-04-07,2025,https://www.business-humanrights.org/en/latest-news/complaint-against-ahold-delhaize-on-violations-of-the-oecd-guidelines-for-multinational-enterprises-on-responsible-business-conduct/,2025-04-07,1,False,other_allegations
AD.AS,Koninklijke Ahold Delhaize NV,Ahold Delhaize,755513,other_allegations,2024-03-20,2024,https://www.business-humanrights.org/en/latest-news/india-whistleblower-exposes-forced-labour-wage-theft-caste-discrimination-and-inhumane-conditions-in-major-shrimp-processing-plant-incl-co-response/,2024-03-20,1,False,other_allegations
AD.AS,Koninklijke Ahold Delhaize NV,Ahold Delhaize,755513,other_allegations,2023-06-21,2023,https://www.business-humanrights.org/en/latest-news/hannafords-hotline-fails-farmworkers/,2023-06-21,1,False,other_allegations
AD.AS,Koninklijke Ahold Delhaize NV,Ahold Delhaize,755513,other_allegations,2023-05-31,2023,https://www.business-humanrights.org/en/latest-news/migrant-workers-hold-up-vermonts-dairy-industry-and-are-fighting-for-better-working-conditions/,2023-05-31,1,False,other_allegations
AD.AS,Koninklijke Ahold Delhaize NV,Ahold Delhaize,755513,other_allegations,2023-02-14,2023,https://www.business-humanrights.org/en/latest-news/farmworker-group-says-hannafords-ethics-helpline-hasnt-fixed-living-conditions/,2023-02-14,1,False,other_allegations
ADEN.S,Adecco Group AG,Adecco Group,755481,other_allegations,2024-06-14,2024,https://www.business-humanrights.org/en/latest-news/new-zealand-over-a-thousand-migrant-workers-recruited-through-labour-suppliers-face-redundancy-says-union-incl-cos-comments/,2024-06-14,1,False,other_allegations
ADSGn.DE,Adidas AG,adidas,755798,hrd_attacks,2022-05-31,2022,https://www.business-humanrights.org/en/latest-news/noem-sokhoeun/,2022-05-31,1,False,hrd_attacks
ADSGn.DE,Adidas AG,adidas,755798,hrd_attacks,2022-05-31,2022,https://www.business-humanrights.org/en/latest-news/sean-sokleab/,2022-05-31,1,False,hrd_attacks
ADSGn.DE,Adidas AG,adidas,755798,hrd_attacks,2022-05-31,2022,https://www.business-humanrights.org/en/latest-news/pen-sophorn/,2022-05-31,1,False,hrd_attacks
ADSGn.DE,Adidas AG,adidas,755798,hrd_attacks,2021-02-05,2021,https://www.business-humanrights.org/en/latest-news/ma-ei-ei-phyu-federation-of-general-workers-myanmar-fgwm/,2021-02-05,1,False,hrd_attacks
ADSGn.DE,Adidas AG,adidas,755798,lawsuits,2014-07-14,2014,https://www.business-humanrights.org/en/latest-news/adidas-lawsuit-re-university-of-wisconsin/,2014-07-14,1,False,lawsuits
ADSGn.DE,Adidas AG,adidas,755798,lawsuits,2005-01-01,2005,https://www.business-humanrights.org/en/latest-news/sweatshop-labour-lawsuit-re-bolivian-migrant-workers-in-argentina/,2005-01-01,1,False,lawsuits
ADSGn.DE,Adidas AG,adidas,755798,other_allegations,2026-01-31,2026,https://www.business-humanrights.org/en/latest-news/south-asia-global-fashion-brands-textile-recycling-schemes-linked-to-labour-rights-risks-in-india-and-pakistan-arisa-findings/,2026-01-31,1,False,other_allegations
ADSGn.DE,Adidas AG,adidas,755798,other_allegations,2026-01-27,2026,https://www.business-humanrights.org/en/latest-news/global-trade-unions-in-adidas-supplier-countries-coordinate-action-following-the-companys-withdrawal-from-sectoral-agreements-in-germany/,2026-01-27,1,False,other_allegations
ADSGn.DE,Adidas AG,adidas,755798,other_allegations,2025-12-04,2025,https://www.business-humanrights.org/en/latest-news/luxury-fashion-firms-asked-for-documents-as-part-of-italian-labor-abuse-probe/,2025-12-04,1,False,other_allegations
ADSGn.DE,Adidas AG,adidas,755798,other_allegations,2025-10-22,2025,https://www.business-humanrights.org/en/latest-news/lieferkettengesetz-gilt-für-vietnam-und-herzogenaurach/,2025-10-22,1,False,other_allegations
ADSGn.DE,Adidas AG,adidas,755798,other_allegations,2025-10-09,2025,https://www.business-humanrights.org/en/latest-news/brazil-major-global-fashion-and-footwear-brands-are-linked-through-their-leather-supply-chains-to-producers-implicated-in-environmental-and-human-rights-harms-according-to-report/,2025-10-09,1,False,other_allegations
ADSGn.DE,Adidas AG,adidas,755798,other_allegations,2025-08-10,2025,https://www.business-humanrights.org/en/latest-news/méxico-el-estado-de-oaxaca-demanda-a-adidas-por-plagio-de-diseño-de-huaraches-de-comunidades-indígenas/,2025-08-10,1,False,other_allegations
ADSGn.DE,Adidas AG,adidas,755798,other_allegations,2025-05-14,2025,https://www.business-humanrights.org/en/latest-news/dachverband-der-kritischen-aktionärinnen-und-aktionäre-adidas-konfrontiert-beschäftigte-in-der-lieferkette-weiter-mit-hungerlöhnen/,2025-05-14,1,False,other_allegations
ADSGn.DE,Adidas AG,adidas,755798,other_allegations,2025-04-18,2025,https://www.business-humanrights.org/en/latest-news/promises-made-in-paris-olympics-run-up-broken-say-undocumented-workers/,2025-04-18,1,False,other_allegations
ADSGn.DE,Adidas AG,adidas,755798,other_allegations,2025-03-28,2025,https://www.business-humanrights.org/en/latest-news/germany-ngo-wins-greenwashing-lawsuits-against-lufthansa-and-adidas-over-misleading-sustainability-claims/,2025-03-28,1,False,other_allegations
ADSGn.DE,Adidas AG,adidas,755798,other_allegations,2025-03-06,2025,https://www.business-humanrights.org/en/latest-news/indonesia-nike-adidas-suppliers-lay-off-3500-workers-citing-reduction-in-orders-wpftc/,2025-03-06,1,False,other_allegations
ADSGn.DE,Adidas AG,adidas,755798,other_allegations,2025-02-11,2025,https://www.business-humanrights.org/en/latest-news/following-the-thread-labor-abuses-in-taiwans-textile-industry/,2025-02-11,1,False,other_allegations
ADSGn.DE,Adidas AG,adidas,755798,other_allegations,2025-01-04,2025,https://www.business-humanrights.org/en/latest-news/argentina-footwear-factory-announces-closure-while-workers-are-on-leave-citing-falling-sales-increased-imports/,2025-01-04,1,False,other_allegations
ADSGn.DE,Adidas AG,adidas,755798,other_allegations,2024-12-04,2024,https://www.business-humanrights.org/en/latest-news/die-first-and-ill-pay-you-later-saudi-arabias-giga-projects-built-on-widespread-labor-abuses/,2024-12-04,1,False,other_allegations
ADSGn.DE,Adidas AG,adidas,755798,other_allegations,2024-07-20,2024,https://www.business-humanrights.org/en/latest-news/israelpalestine-adidas-drops-half-palestinian-model-from-advertising-campaign-following-criticism-from-israel/,2024-07-20,1,False,other_allegations
ADSGn.DE,Adidas AG,adidas,755798,other_allegations,2024-05-07,2024,https://www.business-humanrights.org/en/latest-news/philippines-over-5000-garment-workers-lose-their-jobs-or-on-forced-leave-due-to-order-reductions/,2024-05-07,1,False,other_allegations
ADSGn.DE,Adidas AG,adidas,755798,other_allegations,2024-04-05,2024,https://www.business-humanrights.org/en/latest-news/arbeiter-auf-olympia-baustellen-in-paris-ein-stück-plastik-für-ihre-rechte/,2024-04-05,1,False,other_allegations
ADSGn.DE,Adidas AG,adidas,755798,other_allegations,2024-03-02,2024,https://www.business-humanrights.org/en/latest-news/myanmar-workers-demand-compensation-for-factory-relocation/,2024-03-02,1,False,other_allegations
ADSGn.DE,Adidas AG,adidas,755798,other_allegations,2023-09-06,2023,https://www.business-humanrights.org/en/latest-news/vietnam-older-garment-workers-allegedly-targeted-in-layoffs-at-pou-chen-factory/,2023-09-06,1,False,other_allegations
ADSGn.DE,Adidas AG,adidas,755798,other_allegations,2023-08-03,2023,https://www.business-humanrights.org/en/latest-news/cambodia-over-10000-garment-workers-across-eight-factories-suspended-or-terminated-due-to-the-economic-crisis-political-landscape/,2023-08-03,1,False,other_allegations
ADSGn.DE,Adidas AG,adidas,755798,other_allegations,2023-06-05,2023,https://www.business-humanrights.org/en/latest-news/indonesia-nine-factories-announce-mass-layoffs-amid-reduced-or-non-existent-buyer-orders/,2023-06-05,1,False,other_allegations
ADSGn.DE,Adidas AG,adidas,755798,other_allegations,2023-05-25,2023,https://www.business-humanrights.org/en/latest-news/indonesia-factory-lays-off-2000-workers-due-to-reduction-of-orders-from-buyers-amid-economic-crisis/,2023-05-25,1,False,other_allegations
ADSGn.DE,Adidas AG,adidas,755798,other_allegations,2023-05-06,2023,https://www.business-humanrights.org/en/latest-news/myanmar-workers-at-sanyuan-over-sea-1-reported-wage-theft-mandatory-overtime-and-intimidation/,2023-05-06,1,False,other_allegations
ADSGn.DE,Adidas AG,adidas,755798,other_allegations,2023-04-28,2023,https://www.business-humanrights.org/en/latest-news/china-workers-at-alleged-adidas-new-balance-supplier-strike-over-wage-dispute-as-international-orders-decline/,2023-04-28,1,False,other_allegations
ADSGn.DE,Adidas AG,adidas,755798,other_allegations,2022-12-16,2022,https://www.business-humanrights.org/en/latest-news/global-apparel-producing-countries-see-mass-layoffs-as-brands-cancel-reduce-orders-amid-cost-of-living-crises/,2022-12-16,1,False,other_allegations
ADSGn.DE,Adidas AG,adidas,755798,other_allegations,2022-11-03,2022,https://www.business-humanrights.org/en/latest-news/myanmar-thirty-nine-trade-union-leaders-at-adidas-supplier-reportedly-dismissed-after-strikes-over-pay-working-conditions/,2022-11-03,1,False,other_allegations
ADSGn.DE,Adidas AG,adidas,755798,other_allegations,2022-10-29,2022,https://www.business-humanrights.org/en/latest-news/philippines-manufacturers-attribute-retrenchment-to-reduction-of-clients-orders/,2022-10-29,1,False,other_allegations
ADSGn.DE,Adidas AG,adidas,755798,other_allegations,2022-10-12,2022,https://www.business-humanrights.org/en/latest-news/myanmar-over-1000-garment-workers-at-adidas-supplier-demand-wage-increase-amid-rising-living-costs/,2022-10-12,1,False,other_allegations
ADSGn.DE,Adidas AG,adidas,755798,other_allegations,2022-08-13,2022,https://www.business-humanrights.org/en/latest-news/myanmar-garment-workers-at-mango-supplier-report-labour-rights-violations-incl-forced-overtime-denial-of-leave-excessive-targets-incl-co-response/,2022-08-13,1,False,other_allegations
ADSGn.DE,Adidas AG,adidas,755798,other_allegations,2022-06-06,2022,https://www.business-humanrights.org/en/latest-news/cambodia-union-leaders-arrested-after-over-1000-workers-protest-outside-adidas-supplier-over-alleged-violations-incl-delayed-wages/,2022-06-06,1,False,other_allegations
ADSGn.DE,Adidas AG,adidas,755798,other_allegations,2021-12-01,2021,https://www.business-humanrights.org/en/latest-news/myanmar-5000-political-prisoners-released-from-insein-prison-including-union-leader-daw-myo-myo-aye-xing-jia-factory-workers/,2021-12-01,1,False,other_allegations
ADSGn.DE,Adidas AG,adidas,755798,other_allegations,2021-09-09,2021,https://www.business-humanrights.org/en/latest-news/myanmar-factory-workers-labour-rights-activists-allege-employers-are-not-doing-enough-to-prevent-the-spread-of-covid-19/,2021-09-09,1,False,other_allegations
ADSGn.DE,Adidas AG,adidas,755798,other_allegations,2016-03-31,2016,https://www.business-humanrights.org/en/latest-news/qatar-abuse-of-world-cup-workers-exposed/,2016-03-31,1,False,other_allegations
AFXG.DE,Carl Zeiss Meditec AG,ZEISS,899364,other_allegations,2024-08-19,2024,https://www.business-humanrights.org/en/latest-news/database-tools-of-war-in-the-weapon-of-the-aggressor/,2024-08-19,1,False,other_allegations
AKE.PA,Arkema SA,Arkema (part of Total),755683,other_allegations,2026-02-03,2026,https://www.business-humanrights.org/en/latest-news/france-200-riverains-assignent-arkema-et-daikin-chemical-pour-les-rejets-massifs-de-polluants-éternels-et-leur-impact-sanitaire-et-environnemental/,2026-02-03,1,False,other_allegations
AKRBP.OL,Aker BP ASA,Aker BP,926914,other_allegations,2022-03-25,2022,https://www.business-humanrights.org/en/latest-news/over-20-csos-address-letter-to-aker-bp-and-aker-asa-claiming-terms-of-lundin-energys-acquisition-do-not-meet-international-human-rights-standards/,2022-03-25,1,False,other_allegations
AKZO.AS,Akzo Nobel NV,Akzo Nobel,755514,other_allegations,2025-06-10,2025,https://www.business-humanrights.org/en/latest-news/china-new-report-identifies-more-than-100-companies-in-the-critical-minerals-supply-chians-exposed-to-forced-labour-risks-in-xinjiang/,2025-06-10,1,False,other_allegations
ALSO.PA,Alstom SA,Alstom,755609,lawsuits,2007-10-22,2007,https://www.business-humanrights.org/en/latest-news/veolia-alstom-lawsuit-re-jerusalem-rail-project/,2007-10-22,1,False,lawsuits
ALSO.PA,Alstom SA,Alstom,755609,other_allegations,2024-11-26,2024,https://www.business-humanrights.org/en/latest-news/israelopt-over-800-european-financial-institutions-had-financial-relationships-with-58-companies-actively-involved-in-the-illegal-israeli-settlements-report-finds/,2024-11-26,1,False,other_allegations
ALVG.DE,Allianz SE,Allianz,755605,hrd_attacks,2025-03-25,2025,https://www.business-humanrights.org/en/latest-news/uk-2a-25-march-2025/,2025-03-25,1,False,hrd_attacks
ALVG.DE,Allianz SE,Allianz,755605,other_allegations,2025-06-16,2025,https://www.business-humanrights.org/en/latest-news/report-from-unsr-on-opt-from-economy-of-occupation-to-economy-of-genocide-3/,2025-06-16,1,False,other_allegations
ALVG.DE,Allianz SE,Allianz,755605,other_allegations,2025-05-05,2025,https://www.business-humanrights.org/en/latest-news/report-from-kingfisher-to-the-lakes-how-human-rights-violations-in-eacop-hotspot-underscore-larger-trends-of-abuse-in-the-afdb-funded-leaf-ii-project-in-northwestern-uganda/,2025-05-05,1,False,other_allegations
ANDR.VI,Andritz AG,Andritz,755704,other_allegations,2025-04-28,2025,https://www.business-humanrights.org/en/latest-news/nepal-lahurnip-accountability-counsel-reports-find-financial-institutions-state-authorities-and-private-developers-repeatedly-violate-indigenous-peoples-fpic-rights-in-hydropower-projects-resulting-in-displacement-land-loss-and-threats-to-cu/,2025-04-28,1,False,other_allegations
ATCOa.ST,Atlas Copco AB,Atlas Copco,755780,other_allegations,2024-08-19,2024,https://www.business-humanrights.org/en/latest-news/database-tools-of-war-in-the-weapon-of-the-aggressor/,2024-08-19,1,False,other_allegations
AV.L,Aviva PLC,Aviva,755486,hrd_attacks,2025-03-25,2025,https://www.business-humanrights.org/en/latest-news/uk-2a-25-march-2025/,2025-03-25,1,False,hrd_attacks
AV.L,Aviva PLC,Aviva,755486,other_allegations,2025-05-05,2025,https://www.business-humanrights.org/en/latest-news/report-from-kingfisher-to-the-lakes-how-human-rights-violations-in-eacop-hotspot-underscore-larger-trends-of-abuse-in-the-afdb-funded-leaf-ii-project-in-northwestern-uganda/,2025-05-05,1,False,other_allegations
AV.L,Aviva PLC,Aviva,755486,other_allegations,2025-02-28,2025,https://www.business-humanrights.org/en/latest-news/uk-aviva-offices-targeted-in-direct-action-for-providing-insurance-to-elbit-factory-supplying-drones-to-israel/,2025-02-28,1,False,other_allegations
AXAF.PA,AXA SA,AXA,755547,hrd_attacks,2025-03-25,2025,https://www.business-humanrights.org/en/latest-news/uk-2a-25-march-2025/,2025-03-25,1,False,hrd_attacks
AXAF.PA,AXA SA,AXA,755547,other_allegations,2025-06-16,2025,https://www.business-humanrights.org/en/latest-news/report-from-unsr-on-opt-from-economy-of-occupation-to-economy-of-genocide-3/,2025-06-16,1,False,other_allegations
BAES.L,BAE Systems PLC,BAE Systems,755900,other_allegations,2025-04-29,2025,https://www.business-humanrights.org/en/latest-news/border-security-contracts-linked-to-small-boat-channel-crossings-2/,2025-04-29,1,False,other_allegations
BAES.L,BAE Systems PLC,BAE Systems,755900,other_allegations,2024-07-11,2024,https://www.business-humanrights.org/en/latest-news/un-experts-urge-arms-companies-investors-to-cese-end-arms-transfers-to-israel-immediately-or-risk-responsibility-for-human-rights-violations/,2024-07-11,1,False,other_allegations
BAES.L,BAE Systems PLC,BAE Systems,755900,other_allegations,2024-06-21,2024,https://www.business-humanrights.org/en/latest-news/expertos-de-la-onu-señalan-como-complicidad-en-violaciones-de-derechos-humanos-venta-de-armas-a-israel-por-parte-de-empresas/,2024-06-21,1,False,other_allegations
BAES.L,BAE Systems PLC,BAE Systems,755900,other_allegations,2023-12-07,2023,https://www.business-humanrights.org/en/latest-news/uk-hundreds-protest-outside-bae-systems-factories-demanding-end-to-its-arming-of-israels-murderous-war-machine-as-bombardment-on-gaza-continues/,2023-12-07,1,False,other_allegations
BAES.L,BAE Systems PLC,BAE Systems,755900,other_allegations,2022-03-17,2022,https://www.business-humanrights.org/en/latest-news/campaigners-accuse-the-uk-home-office-of-profiting-from-refugees-plight-by-hosting-an-arms-exhibition-for-border-security-cos-and-israeli-cyber-surveillance-firms-call-for-a-ban-on-the-two-way-arms-trade-with-israel/,2022-03-17,1,False,other_allegations
BALF.L,Balfour Beatty PLC,Balfour Beatty,755918,other_allegations,2016-04-12,2016,https://www.business-humanrights.org/en/latest-news/balfour-beatty-and-interserve-accused-of-migrant-worker-labour-abuses-in-qatar/,2016-04-12,1,False,other_allegations
BARC.L,Barclays PLC,Barclays,755917,hrd_attacks,2022-07-21,2022,https://www.business-humanrights.org/en/latest-news/rosemary-robinson/,2022-07-21,1,False,hrd_attacks
BARC.L,Barclays PLC,Barclays,755917,hrd_attacks,2022-07-21,2022,https://www.business-humanrights.org/en/latest-news/sandie-statford/,2022-07-21,1,False,hrd_attacks
BARC.L,Barclays PLC,Barclays,755917,hrd_attacks,2022-07-21,2022,https://www.business-humanrights.org/en/latest-news/phoebe-shaft/,2022-07-21,1,False,hrd_attacks
BARC.L,Barclays PLC,Barclays,755917,hrd_attacks,2022-07-21,2022,https://www.business-humanrights.org/en/latest-news/jane-rushby/,2022-07-21,1,False,hrd_attacks
BARC.L,Barclays PLC,Barclays,755917,hrd_attacks,2022-07-21,2022,https://www.business-humanrights.org/en/latest-news/imogen-wilde/,2022-07-21,1,False,hrd_attacks
BARC.L,Barclays PLC,Barclays,755917,other_allegations,2025-09-15,2025,https://www.business-humanrights.org/en/latest-news/iopt-report-by-uni-global-union-alliance-exposes-foreign-companies-profiting-from-illegal-israeli-settlements-in-the-west-bank-incl-east-jerusalem/,2025-09-15,1,False,other_allegations
BARC.L,Barclays PLC,Barclays,755917,other_allegations,2025-06-16,2025,https://www.business-humanrights.org/en/latest-news/report-from-unsr-on-opt-from-economy-of-occupation-to-economy-of-genocide-3/,2025-06-16,1,False,other_allegations
BARC.L,Barclays PLC,Barclays,755917,other_allegations,2025-04-29,2025,https://www.business-humanrights.org/en/latest-news/bank-transition-plans-a-roadmap-to-nowhere/,2025-04-29,1,False,other_allegations
BARC.L,Barclays PLC,Barclays,755917,other_allegations,2024-11-26,2024,https://www.business-humanrights.org/en/latest-news/israelopt-over-800-european-financial-institutions-had-financial-relationships-with-58-companies-actively-involved-in-the-illegal-israeli-settlements-report-finds/,2024-11-26,1,False,other_allegations
BARC.L,Barclays PLC,Barclays,755917,other_allegations,2024-06-17,2024,https://www.business-humanrights.org/en/latest-news/palestina-ante-genocidio-en-franja-de-gaza-empresas-intel-y-live-nation-retiran-inversiones-vinculadas-con-israel/,2024-06-17,1,False,other_allegations
BARN.S,Barry Callebaut AG,Barry Callebaut,755956,other_allegations,2025-03-03,2025,https://www.business-humanrights.org/en/latest-news/indonesia-un-accused/,2025-03-03,1,False,other_allegations
BARN.S,Barry Callebaut AG,Barry Callebaut,755956,other_allegations,2025-02-26,2025,https://www.business-humanrights.org/en/latest-news/living-wage-for-migrant-workers-in-the-palm-oil-plantations-in-sabah-malaysia/,2025-02-26,1,False,other_allegations
BARN.S,Barry Callebaut AG,Barry Callebaut,755956,other_allegations,2024-06-25,2024,https://www.business-humanrights.org/en/latest-news/indonesia-ngos-report-alleges-how-indonesias-second-largest-palm-oil-company-pt-astra-agro-lestari-aal-operations-causes-land-conflict-and-environmental-degradation-in-sulawesi/,2024-06-25,1,False,other_allegations
BARN.S,Barry Callebaut AG,Barry Callebaut,755956,other_allegations,2021-02-12,2021,https://www.business-humanrights.org/en/latest-news/usa-victims-of-child-trafficking-slavery-sue-major-chocolate-brands-incl-nestle-cargill-hershey-mars-alleging-they-knowingly-profited-from-the-forced-labor-of-children-harvesting-their-cocoa-beans/,2021-02-12,1,False,other_allegations
BASFn.DE,BASF SE,BASF,755901,lawsuits,2007-03-09,2007,https://www.business-humanrights.org/en/latest-news/shellbasf-lawsuit-re-brazil/,2007-03-09,1,False,lawsuits
BASFn.DE,BASF SE,BASF,755901,other_allegations,2026-03-20,2026,https://www.business-humanrights.org/en/latest-news/eu-eu-faces-pressure-from-south-african-activists-to-uphold-pledge-to-ban-toxic-pesticide-exports-despite-political-shift-to-the-right-and-rising-trade-tensions/,2026-03-20,1,False,other_allegations
BASFn.DE,BASF SE,BASF,755901,other_allegations,2026-01-21,2026,https://www.business-humanrights.org/en/latest-news/africa-european-union-stop-manufacturing-and-exporting-toxic-pesticides-banned-in-the-eu/,2026-01-21,1,False,other_allegations
BASFn.DE,BASF SE,BASF,755901,other_allegations,2025-11-06,2025,https://www.business-humanrights.org/en/latest-news/new-report-poison-for-profit-the-cost-of-eu-double-standards-on-biodiversity-human-health-and-livelihoods/,2025-11-06,1,False,other_allegations
BASFn.DE,BASF SE,BASF,755901,other_allegations,2025-10-04,2025,https://www.business-humanrights.org/en/latest-news/kenya-high-court-grants-pesticides-petition-class-action-status-opening-the-way-for-individuals-and-communities-affected-by-exposure-to-join-the-case/,2025-10-04,1,False,other_allegations
BASFn.DE,BASF SE,BASF,755901,other_allegations,2025-09-19,2025,https://www.business-humanrights.org/en/latest-news/kenya-activists-move-to-court-seeking-ban-on-toxic-pesticides/,2025-09-19,1,False,other_allegations
BASFn.DE,BASF SE,BASF,755901,other_allegations,2025-06-30,2025,https://www.business-humanrights.org/en/latest-news/indonesia-climate-rights-internationals-follow-up-report-reveals-ongoing-unaddressed-serious-human-rights-and-environmental-harms-allegedly-linked-to-nickel-mining-operations-in-halmahera-island/,2025-06-30,1,False,other_allegations
BASFn.DE,BASF SE,BASF,755901,other_allegations,2025-06-10,2025,https://www.business-humanrights.org/en/latest-news/china-new-report-identifies-more-than-100-companies-in-the-critical-minerals-supply-chians-exposed-to-forced-labour-risks-in-xinjiang/,2025-06-10,1,False,other_allegations
BASFn.DE,BASF SE,BASF,755901,other_allegations,2025-02-26,2025,https://www.business-humanrights.org/en/latest-news/living-wage-for-migrant-workers-in-the-palm-oil-plantations-in-sabah-malaysia/,2025-02-26,1,False,other_allegations
BASFn.DE,BASF SE,BASF,755901,other_allegations,2023-06-07,2023,https://www.business-humanrights.org/en/latest-news/part-1-how-filipinos-landed-in-belgiums-biggest-trafficking-scandal/,2023-06-07,1,False,other_allegations
BASFn.DE,BASF SE,BASF,755901,other_allegations,2023-04-04,2023,https://www.business-humanrights.org/en/latest-news/indonesia-uncontacted-tribe-may-not-survive-due-to-nickel-mining-for-electric-car-batteries/,2023-04-04,1,False,other_allegations
BASFn.DE,BASF SE,BASF,755901,other_allegations,2022-06-17,2022,https://www.business-humanrights.org/en/latest-news/germany-basfs-subsidiary-gas-oil-co-wintershall-keeps-profiting-from-russian-operations/,2022-06-17,1,False,other_allegations
BATS.L,British American Tobacco plc,British American Tobacco,755908,other_allegations,2025-11-13,2025,https://www.business-humanrights.org/en/latest-news/zambia-british-american-tobacco-allegedly-lobbied-to-weaken-zambia-tobacco-control-bill/,2025-11-13,1,False,other_allegations
BAYGn.DE,Bayer AG,Bayer,756020,other_allegations,2026-03-20,2026,https://www.business-humanrights.org/en/latest-news/eu-eu-faces-pressure-from-south-african-activists-to-uphold-pledge-to-ban-toxic-pesticide-exports-despite-political-shift-to-the-right-and-rising-trade-tensions/,2026-03-20,1,False,other_allegations
BAYGn.DE,Bayer AG,Bayer,756020,other_allegations,2026-02-18,2026,https://www.business-humanrights.org/en/latest-news/usa-bayer-schließt-sammelvergleich-mit-krebspatienten-zur-beilegung-von-roundup-klagen/,2026-02-18,1,False,other_allegations
BAYGn.DE,Bayer AG,Bayer,756020,other_allegations,2026-01-21,2026,https://www.business-humanrights.org/en/latest-news/africa-european-union-stop-manufacturing-and-exporting-toxic-pesticides-banned-in-the-eu/,2026-01-21,1,False,other_allegations
BAYGn.DE,Bayer AG,Bayer,756020,other_allegations,2025-11-06,2025,https://www.business-humanrights.org/en/latest-news/new-report-poison-for-profit-the-cost-of-eu-double-standards-on-biodiversity-human-health-and-livelihoods/,2025-11-06,1,False,other_allegations
BAYGn.DE,Bayer AG,Bayer,756020,other_allegations,2025-10-04,2025,https://www.business-humanrights.org/en/latest-news/kenya-high-court-grants-pesticides-petition-class-action-status-opening-the-way-for-individuals-and-communities-affected-by-exposure-to-join-the-case/,2025-10-04,1,False,other_allegations
BAYGn.DE,Bayer AG,Bayer,756020,other_allegations,2025-09-19,2025,https://www.business-humanrights.org/en/latest-news/kenya-activists-move-to-court-seeking-ban-on-toxic-pesticides/,2025-09-19,1,False,other_allegations
BAYGn.DE,Bayer AG,Bayer,756020,other_allegations,2025-03-24,2025,https://www.business-humanrights.org/en/latest-news/usa-bayer-condamné-à-21-milliards-de-dollars-dans-une-affaire-liée-au-désherbant-roundup-avec-co-de-lentreprise/,2025-03-24,1,False,other_allegations
BBVA.MC,Banco Bilbao Vizcaya Argentaria SA,BBVA,755971,other_allegations,2026-02-27,2026,https://www.business-humanrights.org/en/latest-news/uganda-banks-accused-of-back-door-funding-for-eacop-via-15bn-totalenergies-bond/,2026-02-27,1,False,other_allegations
BBVA.MC,Banco Bilbao Vizcaya Argentaria SA,BBVA,755971,other_allegations,2025-04-29,2025,https://www.business-humanrights.org/en/latest-news/bank-transition-plans-a-roadmap-to-nowhere/,2025-04-29,1,False,other_allegations
BBVA.MC,Banco Bilbao Vizcaya Argentaria SA,BBVA,755971,other_allegations,2024-11-26,2024,https://www.business-humanrights.org/en/latest-news/israelopt-over-800-european-financial-institutions-had-financial-relationships-with-58-companies-actively-involved-in-the-illegal-israeli-settlements-report-finds/,2024-11-26,1,False,other_allegations
BBVA.MC,Banco Bilbao Vizcaya Argentaria SA,BBVA,755971,other_allegations,2024-03-15,2024,https://www.business-humanrights.org/en/latest-news/global-financiamientos-de-bbva-y-santander-a-empresas-implicadas-en-el-genocidio-de-gaza/,2024-03-15,1,False,other_allegations
BCU.MI,Brunello Cucinelli SpA,Brunello Cucinelli,765517,other_allegations,2025-09-25,2025,https://www.business-humanrights.org/en/latest-news/italy-milan-stock-exchange-temporarily-suspends-brunello-cucinellis-shares-following-report-alleging-co-maintains-business-in-russia-in-violation-of-eu-sanctions-incl-co-comments/,2025-09-25,1,False,other_allegations
BKT.MC,Bankinter SA,Bankinter,756150,other_allegations,2024-11-26,2024,https://www.business-humanrights.org/en/latest-news/israelopt-over-800-european-financial-institutions-had-financial-relationships-with-58-companies-actively-involved-in-the-illegal-israeli-settlements-report-finds/,2024-11-26,1,False,other_allegations
BMWG.DE,Bayerische Motoren Werke AG,BMW,755904,hrd_attacks,2023-05-04,2023,https://www.business-humanrights.org/en/latest-news/3-trade-union-members/,2023-05-04,1,False,hrd_attacks
BMWG.DE,Bayerische Motoren Werke AG,BMW,755904,other_allegations,2026-03-09,2026,https://www.business-humanrights.org/en/latest-news/drc-a-new-investigation-reveals-how-the-worlds-largest-copper-cobalt-mines-have-allegedly-poisoned-communities-for-years-incl-company-responses/,2026-03-09,1,False,other_allegations
BMWG.DE,Bayerische Motoren Werke AG,BMW,755904,other_allegations,2025-11-25,2025,https://www.business-humanrights.org/en/latest-news/car-and-battery-makers-opted-not-to-act-despite-knowing-that-lead-recycling-factories-in-their-supply-chains-were-poisoning-people/,2025-11-25,1,False,other_allegations
BMWG.DE,Bayerische Motoren Werke AG,BMW,755904,other_allegations,2025-11-24,2025,https://www.business-humanrights.org/en/latest-news/guinea-a-new-report-highlights-concerns-and-expectations-of-rural-communities-at-risk-from-cbgs-plan-to-expand-its-mining-operation/,2025-11-24,1,False,other_allegations
BMWG.DE,Bayerische Motoren Werke AG,BMW,755904,other_allegations,2025-09-15,2025,https://www.business-humanrights.org/en/latest-news/report-the-destructive-indonesian-nickel-supply-chain-a-supply-chain-mapping-risk-assessment/,2025-09-15,1,False,other_allegations
BMWG.DE,Bayerische Motoren Werke AG,BMW,755904,other_allegations,2025-06-30,2025,https://www.business-humanrights.org/en/latest-news/indonesia-climate-rights-internationals-follow-up-report-reveals-ongoing-unaddressed-serious-human-rights-and-environmental-harms-allegedly-linked-to-nickel-mining-operations-in-halmahera-island/,2025-06-30,1,False,other_allegations
BMWG.DE,Bayerische Motoren Werke AG,BMW,755904,other_allegations,2025-06-01,2025,https://www.business-humanrights.org/en/latest-news/greenpeace-indonesia-reveal-how-nickel-mining-threatens-the-raja-ampat-biodiversity/,2025-06-01,1,False,other_allegations
BMWG.DE,Bayerische Motoren Werke AG,BMW,755904,other_allegations,2025-05-31,2025,https://www.business-humanrights.org/en/latest-news/china-more-than-30-automobile-brands-have-products-with-xinjiang-forced-labour-risks-investigation-found/,2025-05-31,1,False,other_allegations
BMWG.DE,Bayerische Motoren Werke AG,BMW,755904,other_allegations,2025-05-29,2025,https://www.business-humanrights.org/en/latest-news/far-from-home-uyghur-workers-in-factories-supplying-global-brands/,2025-05-29,1,False,other_allegations
BMWG.DE,Bayerische Motoren Werke AG,BMW,755904,other_allegations,2025-05-29,2025,https://www.business-humanrights.org/en/latest-news/chinas-economy-runs-on-uyghur-forced-labour/,2025-05-29,1,False,other_allegations
BMWG.DE,Bayerische Motoren Werke AG,BMW,755904,other_allegations,2025-04-01,2025,https://www.business-humanrights.org/en/latest-news/uk-regulator-fines-10-carmakers-2-trade-bodies-over-decision-not-to-compete-through-green-ad-collusion/,2025-04-01,1,False,other_allegations
BMWG.DE,Bayerische Motoren Werke AG,BMW,755904,other_allegations,2024-08-13,2024,https://www.business-humanrights.org/en/latest-news/marokko-arbeiter-bei-bmw-zulieferer-bestreiken-kobaltmine-wegen-ausstehender-löhne-und-schlechter-arbeitsbedingungen/,2024-08-13,1,False,other_allegations
BMWG.DE,Bayerische Motoren Werke AG,BMW,755904,other_allegations,2024-06-17,2024,https://www.business-humanrights.org/en/latest-news/indonesia-hidden-labour-and-environmental-costs-in-nickel-supply-chains-challenge-ev-makers-responsible-sourcing-pledges/,2024-06-17,1,False,other_allegations
BMWG.DE,Bayerische Motoren Werke AG,BMW,755904,other_allegations,2024-05-09,2024,https://www.business-humanrights.org/en/latest-news/morocco-bmw-confirms-there-are-environmental-problems-at-managems-cobalt-mine/,2024-05-09,1,False,other_allegations
BMWG.DE,Bayerische Motoren Werke AG,BMW,755904,other_allegations,2024-01-10,2024,https://www.business-humanrights.org/en/latest-news/indonesia-fatal-fire-followed-by-two-more-workplace-accidents-at-nickel-facilities-imip-safety-standard-under-scrutiny/,2024-01-10,1,False,other_allegations
BMWG.DE,Bayerische Motoren Werke AG,BMW,755904,other_allegations,2023-07-04,2023,https://www.business-humanrights.org/en/latest-news/morocco-a-report-denounces-alleged-poor-working-conditions-in-cobalt-mines-sourcing-renault-and-bmw-incl-co-comments/,2023-07-04,1,False,other_allegations
BMWG.DE,Bayerische Motoren Werke AG,BMW,755904,other_allegations,2023-02-07,2023,https://www.business-humanrights.org/en/latest-news/report-driving-force-automotive-supply-chains-and-forced-labor-in-the-uyghur-region/,2023-02-07,1,False,other_allegations
BMWG.DE,Bayerische Motoren Werke AG,BMW,755904,other_allegations,2022-12-12,2022,https://www.business-humanrights.org/en/latest-news/bmw-supplier-livents-lithium-mining-activities-in-argentina-could-have-negative-human-rights-impacts-and-harm-the-environment-according-to-media-reports/,2022-12-12,1,False,other_allegations
BNPP.PA,BNP Paribas SA,BNP Paribas,755929,hrd_attacks,2020-04-07,2020,https://www.business-humanrights.org/en/latest-news/ibrahimo-abu-mbaruco/,2020-04-07,1,False,hrd_attacks
BNPP.PA,BNP Paribas SA,BNP Paribas,755929,lawsuits,2023-02-27,2023,https://www.business-humanrights.org/en/latest-news/bnp-paribas-lawsuit-re-deforestation-in-the-amazon-filed-in-france/,2023-02-27,1,False,lawsuits
BNPP.PA,BNP Paribas SA,BNP Paribas,755929,lawsuits,2022-10-25,2022,https://www.business-humanrights.org/en/latest-news/bnp-paribas-lawsuit-re-fossil-fuel-investment-filed-in-france/,2022-10-25,1,False,lawsuits
BNPP.PA,BNP Paribas SA,BNP Paribas,755929,other_allegations,2026-02-10,2026,https://www.business-humanrights.org/en/latest-news/papua-new-guinea-banks-decline-to-finance-totalenergies-lng-project-in/,2026-02-10,1,False,other_allegations
BNPP.PA,BNP Paribas SA,BNP Paribas,755929,other_allegations,2026-01-31,2026,https://www.business-humanrights.org/en/latest-news/global-the-hidden-money-behind-deep-sea-mining-incl-investors-comments/,2026-01-31,1,False,other_allegations
BNPP.PA,BNP Paribas SA,BNP Paribas,755929,other_allegations,2025-11-24,2025,https://www.business-humanrights.org/en/latest-news/guinea-a-new-report-highlights-concerns-and-expectations-of-rural-communities-at-risk-from-cbgs-plan-to-expand-its-mining-operation/,2025-11-24,1,False,other_allegations
BNPP.PA,BNP Paribas SA,BNP Paribas,755929,other_allegations,2025-11-20,2025,https://www.business-humanrights.org/en/latest-news/des-ong-accusent-4-banques-françaises-de-financer-la-déforestation-en-amazonie-avec-le-commentaires-des-entreprises/,2025-11-20,1,False,other_allegations
BNPP.PA,BNP Paribas SA,BNP Paribas,755929,other_allegations,2025-09-29,2025,https://www.business-humanrights.org/en/latest-news/multilateral-development-banks-mdbs-should-halt-their-financing-towards-the-lng-liquefied-natural-gas-tangguh-project-in-papua-as-it-threatens-indigenous-rights-and-livelihoods-and-worsens-the-climate-crisis-recourse-says/,2025-09-29,1,False,other_allegations
BNPP.PA,BNP Paribas SA,BNP Paribas,755929,other_allegations,2025-09-15,2025,https://www.business-humanrights.org/en/latest-news/iopt-report-by-uni-global-union-alliance-exposes-foreign-companies-profiting-from-illegal-israeli-settlements-in-the-west-bank-incl-east-jerusalem/,2025-09-15,1,False,other_allegations
BNPP.PA,BNP Paribas SA,BNP Paribas,755929,other_allegations,2025-09-15,2025,https://www.business-humanrights.org/en/latest-news/etats-unis-procès-civil-de-bnp-paribas-accusée-par-des-réfugiés-davoir-joué-un-rôle-direct-dans-les-massacres-de-la-population-au-soudan/,2025-09-15,1,False,other_allegations
BNPP.PA,BNP Paribas SA,BNP Paribas,755929,other_allegations,2025-06-27,2025,https://www.business-humanrights.org/en/latest-news/france-bnp-paribas-assigné-en-justice-pour-avoir-omis-de-mentionner-ses-liens-avec-israël/,2025-06-27,1,False,other_allegations
BNPP.PA,BNP Paribas SA,BNP Paribas,755929,other_allegations,2025-06-16,2025,https://www.business-humanrights.org/en/latest-news/report-from-unsr-on-opt-from-economy-of-occupation-to-economy-of-genocide-3/,2025-06-16,1,False,other_allegations
BNPP.PA,BNP Paribas SA,BNP Paribas,755929,other_allegations,2025-05-05,2025,https://www.business-humanrights.org/en/latest-news/report-from-kingfisher-to-the-lakes-how-human-rights-violations-in-eacop-hotspot-underscore-larger-trends-of-abuse-in-the-afdb-funded-leaf-ii-project-in-northwestern-uganda/,2025-05-05,1,False,other_allegations
BNPP.PA,BNP Paribas SA,BNP Paribas,755929,other_allegations,2025-04-29,2025,https://www.business-humanrights.org/en/latest-news/bank-transition-plans-a-roadmap-to-nowhere/,2025-04-29,1,False,other_allegations
BNPP.PA,BNP Paribas SA,BNP Paribas,755929,other_allegations,2025-03-24,2025,https://www.business-humanrights.org/en/latest-news/greenwashing-bancaire-des-fonds-dépargne-verts-toujours-liés-aux-hydrocarbures-selon-reclaim-finance/,2025-03-24,1,False,other_allegations
BNPP.PA,BNP Paribas SA,BNP Paribas,755929,other_allegations,2025-03-11,2025,https://www.business-humanrights.org/en/latest-news/cameroun-face-à-de-nouvelles-accusations-dabus-sexuels-et-daccaparement-de-terres-par-sa-filiale-socfin-sexplique/,2025-03-11,1,False,other_allegations
BNPP.PA,BNP Paribas SA,BNP Paribas,755929,other_allegations,2024-11-26,2024,https://www.business-humanrights.org/en/latest-news/israelopt-over-800-european-financial-institutions-had-financial-relationships-with-58-companies-actively-involved-in-the-illegal-israeli-settlements-report-finds/,2024-11-26,1,False,other_allegations
BNPP.PA,BNP Paribas SA,BNP Paribas,755929,other_allegations,2024-07-02,2024,https://www.business-humanrights.org/en/latest-news/taiwan-vietnamese-thai-workers-subcontracted-on-samsung-ct-rseas-new-airport-build-tell-of-fee-charging-abusive-practices-as-a-quarter-prefer-undocumented-work/,2024-07-02,1,False,other_allegations
BNPP.PA,BNP Paribas SA,BNP Paribas,755929,other_allegations,2023-04-18,2023,https://www.business-humanrights.org/en/latest-news/indonesia-nickel-waste-disposal-by-harita-group-shown-to-have-polluted-water-sources-on-obi-island-ngo-report-says/,2023-04-18,1,False,other_allegations
BOL.ST,Boliden AB,Boliden,755935,lawsuits,2013-09-12,2013,https://www.business-humanrights.org/en/latest-news/boliden-lawsuit-re-chile/,2013-09-12,1,False,lawsuits
BOLL.PA,Bollore SE,Bolloré,760997,hrd_attacks,2016-02-04,2016,https://www.business-humanrights.org/en/latest-news/shiaka-musa-sama/,2016-02-04,1,False,hrd_attacks
BOLL.PA,Bollore SE,Bolloré,760997,hrd_attacks,2016-02-04,2016,https://www.business-humanrights.org/en/latest-news/lahai-sellu/,2016-02-04,1,False,hrd_attacks
BOLL.PA,Bollore SE,Bolloré,760997,hrd_attacks,2016-02-04,2016,https://www.business-humanrights.org/en/latest-news/foday-musa/,2016-02-04,1,False,hrd_attacks
BOLL.PA,Bollore SE,Bolloré,760997,hrd_attacks,2016-02-04,2016,https://www.business-humanrights.org/en/latest-news/musa-sellu/,2016-02-04,1,False,hrd_attacks
BOLL.PA,Bollore SE,Bolloré,760997,hrd_attacks,2016-02-04,2016,https://www.business-humanrights.org/en/latest-news/kinnie-james-blango/,2016-02-04,1,False,hrd_attacks
BOLL.PA,Bollore SE,Bolloré,760997,hrd_attacks,2016-02-04,2016,https://www.business-humanrights.org/en/latest-news/sima-mattia/,2016-02-04,1,False,hrd_attacks
BOLL.PA,Bollore SE,Bolloré,760997,other_allegations,2026-02-15,2026,https://www.business-humanrights.org/en/latest-news/afriqueasie-un-film-retrace-la-bataille-judiciaire-engagée-par-les-communautés-locales-contre-bolloré-et-sa-filiale-socfin/,2026-02-15,1,False,other_allegations
BOLL.PA,Bollore SE,Bolloré,760997,other_allegations,2025-12-30,2025,https://www.business-humanrights.org/en/latest-news/laffaiblissement-du-devoir-de-vigilance-européen-risque-daccroître-les-violations-des-droits-humains-impliquant-des-entreprises-qui-opèrent-en-afrique-selon-des-experts/,2025-12-30,1,False,other_allegations
BOLL.PA,Bollore SE,Bolloré,760997,other_allegations,2025-12-17,2025,https://www.business-humanrights.org/en/latest-news/afrique-mobilisation-pour-le-retour-des-biens-acquis-dans-le-cadre-de-la-lutte-contre-la-corruption-impliquant-des-multinationales/,2025-12-17,1,False,other_allegations
BOLL.PA,Bollore SE,Bolloré,760997,other_allegations,2025-03-19,2025,https://www.business-humanrights.org/en/latest-news/france-des-organisations-de-la-société-civile-africaine-portent-plainte-contre-le-groupe-bolloré-pour-recel-et-blanchiment-dargent/,2025-03-19,1,False,other_allegations
BOLL.PA,Bollore SE,Bolloré,760997,other_allegations,2025-03-11,2025,https://www.business-humanrights.org/en/latest-news/cameroun-face-à-de-nouvelles-accusations-dabus-sexuels-et-daccaparement-de-terres-par-sa-filiale-socfin-sexplique/,2025-03-11,1,False,other_allegations
BOUY.PA,Bouygues SA,Bouygues,755923,other_allegations,2025-04-18,2025,https://www.business-humanrights.org/en/latest-news/promises-made-in-paris-olympics-run-up-broken-say-undocumented-workers/,2025-04-18,1,False,other_allegations
BOUY.PA,Bouygues SA,Bouygues,755923,other_allegations,2024-04-05,2024,https://www.business-humanrights.org/en/latest-news/arbeiter-auf-olympia-baustellen-in-paris-ein-stück-plastik-für-ihre-rechte/,2024-04-05,1,False,other_allegations
BP.L,BP PLC,bp,755899,hrd_attacks,2020-12-15,2020,https://www.business-humanrights.org/en/latest-news/adelso-josé-gallo-tozcano-congreso-de-los-pueblos-peoples-congress/,2020-12-15,1,False,hrd_attacks
BP.L,BP PLC,bp,755899,lawsuits,2017-07-17,2017,https://www.business-humanrights.org/en/latest-news/california-communities-lawsuit-against-37-fossil-fuel-companies-re-climate-change-compensation/,2017-07-17,1,False,lawsuits
BP.L,BP PLC,bp,755899,lawsuits,2014-11-09,2014,https://www.business-humanrights.org/en/latest-news/bp-lawsuits-re-casanare-colombia/,2014-11-09,1,False,lawsuits
BP.L,BP PLC,bp,755899,lawsuits,2012-02-28,2012,https://www.business-humanrights.org/en/latest-news/bp-lawsuits-re-casanare-colombia-1/,2012-02-28,1,False,lawsuits
BP.L,BP PLC,bp,755899,lawsuits,2010-04-25,2010,https://www.business-humanrights.org/en/latest-news/us-deepwater-horizon-explosion-oil-spill-lawsuits/,2010-04-25,1,False,lawsuits
BP.L,BP PLC,bp,755899,lawsuits,2008-12-01,2008,https://www.business-humanrights.org/en/latest-news/bp-lawsuit-re-colombia/,2008-12-01,1,False,lawsuits
BP.L,BP PLC,bp,755899,lawsuits,2008-02-26,2008,https://www.business-humanrights.org/en/latest-news/kivalina-lawsuit-re-global-warming/,2008-02-26,1,False,lawsuits
BP.L,BP PLC,bp,755899,lawsuits,1999-10-21,1999,https://www.business-humanrights.org/en/latest-news/bp-lawsuit-re-alaska/,1999-10-21,1,False,lawsuits
BP.L,BP PLC,bp,755899,other_allegations,2026-04-16,2026,https://www.business-humanrights.org/en/latest-news/kenya-locals-sue-bp-for-deadly-pollution-linked-to-1980s-exploration-in-the-chalbi-desert/,2026-04-16,1,False,other_allegations
BP.L,BP PLC,bp,755899,other_allegations,2026-02-07,2026,https://www.business-humanrights.org/en/latest-news/sénégal-une-plainte-déposée-par-des-pêcheurs-auprès-du-point-de-contact/,2026-02-07,1,False,other_allegations
BP.L,BP PLC,bp,755899,other_allegations,2025-09-29,2025,https://www.business-humanrights.org/en/latest-news/multilateral-development-banks-mdbs-should-halt-their-financing-towards-the-lng-liquefied-natural-gas-tangguh-project-in-papua-as-it-threatens-indigenous-rights-and-livelihoods-and-worsens-the-climate-crisis-recourse-says/,2025-09-29,1,False,other_allegations
BP.L,BP PLC,bp,755899,other_allegations,2025-06-16,2025,https://www.business-humanrights.org/en/latest-news/report-from-unsr-on-opt-from-economy-of-occupation-to-economy-of-genocide-3/,2025-06-16,1,False,other_allegations
BP.L,BP PLC,bp,755899,other_allegations,2025-05-30,2025,https://www.business-humanrights.org/en/latest-news/usa-oil-companies-sued-over-wrongful-death-allegedly-linked-to-climate-change/,2025-05-30,1,False,other_allegations
BP.L,BP PLC,bp,755899,other_allegations,2025-05-14,2025,https://www.business-humanrights.org/en/latest-news/major-fossil-fuel-companies-were-allegedly-aware-of-the-climate-impact-of-carbon-emissions-from-fossil-fuels-since-the-1950s-and-actively-misled-the-public-on-climate-impacts-2/,2025-05-14,1,False,other_allegations
BP.L,BP PLC,bp,755899,other_allegations,2025-05-06,2025,https://www.business-humanrights.org/en/latest-news/puerto-rico-government-drops-climate-lawsuit-against-major-oil-companies/,2025-05-06,1,False,other_allegations
BP.L,BP PLC,bp,755899,other_allegations,2025-03-27,2025,https://www.business-humanrights.org/en/latest-news/der-stille-genozid-in-westpapua/,2025-03-27,1,False,other_allegations
BP.L,BP PLC,bp,755899,other_allegations,2024-12-05,2024,https://www.business-humanrights.org/en/latest-news/brazil-at-least-two-certified-plants-involved-in-supplying-ethanol-to-major-global-airlines-have-been-implicated-in-recent-slave-labour-scandals-says-report-inclcompanies-comments/,2024-12-05,1,False,other_allegations
BP.L,BP PLC,bp,755899,other_allegations,2024-08-20,2024,https://www.business-humanrights.org/en/latest-news/israelpalestine-report-exposes-ongoing-corporate-and-governmental-complicity-in-supplying-fuel-for-violent-conflicts-despite-icj-rulings/,2024-08-20,1,False,other_allegations
BP.L,BP PLC,bp,755899,other_allegations,2023-09-19,2023,https://www.business-humanrights.org/en/latest-news/letter-to-bp-regarding-its-operations-in-nagorno-karabakh-area/,2023-09-19,1,False,other_allegations
BP.L,BP PLC,bp,755899,other_allegations,2022-02-08,2022,https://www.business-humanrights.org/en/latest-news/report-flames-of-toxicity-environmental-and-social-impacts-of-azerbaijans-oil-and-gas-development/,2022-02-08,1,False,other_allegations
CABK.MC,CaixaBank SA,CaixaBank (part of La Caixa),760598,other_allegations,2024-03-15,2024,https://www.business-humanrights.org/en/latest-news/global-financiamientos-de-bbva-y-santander-a-empresas-implicadas-en-el-genocidio-de-gaza/,2024-03-15,1,False,other_allegations
CAGR.PA,Credit Agricole SA,Crédit Agricole,756227,other_allegations,2026-02-10,2026,https://www.business-humanrights.org/en/latest-news/papua-new-guinea-banks-decline-to-finance-totalenergies-lng-project-in/,2026-02-10,1,False,other_allegations
CAGR.PA,Credit Agricole SA,Crédit Agricole,756227,other_allegations,2026-01-31,2026,https://www.business-humanrights.org/en/latest-news/global-the-hidden-money-behind-deep-sea-mining-incl-investors-comments/,2026-01-31,1,False,other_allegations
CAGR.PA,Credit Agricole SA,Crédit Agricole,756227,other_allegations,2025-11-27,2025,https://www.business-humanrights.org/en/latest-news/uganda-new-sets-of-testimonies-confirmed-continuation-of-livelihood-impacts-foa-suppression-gender-based-violence-and-arbitrary-arrests-at-eacops-kingfisher-development-area/,2025-11-27,1,False,other_allegations
CAGR.PA,Credit Agricole SA,Crédit Agricole,756227,other_allegations,2025-11-24,2025,https://www.business-humanrights.org/en/latest-news/guinea-a-new-report-highlights-concerns-and-expectations-of-rural-communities-at-risk-from-cbgs-plan-to-expand-its-mining-operation/,2025-11-24,1,False,other_allegations
CAGR.PA,Credit Agricole SA,Crédit Agricole,756227,other_allegations,2025-11-20,2025,https://www.business-humanrights.org/en/latest-news/des-ong-accusent-4-banques-françaises-de-financer-la-déforestation-en-amazonie-avec-le-commentaires-des-entreprises/,2025-11-20,1,False,other_allegations
CAGR.PA,Credit Agricole SA,Crédit Agricole,756227,other_allegations,2025-09-29,2025,https://www.business-humanrights.org/en/latest-news/multilateral-development-banks-mdbs-should-halt-their-financing-towards-the-lng-liquefied-natural-gas-tangguh-project-in-papua-as-it-threatens-indigenous-rights-and-livelihoods-and-worsens-the-climate-crisis-recourse-says/,2025-09-29,1,False,other_allegations
CAGR.PA,Credit Agricole SA,Crédit Agricole,756227,other_allegations,2025-05-05,2025,https://www.business-humanrights.org/en/latest-news/report-from-kingfisher-to-the-lakes-how-human-rights-violations-in-eacop-hotspot-underscore-larger-trends-of-abuse-in-the-afdb-funded-leaf-ii-project-in-northwestern-uganda/,2025-05-05,1,False,other_allegations
CAGR.PA,Credit Agricole SA,Crédit Agricole,756227,other_allegations,2025-04-29,2025,https://www.business-humanrights.org/en/latest-news/bank-transition-plans-a-roadmap-to-nowhere/,2025-04-29,1,False,other_allegations
CAGR.PA,Credit Agricole SA,Crédit Agricole,756227,other_allegations,2025-03-24,2025,https://www.business-humanrights.org/en/latest-news/greenwashing-bancaire-des-fonds-dépargne-verts-toujours-liés-aux-hydrocarbures-selon-reclaim-finance/,2025-03-24,1,False,other_allegations
CAGR.PA,Credit Agricole SA,Crédit Agricole,756227,other_allegations,2024-12-19,2024,https://www.business-humanrights.org/en/latest-news/urgent-call-to-withdraw-financial-support-for-totalenergies-mozambique-lng-project-and-endorse-the-call-for-an-independent-international-investigation-into-reported-human-rights-violations-associated-with-its-afungi-premises/,2024-12-19,1,False,other_allegations
CAGR.PA,Credit Agricole SA,Crédit Agricole,756227,other_allegations,2024-11-26,2024,https://www.business-humanrights.org/en/latest-news/israelopt-over-800-european-financial-institutions-had-financial-relationships-with-58-companies-actively-involved-in-the-illegal-israeli-settlements-report-finds/,2024-11-26,1,False,other_allegations
CAPP.PA,Capgemini SE,Capgemini,756412,other_allegations,2026-04-15,2026,https://www.business-humanrights.org/en/latest-news/usa-thompson-reuters-allegedly-granted-ice-access-to-investigative-tool-for-law-enforcement-use-incl-co-comments/,2026-04-15,1,False,other_allegations
CAPP.PA,Capgemini SE,Capgemini,756412,other_allegations,2026-02-01,2026,https://www.business-humanrights.org/en/latest-news/france-tech-giant-capgemini-to-sell-us-subsidiary-accused-of-providing-services-to-ice/,2026-02-01,1,False,other_allegations
CAPP.PA,Capgemini SE,Capgemini,756412,other_allegations,2026-02-01,2026,https://www.business-humanrights.org/en/latest-news/etats-unis-capgemini-se-sépare-de-de-sa-filiale-travaillant-pour-lagence-américaine-de-limmigration-ice/,2026-02-01,1,False,other_allegations
CAPP.PA,Capgemini SE,Capgemini,756412,other_allegations,2026-01-31,2026,https://www.business-humanrights.org/en/latest-news/usa-subsidiary-of-french-tech-firm-capgemini-accused-of-providing-services-to-ice-to-help-the-agency-trace-and-expel-migrants/,2026-01-31,1,False,other_allegations
CARR.PA,Carrefour SA,Carrefour ,756211,lawsuits,2025-03-01,2025,https://www.business-humanrights.org/en/latest-news/carrefour-lawsuit-re-human-rights-and-environmental-issues-in-tuna-supply-chain-filed-in-france/,2025-03-01,1,False,lawsuits
CARR.PA,Carrefour SA,Carrefour ,756211,other_allegations,2025-09-15,2025,https://www.business-humanrights.org/en/latest-news/iopt-report-by-uni-global-union-alliance-exposes-foreign-companies-profiting-from-illegal-israeli-settlements-in-the-west-bank-incl-east-jerusalem/,2025-09-15,1,False,other_allegations
CARR.PA,Carrefour SA,Carrefour ,756211,other_allegations,2025-06-10,2025,https://www.business-humanrights.org/en/latest-news/china-new-report-identifies-more-than-100-companies-in-the-critical-minerals-supply-chians-exposed-to-forced-labour-risks-in-xinjiang/,2025-06-10,1,False,other_allegations
CARR.PA,Carrefour SA,Carrefour ,756211,other_allegations,2025-05-14,2025,https://www.business-humanrights.org/en/latest-news/kenya-nairobi-health-committee-orders-closure-of-carrefour-naivas-supermarkets-due-to-health-violations-expired-products/,2025-05-14,1,False,other_allegations
CARR.PA,Carrefour SA,Carrefour ,756211,other_allegations,2025-03-17,2025,https://www.business-humanrights.org/en/latest-news/france-bloom-et-foodwatch-assignent-carrefour-en-justice-pour-manquement-à-son-devoir-de-vigilance-dans-sa-filière-thonière-avec-co-de-lentreprise/,2025-03-17,1,False,other_allegations
CARR.PA,Carrefour SA,Carrefour ,756211,other_allegations,2025-01-10,2025,https://www.business-humanrights.org/en/latest-news/oman-carrefour-branches-close-amid-widespread-boycott-diversity-sanctions-campaigns/,2025-01-10,1,False,other_allegations
CARR.PA,Carrefour SA,Carrefour ,756211,other_allegations,2024-11-26,2024,https://www.business-humanrights.org/en/latest-news/israelopt-over-800-european-financial-institutions-had-financial-relationships-with-58-companies-actively-involved-in-the-illegal-israeli-settlements-report-finds/,2024-11-26,1,False,other_allegations
CARR.PA,Carrefour SA,Carrefour ,756211,other_allegations,2024-11-06,2024,https://www.business-humanrights.org/en/latest-news/jordan-carrefour-announces-closure-of-all-branches-in-jordan-following-boycott-campaign-over-reported-complicity-in-occupation-of-palestine-alleged-support-for-soldiers-during-war-on-gaza/,2024-11-06,1,False,other_allegations
CARR.PA,Carrefour SA,Carrefour ,756211,other_allegations,2024-10-21,2024,https://www.business-humanrights.org/en/latest-news/saudi-arabia-i-would-fear-going-to-work-labour-exploitation-at-carrefour-sites-in-saudi-arabia/,2024-10-21,1,False,other_allegations
CARR.PA,Carrefour SA,Carrefour ,756211,other_allegations,2024-07-18,2024,https://www.business-humanrights.org/en/latest-news/myanmar-workers-face-series-of-abuses-including-pregnancy-discrimination-at-garment-factory/,2024-07-18,1,False,other_allegations
CARR.PA,Carrefour SA,Carrefour ,756211,other_allegations,2024-05-14,2024,https://www.business-humanrights.org/en/latest-news/myanmar-garment-workers-intimidated-into-doing-overtime-shifts/,2024-05-14,1,False,other_allegations
CARR.PA,Carrefour SA,Carrefour ,756211,other_allegations,2024-03-03,2024,https://www.business-humanrights.org/en/latest-news/saudi-arabia-companies-opt-for-subcontracting-over-direct-hires-resulting-in-acute-unchecked-exploitation-of-migrant-workers/,2024-03-03,1,False,other_allegations
CARR.PA,Carrefour SA,Carrefour ,756211,other_allegations,2024-02-17,2024,https://www.business-humanrights.org/en/latest-news/france-demonstrations-held-at-carrefour-stores-over-alleged-provision-of-food-to-israeli-soldiers-amid-attacks-on-gaza-operations-in-illegal-settlements/,2024-02-17,1,False,other_allegations
CARR.PA,Carrefour SA,Carrefour ,756211,other_allegations,2023-12-20,2023,https://www.business-humanrights.org/en/latest-news/myanmar-garment-workers-face-difficulties-withdrawing-wages-following-payment-system-change/,2023-12-20,1,False,other_allegations
CARR.PA,Carrefour SA,Carrefour ,756211,other_allegations,2023-11-02,2023,https://www.business-humanrights.org/en/latest-news/global-convocan-boicot-a-carrefour-hp-y-puma-como-presión-para-parar-masacres-en-gaza-por-parte-de-israel/,2023-11-02,1,False,other_allegations
CARR.PA,Carrefour SA,Carrefour ,756211,other_allegations,2023-09-14,2023,https://www.business-humanrights.org/en/latest-news/myanmar-garment-workers-at-myanmar-guotai-huasheng-glory-factory-state-management-is-committing-violations-not-resolving-workplace-issues/,2023-09-14,1,False,other_allegations
CARR.PA,Carrefour SA,Carrefour ,756211,other_allegations,2023-07-20,2023,https://www.business-humanrights.org/en/latest-news/myanmar-workers-at-myanmar-guotai-huasheng-glory-fashion-reported-unfair-dismissal-child-labour-and-lack-of-dining-facility/,2023-07-20,1,False,other_allegations
CARR.PA,Carrefour SA,Carrefour ,756211,other_allegations,2023-06-13,2023,https://www.business-humanrights.org/en/latest-news/myanmar-garment-workers-to-receive-pay-rise-following-protests/,2023-06-13,1,False,other_allegations
CARR.PA,Carrefour SA,Carrefour ,756211,other_allegations,2023-01-19,2023,https://www.business-humanrights.org/en/latest-news/myanmar-garment-workers-at-myanmar-guotai-huasheng-glory-factory-report-discrimination-against-former-union-members-and-violations-of-workers-rights/,2023-01-19,1,False,other_allegations
CARR.PA,Carrefour SA,Carrefour ,756211,other_allegations,2022-12-30,2022,https://www.business-humanrights.org/en/latest-news/myanmar-workplace-coordination-committees-formed-since-the-coup-in-garment-factories-allegedly-operate-in-collusion-with-employers-to-oppress-workers/,2022-12-30,1,False,other_allegations
CARR.PA,Carrefour SA,Carrefour ,756211,other_allegations,2022-12-16,2022,https://www.business-humanrights.org/en/latest-news/myanmar-three-union-members-sentenced-to-3-years-imprisonment-hard-labour-by-military-council/,2022-12-16,1,False,other_allegations
CARR.PA,Carrefour SA,Carrefour ,756211,other_allegations,2022-09-14,2022,https://www.business-humanrights.org/en/latest-news/myanmar-workers-committee-at-alleged-primark-supplier-reportedly-cooperating-with-factory-to-oppress-workers/,2022-09-14,1,False,other_allegations
CARR.PA,Carrefour SA,Carrefour ,756211,other_allegations,2022-04-01,2022,https://www.business-humanrights.org/en/latest-news/myanmar-garment-workers-report-labour-rights-violations-at-myanmar-guotai-huasheng-glory-fashion-factory-incl-wage-deductions-mental-physical-abuse/,2022-04-01,1,False,other_allegations
CARR.PA,Carrefour SA,Carrefour ,756211,other_allegations,2021-07-13,2021,https://www.business-humanrights.org/en/latest-news/myanmar-garment-workers-report-poor-covid-19-safety-measures-during-the-third-wave/,2021-07-13,1,False,other_allegations
CARR.PA,Carrefour SA,Carrefour ,756211,other_allegations,2021-07-10,2021,https://www.business-humanrights.org/en/latest-news/myanmar-union-negotiates-agreement-with-garment-factory-after-workers-dismissed-for-failing-to-attend-work-due-to-security-concerns-travel-concerns-amid-military-takeover/,2021-07-10,1,False,other_allegations
CBKG.DE,Commerzbank AG,Commerzbank,756305,other_allegations,2024-11-26,2024,https://www.business-humanrights.org/en/latest-news/israelopt-over-800-european-financial-institutions-had-financial-relationships-with-58-companies-actively-involved-in-the-illegal-israeli-settlements-report-finds/,2024-11-26,1,False,other_allegations
CFR.S,Compagnie Financiere Richemont SA,Richemont,759075,other_allegations,2024-09-18,2024,https://www.business-humanrights.org/en/latest-news/italy-harsh-working-conditions-a-feature-of-luxury-supply-chain-say-migrant-workers-for-montblanc-supplier-incl-cos-comments/,2024-09-18,1,False,other_allegations
CNA.L,Centrica PLC,Centrica,756254,other_allegations,2025-12-02,2025,https://www.business-humanrights.org/en/latest-news/mozambique-le-royaume-uni-retire-ses-financements-du-projet-gazier-de-totalenergies-qui-est-fortement-décrié-par-les-défenseurs-des-droits-de-lhomme/,2025-12-02,1,False,other_allegations
CONG.DE,Continental AG,Continental AG,756506,other_allegations,2025-03-31,2025,https://www.business-humanrights.org/en/latest-news/speed-up-addressing-forced-labor-risks-in-taiwans-car-bicycle-and-electronics-industries-2/,2025-03-31,1,False,other_allegations
CONG.DE,Continental AG,Continental AG,756506,other_allegations,2025-02-25,2025,https://www.business-humanrights.org/en/latest-news/the-price-of-work-a-brief-on-widespread-migrant-worker-recruitment-fees-in-taiwans-manufacturing-sectors/,2025-02-25,1,False,other_allegations
CONG.DE,Continental AG,Continental AG,756506,other_allegations,2025-02-13,2025,https://www.business-humanrights.org/en/latest-news/taiwan-migrant-workers-at-bike-manufactures-exporting-worldwide-charged-high-recruitment-fees-at-risk-of-debt-bondage-incl-cos-comments/,2025-02-13,1,False,other_allegations
CONG.DE,Continental AG,Continental AG,756506,other_allegations,2023-10-31,2023,https://www.business-humanrights.org/en/latest-news/debt-bondage-in-space-and-taiwan/,2023-10-31,1,False,other_allegations
CONG.DE,Continental AG,Continental AG,756506,other_allegations,2023-02-20,2023,https://www.business-humanrights.org/en/latest-news/taiwan-migrant-workers-reportedly-pay-up-to-usd6150-to-secure-low-wage-jobs-producing-goods-for-multinationals-incl-comments-from-loreal-walmart-others/,2023-02-20,1,False,other_allegations
CPG.L,Compass Group PLC,Compass Group,756273,other_allegations,2022-06-25,2022,https://www.business-humanrights.org/en/latest-news/huge-recruitment-fees-charged-for-jobs-in-the-gulf-qatar-recruiters-accused-of-demanding-the-highest-commissions/,2022-06-25,1,False,other_allegations
CPG.L,Compass Group PLC,Compass Group,756273,other_allegations,2022-03-29,2022,https://www.business-humanrights.org/en/latest-news/expo-dubai-2020-financial-times-finds-dozens-of-cleaners-employed-by-adnh-compass-farnek-have-paid-recruitment-fees-incl-comments-from-cos-expo/,2022-03-29,1,False,other_allegations
CPG.L,Compass Group PLC,Compass Group,756273,other_allegations,2021-08-18,2021,https://www.business-humanrights.org/en/latest-news/previously-healthy-ugandan-security-guard-dies-in-qatar-while-on-duty/,2021-08-18,1,False,other_allegations
CRDI.MI,UniCredit SpA,Unicredito Italiano (now Unicredit),759879,other_allegations,2025-04-29,2025,https://www.business-humanrights.org/en/latest-news/bank-transition-plans-a-roadmap-to-nowhere/,2025-04-29,1,False,other_allegations
CRDI.MI,UniCredit SpA,Unicredito Italiano (now Unicredit),759879,other_allegations,2024-11-26,2024,https://www.business-humanrights.org/en/latest-news/israelopt-over-800-european-financial-institutions-had-financial-relationships-with-58-companies-actively-involved-in-the-illegal-israeli-settlements-report-finds/,2024-11-26,1,False,other_allegations
DANO.PA,Danone SA,Danone,756712,hrd_attacks,2022-02-15,2022,https://www.business-humanrights.org/en/latest-news/altepelmecalli-house-of-the-peoples-casa-de-los-pueblos/,2022-02-15,1,False,hrd_attacks
DANO.PA,Danone SA,Danone,756712,hrd_attacks,2021-11-21,2021,https://www.business-humanrights.org/en/latest-news/united-peoples-association-of-the-cholulteca-region-and-izta-popo-asociación-pueblos-unidos-de-la-región-cholulteca-y-del-izta-popo/,2021-11-21,1,False,hrd_attacks
DANO.PA,Danone SA,Danone,756712,hrd_attacks,2021-11-21,2021,https://www.business-humanrights.org/en/latest-news/michel-torres-zacatepec-community-radio-radio-comunitaria-zacatepec/,2021-11-21,1,False,hrd_attacks
DANO.PA,Danone SA,Danone,756712,hrd_attacks,2021-11-21,2021,https://www.business-humanrights.org/en/latest-news/alejandro-torres-zacatepec-community-radio-radio-comunitaria-zacatepec/,2021-11-21,1,False,hrd_attacks
DANO.PA,Danone SA,Danone,756712,hrd_attacks,2021-06-10,2021,https://www.business-humanrights.org/en/latest-news/front-of-peoples-in-defence-of-land-and-water-morelos-puebla-tlaxcala-frente-de-pueblos-en-defensa-de-la-tierra-y-del-agua-morelos-puebla-tlaxcala/,2021-06-10,1,False,hrd_attacks
DANO.PA,Danone SA,Danone,756712,lawsuits,2023-01-09,2023,https://www.business-humanrights.org/en/latest-news/danone-lawsuit-re-plastic-use-pollution-in-france/,2023-01-09,1,False,lawsuits
DANO.PA,Danone SA,Danone,756712,lawsuits,2004-07-01,2004,https://www.business-humanrights.org/en/latest-news/matanza-riachuelo-lawsuit-re-argentina/,2004-07-01,1,False,lawsuits
DANO.PA,Danone SA,Danone,756712,other_allegations,2026-02-23,2026,https://www.business-humanrights.org/en/latest-news/uganda-ministry-of-health-have-issued-a-warning-to-parents-following-a-global-recall-of-nestlés-sma-range-infant-milk-formula-products-after-harmful-contamination-was-detected-in-several-widely-used-brands/,2026-02-23,1,False,other_allegations
DANO.PA,Danone SA,Danone,756712,other_allegations,2026-01-29,2026,https://www.business-humanrights.org/en/latest-news/france-consumer-group-files-criminal-complaint-after-infant-milk-recalls/,2026-01-29,1,False,other_allegations
DANO.PA,Danone SA,Danone,756712,other_allegations,2025-12-30,2025,https://www.business-humanrights.org/en/latest-news/laffaiblissement-du-devoir-de-vigilance-européen-risque-daccroître-les-violations-des-droits-humains-impliquant-des-entreprises-qui-opèrent-en-afrique-selon-des-experts/,2025-12-30,1,False,other_allegations
DANO.PA,Danone SA,Danone,756712,other_allegations,2024-06-25,2024,https://www.business-humanrights.org/en/latest-news/indonesia-ngos-report-alleges-how-indonesias-second-largest-palm-oil-company-pt-astra-agro-lestari-aal-operations-causes-land-conflict-and-environmental-degradation-in-sulawesi/,2024-06-25,1,False,other_allegations
DANSKE.CO,Danske Bank A/S,Danske Bank,756702,hrd_attacks,2020-04-07,2020,https://www.business-humanrights.org/en/latest-news/ibrahimo-abu-mbaruco/,2020-04-07,1,False,hrd_attacks
DANSKE.CO,Danske Bank A/S,Danske Bank,756702,other_allegations,2024-11-26,2024,https://www.business-humanrights.org/en/latest-news/israelopt-over-800-european-financial-institutions-had-financial-relationships-with-58-companies-actively-involved-in-the-illegal-israeli-settlements-report-finds/,2024-11-26,1,False,other_allegations
DBKGn.DE,Deutsche Bank AG,Deutsche Bank,756687,hrd_attacks,2016-06-29,2016,https://www.business-humanrights.org/en/latest-news/antoine-deltour/,2016-06-29,1,False,hrd_attacks
DBKGn.DE,Deutsche Bank AG,Deutsche Bank,756687,hrd_attacks,2016-04-26,2016,https://www.business-humanrights.org/en/latest-news/antoine-deltour-2/,2016-04-26,1,False,hrd_attacks
DBKGn.DE,Deutsche Bank AG,Deutsche Bank,756687,hrd_attacks,2016-04-26,2016,https://www.business-humanrights.org/en/latest-news/edouard-perrin/,2016-04-26,1,False,hrd_attacks
DBKGn.DE,Deutsche Bank AG,Deutsche Bank,756687,hrd_attacks,2016-04-26,2016,https://www.business-humanrights.org/en/latest-news/raphaël-halet-2/,2016-04-26,1,False,hrd_attacks
DBKGn.DE,Deutsche Bank AG,Deutsche Bank,756687,lawsuits,2001-09-06,2001,https://www.business-humanrights.org/en/latest-news/german-cos-lawsuit-by-hereros/,2001-09-06,1,False,lawsuits
DBKGn.DE,Deutsche Bank AG,Deutsche Bank,756687,other_allegations,2026-01-31,2026,https://www.business-humanrights.org/en/latest-news/global-the-hidden-money-behind-deep-sea-mining-incl-investors-comments/,2026-01-31,1,False,other_allegations
DBKGn.DE,Deutsche Bank AG,Deutsche Bank,756687,other_allegations,2025-11-27,2025,https://www.business-humanrights.org/en/latest-news/uganda-new-sets-of-testimonies-confirmed-continuation-of-livelihood-impacts-foa-suppression-gender-based-violence-and-arbitrary-arrests-at-eacops-kingfisher-development-area/,2025-11-27,1,False,other_allegations
DBKGn.DE,Deutsche Bank AG,Deutsche Bank,756687,other_allegations,2025-05-05,2025,https://www.business-humanrights.org/en/latest-news/report-from-kingfisher-to-the-lakes-how-human-rights-violations-in-eacop-hotspot-underscore-larger-trends-of-abuse-in-the-afdb-funded-leaf-ii-project-in-northwestern-uganda/,2025-05-05,1,False,other_allegations
DBKGn.DE,Deutsche Bank AG,Deutsche Bank,756687,other_allegations,2025-04-29,2025,https://www.business-humanrights.org/en/latest-news/bank-transition-plans-a-roadmap-to-nowhere/,2025-04-29,1,False,other_allegations
DBKGn.DE,Deutsche Bank AG,Deutsche Bank,756687,other_allegations,2024-11-26,2024,https://www.business-humanrights.org/en/latest-news/israelopt-over-800-european-financial-institutions-had-financial-relationships-with-58-companies-actively-involved-in-the-illegal-israeli-settlements-report-finds/,2024-11-26,1,False,other_allegations
DBKGn.DE,Deutsche Bank AG,Deutsche Bank,756687,other_allegations,2023-02-22,2023,https://www.business-humanrights.org/en/latest-news/indonesia-chinas-sdic-buyin-restarts-batang-toru-dam-paused-amid-enviromental-concerns/,2023-02-22,1,False,other_allegations
DHER.DE,Delivery Hero SE,Delivery Hero,933402,other_allegations,2026-02-10,2026,https://www.business-humanrights.org/en/latest-news/italie-les-procureurs-ouvrent-une-enquête-sur-a-plateforme-glovo-accuse-dexploiter-ses-travailleurs/,2026-02-10,1,False,other_allegations
DHER.DE,Delivery Hero SE,Delivery Hero,933402,other_allegations,2025-07-03,2025,https://www.business-humanrights.org/en/latest-news/italy-glovo-suspends-heatwave-bonus-for-couriers-following-widespread-criticism/,2025-07-03,1,False,other_allegations
DHER.DE,Delivery Hero SE,Delivery Hero,933402,other_allegations,2023-05-03,2023,https://www.business-humanrights.org/en/latest-news/qatar-talabat-rider-describes-arrests-deportations-for-speaking-up-about-exploitation/,2023-05-03,1,False,other_allegations
DHER.DE,Delivery Hero SE,Delivery Hero,933402,other_allegations,2023-03-08,2023,https://www.business-humanrights.org/en/latest-news/out-of-job-nepali-delivery-riders-in-uae-await-help/,2023-03-08,1,False,other_allegations
DHER.DE,Delivery Hero SE,Delivery Hero,933402,other_allegations,2023-02-23,2023,https://www.business-humanrights.org/en/latest-news/talabat-food-delivery-riders-in-qatar-unpaid-for-8-months-then-deported/,2023-02-23,1,False,other_allegations
DNB.OL,Dnb Bank ASA,DNB,760184,other_allegations,2025-05-05,2025,https://www.business-humanrights.org/en/latest-news/report-from-kingfisher-to-the-lakes-how-human-rights-violations-in-eacop-hotspot-underscore-larger-trends-of-abuse-in-the-afdb-funded-leaf-ii-project-in-northwestern-uganda/,2025-05-05,1,False,other_allegations
DNB.OL,Dnb Bank ASA,DNB,760184,other_allegations,2024-11-26,2024,https://www.business-humanrights.org/en/latest-news/israelopt-over-800-european-financial-institutions-had-financial-relationships-with-58-companies-actively-involved-in-the-illegal-israeli-settlements-report-finds/,2024-11-26,1,False,other_allegations
DRX.L,Drax Group PLC,Drax,756770,hrd_attacks,2024-08-07,2024,https://www.business-humanrights.org/en/latest-news/25-reclaim-the-power-activists/,2024-08-07,1,False,hrd_attacks
DSFIR.AS,DSM-Firmenich AG,DSM,756728,other_allegations,2025-03-31,2025,https://www.business-humanrights.org/en/latest-news/speed-up-addressing-forced-labor-risks-in-taiwans-car-bicycle-and-electronics-industries-2/,2025-03-31,1,False,other_allegations
DSFIR.AS,DSM-Firmenich AG,DSM,756728,other_allegations,2023-02-20,2023,https://www.business-humanrights.org/en/latest-news/taiwan-migrant-workers-reportedly-pay-up-to-usd6150-to-secure-low-wage-jobs-producing-goods-for-multinationals-incl-comments-from-loreal-walmart-others/,2023-02-20,1,False,other_allegations
EDP.LS,EDP SA,Energias de Portugal (EDP),760955,hrd_attacks,2024-03-17,2024,https://www.business-humanrights.org/en/latest-news/climate-change-activists-climáximo-3/,2024-03-17,1,False,hrd_attacks
EDP.LS,EDP SA,Energias de Portugal (EDP),760955,hrd_attacks,2023-10-08,2023,https://www.business-humanrights.org/en/latest-news/climate-change-activists-climáximo/,2023-10-08,1,False,hrd_attacks
EDP.LS,EDP SA,Energias de Portugal (EDP),760955,other_allegations,2023-08-16,2023,https://www.business-humanrights.org/en/latest-news/colombia-ong-publica-nuevo-informe-sobre-impactos-de-eólicas-en-la-guajira/,2023-08-16,1,False,other_allegations
ELE.MC,Endesa SA,Endesa (part of Enel),756834,hrd_attacks,2015-11-01,2015,https://www.business-humanrights.org/en/latest-news/elsa-ardila/,2015-11-01,1,False,hrd_attacks
EMG.L,Man Group PLC,Man Group,758323,other_allegations,2024-11-26,2024,https://www.business-humanrights.org/en/latest-news/israelopt-over-800-european-financial-institutions-had-financial-relationships-with-58-companies-actively-involved-in-the-illegal-israeli-settlements-report-finds/,2024-11-26,1,False,other_allegations
ENAG.MC,Enagas SA,Enagás,756946,hrd_attacks,2019-08-12,2019,https://www.business-humanrights.org/en/latest-news/juan-carlos-flores/,2019-08-12,1,False,hrd_attacks
ENEI.MI,Enel SpA,Enel,756899,hrd_attacks,2024-11-16,2024,https://www.business-humanrights.org/en/latest-news/isidoro-bautista-asoquimbo/,2024-11-16,1,False,hrd_attacks
ENEI.MI,Enel SpA,Enel,756899,hrd_attacks,2023-03-28,2023,https://www.business-humanrights.org/en/latest-news/alirio-perdomo-asoquimbo-association-of-people-affected-by-el-quimbo-hydroelectric-project/,2023-03-28,1,False,hrd_attacks
ENEI.MI,Enel SpA,Enel,756899,hrd_attacks,2015-11-01,2015,https://www.business-humanrights.org/en/latest-news/elsa-ardila/,2015-11-01,1,False,hrd_attacks
ENEI.MI,Enel SpA,Enel,756899,hrd_attacks,2015-09-11,2015,https://www.business-humanrights.org/en/latest-news/sebastian-córdova-sajic/,2015-09-11,1,False,hrd_attacks
ENEI.MI,Enel SpA,Enel,756899,lawsuits,2011-10-01,2011,https://www.business-humanrights.org/en/latest-news/osage-wind-lawsuit-re-windfarm-project-usa/,2011-10-01,1,False,lawsuits
ENEI.MI,Enel SpA,Enel,756899,other_allegations,2025-03-07,2025,https://www.business-humanrights.org/en/latest-news/brazil-communities-say-that-enel-and-maestro-holding-de-energia-stripped-them-of-their-territory-to-pursue-their-renewable-energy-goals-incl-companies-comments/,2025-03-07,1,False,other_allegations
ENEI.MI,Enel SpA,Enel,756899,other_allegations,2024-01-04,2024,https://www.business-humanrights.org/en/latest-news/usa-oklahoma-district-court-orders-removal-of-operating-osage-wind-farm-turbines-to-protect-osage-nations-sovereignty/,2024-01-04,1,False,other_allegations
ENEI.MI,Enel SpA,Enel,756899,other_allegations,2023-08-16,2023,https://www.business-humanrights.org/en/latest-news/colombia-ong-publica-nuevo-informe-sobre-impactos-de-eólicas-en-la-guajira/,2023-08-16,1,False,other_allegations
ENGIE.PA,Engie SA,Engie (formerly GDF Suez),761484,other_allegations,2025-11-19,2025,https://www.business-humanrights.org/en/latest-news/familiares-de-víctimas-y-representantes-contestan-respuesta-de-engie-sobre-supuestas-afectaciones-por-explosiones-de-gas-natural/,2025-11-19,1,False,other_allegations
ENGIE.PA,Engie SA,Engie (formerly GDF Suez),761484,other_allegations,2025-11-10,2025,https://www.business-humanrights.org/en/latest-news/mexico-families-of-victims-of-natural-gas-explosions-allegedly-linked-to-engie-set-up-a-day-of-the-dead-altar-in-front-of-the-french-embassy-to-demand-justice/,2025-11-10,1,False,other_allegations
ENGIE.PA,Engie SA,Engie (formerly GDF Suez),761484,other_allegations,2020-09-02,2020,https://www.business-humanrights.org/en/latest-news/mexico-negative-social-and-environmental-impacts-of-solar-farm-of-engie-according-to-locals-academics/,2020-09-02,1,False,other_allegations
ENGIE.PA,Engie SA,Engie (formerly GDF Suez),761484,other_allegations,2015-06-05,2015,https://www.business-humanrights.org/en/latest-news/perú-la-defensoría-del-pueblo-destaca-más-de-150-conflictos-socio-ambientales-en-un-mes-relativos-a-derechos-a-la-salud-al-agua-y-laborales-dejan-5-muertos-y-208-heridos/,2015-06-05,1,False,other_allegations
ENI.MI,Eni SpA,Eni ,757009,hrd_attacks,2024-02-27,2024,https://www.business-humanrights.org/en/latest-news/rai-program-petrolio/,2024-02-27,1,False,hrd_attacks
ENI.MI,Eni SpA,Eni ,757009,hrd_attacks,2020-04-07,2020,https://www.business-humanrights.org/en/latest-news/ibrahimo-abu-mbaruco/,2020-04-07,1,False,hrd_attacks
ENI.MI,Eni SpA,Eni ,757009,lawsuits,2017-07-17,2017,https://www.business-humanrights.org/en/latest-news/california-communities-lawsuit-against-37-fossil-fuel-companies-re-climate-change-compensation/,2017-07-17,1,False,lawsuits
ENI.MI,Eni SpA,Eni ,757009,lawsuits,2017-05-01,2017,https://www.business-humanrights.org/en/latest-news/eni-lawsuit-re-oil-spill-in-nigeria/,2017-05-01,1,False,lawsuits
ENI.MI,Eni SpA,Eni ,757009,other_allegations,2025-11-19,2025,https://www.business-humanrights.org/en/latest-news/le-mozambique-audite-le-surcoût-des-près-de-cinq-ans-de-suspension-du-projet-de-totalenergies-qui-serait-lié-à-plusieurs-abus-selon-la-société-civile/,2025-11-19,1,False,other_allegations
ENI.MI,Eni SpA,Eni ,757009,other_allegations,2025-09-02,2025,https://www.business-humanrights.org/en/latest-news/nigeria-un-experts-accuse-big-oil-of-human-rights-violations-over-asset-divestments/,2025-09-02,1,False,other_allegations
ENI.MI,Eni SpA,Eni ,757009,other_allegations,2025-07-22,2025,https://www.business-humanrights.org/en/latest-news/italy-supreme-court-rules-that-italian-judges-can-hear-climate-change-lawsuits-to-protect-peoples-human-rights/,2025-07-22,1,False,other_allegations
ENI.MI,Eni SpA,Eni ,757009,other_allegations,2024-08-20,2024,https://www.business-humanrights.org/en/latest-news/israelpalestine-report-exposes-ongoing-corporate-and-governmental-complicity-in-supplying-fuel-for-violent-conflicts-despite-icj-rulings/,2024-08-20,1,False,other_allegations
ENR1n.DE,Siemens Energy AG,Siemens Energy AG,936869,other_allegations,2023-11-20,2023,https://www.business-humanrights.org/en/latest-news/unjust-transitions-climate-migration-heat-stress-and-labour-exploitation-in-the-united-arab-emirates/,2023-11-20,1,False,other_allegations
EQNR.OL,Equinor ASA,Equinor (formerly Statoil),759568,lawsuits,2017-07-17,2017,https://www.business-humanrights.org/en/latest-news/california-communities-lawsuit-against-37-fossil-fuel-companies-re-climate-change-compensation/,2017-07-17,1,False,lawsuits
EQNR.OL,Equinor ASA,Equinor (formerly Statoil),759568,lawsuits,2010-08-17,2010,https://www.business-humanrights.org/en/latest-news/statoil-lawsuit-re-human-rights-advisor/,2010-08-17,1,False,lawsuits
EQNR.OL,Equinor ASA,Equinor (formerly Statoil),759568,other_allegations,2024-12-11,2024,https://www.business-humanrights.org/en/latest-news/norway-equinor-sued-over-failure-to-conduct-due-diligence-re-its-links-to-delek-group-reported-as-operating-in-illegal-israeli-settlements-providing-fuel-to-idf/,2024-12-11,1,False,other_allegations
ERICb.ST,Telefonaktiebolaget LM Ericsson,Ericsson,756836,other_allegations,2022-04-14,2022,https://www.business-humanrights.org/en/latest-news/ericsson-likely-to-pay-fines-to-us-department-of-justice-over-islamic-state-bribes-in-iraq/,2022-04-14,1,False,other_allegations
ERICb.ST,Telefonaktiebolaget LM Ericsson,Ericsson,756836,other_allegations,2022-02-28,2022,https://www.business-humanrights.org/en/latest-news/swedish-based-ericsson-allegedly-paid-tens-of-millions-of-dollars-to-isis-to-continue-doing-business-in-iraq-according-to-leaked-investigation/,2022-02-28,1,False,other_allegations
ERICb.ST,Telefonaktiebolaget LM Ericsson,Ericsson,756836,other_allegations,2022-02-28,2022,https://www.business-humanrights.org/en/latest-news/telecom-co-ericsson-faces-corruption-allegations-as-leak-alleges-co-paid-bribes-to-isis-in-iraq-endangered-safety-of-contractors/,2022-02-28,1,False,other_allegations
ERST.VI,Erste Group Bank AG,Erste Group,963588,other_allegations,2024-11-26,2024,https://www.business-humanrights.org/en/latest-news/israelopt-over-800-european-financial-institutions-had-financial-relationships-with-58-companies-actively-involved-in-the-illegal-israeli-settlements-report-finds/,2024-11-26,1,False,other_allegations
EXHO.PA,Sodexo SA,Sodexo,759523,other_allegations,2025-10-23,2025,https://www.business-humanrights.org/en/latest-news/cleaners-fight-against-university-outsourcing-cuts/,2025-10-23,1,False,other_allegations
FOUG.PA,Eiffage SA,Eiffage,756996,other_allegations,2023-06-21,2023,https://www.business-humanrights.org/en/latest-news/workers-set-to-sue-construction-companies-after-unpaid-labour-on-paris-2024-venues/,2023-06-21,1,False,other_allegations
FRES.L,Fresnillo PLC,Fresnillo,761360,hrd_attacks,2021-04-29,2021,https://www.business-humanrights.org/en/latest-news/maria-de-jesús-gomez-vega/,2021-04-29,1,False,hrd_attacks
FRES.L,Fresnillo PLC,Fresnillo,761360,hrd_attacks,2021-04-29,2021,https://www.business-humanrights.org/en/latest-news/josé-de-jesús-robledo-cruz/,2021-04-29,1,False,hrd_attacks
FRES.L,Fresnillo PLC,Fresnillo,761360,hrd_attacks,2019-04-01,2019,https://www.business-humanrights.org/en/latest-news/eugenia-grecia-rodríguez-navarro-observatorio-de-conflictos-mineros-de-zacatecas/,2019-04-01,1,False,hrd_attacks
FRES.L,Fresnillo PLC,Fresnillo,761360,hrd_attacks,2019-01-01,2019,https://www.business-humanrights.org/en/latest-news/sandra-miranda/,2019-01-01,1,False,hrd_attacks
G1AG.DE,GEA Group AG,GEA Group,757368,other_allegations,2024-08-19,2024,https://www.business-humanrights.org/en/latest-news/database-tools-of-war-in-the-weapon-of-the-aggressor/,2024-08-19,1,False,other_allegations
GLEN.L,Glencore PLC,Glencore,757200,hrd_attacks,2023-02-20,2023,https://www.business-humanrights.org/en/latest-news/yazmín-romero-epiayú-movimiento-feminista-niñas-y-mujeres-wayú/,2023-02-20,1,False,hrd_attacks
GLEN.L,Glencore PLC,Glencore,757200,hrd_attacks,2022-05-30,2022,https://www.business-humanrights.org/en/latest-news/enzo-brizuela-el-algarrobo-assembly/,2022-05-30,1,False,hrd_attacks
GLEN.L,Glencore PLC,Glencore,757200,hrd_attacks,2022-05-30,2022,https://www.business-humanrights.org/en/latest-news/aldo-flores-el-algarrobo-assembly/,2022-05-30,1,False,hrd_attacks
GLEN.L,Glencore PLC,Glencore,757200,hrd_attacks,2022-05-21,2022,https://www.business-humanrights.org/en/latest-news/luz-ángela-uriana-resguardo-indígena-de-provincial-provincial-indigenous-reserve/,2022-05-21,1,False,hrd_attacks
GLEN.L,Glencore PLC,Glencore,757200,hrd_attacks,2022-04-12,2022,https://www.business-humanrights.org/en/latest-news/luis-misael-socarrás-pueblo-wayúu/,2022-04-12,1,False,hrd_attacks
GLEN.L,Glencore PLC,Glencore,757200,hrd_attacks,2021-11-01,2021,https://www.business-humanrights.org/en/latest-news/angelo-andree-vilchez-cerna/,2021-11-01,1,False,hrd_attacks
GLEN.L,Glencore PLC,Glencore,757200,hrd_attacks,2021-11-01,2021,https://www.business-humanrights.org/en/latest-news/luis-rufino-guerrero-virhues/,2021-11-01,1,False,hrd_attacks
GLEN.L,Glencore PLC,Glencore,757200,hrd_attacks,2021-11-01,2021,https://www.business-humanrights.org/en/latest-news/rufino-juan-tarazona-vega/,2021-11-01,1,False,hrd_attacks
GLEN.L,Glencore PLC,Glencore,757200,hrd_attacks,2021-11-01,2021,https://www.business-humanrights.org/en/latest-news/adolfo-moreno-rojas/,2021-11-01,1,False,hrd_attacks
GLEN.L,Glencore PLC,Glencore,757200,hrd_attacks,2021-11-01,2021,https://www.business-humanrights.org/en/latest-news/jehiel-moreno-alejo/,2021-11-01,1,False,hrd_attacks
GLEN.L,Glencore PLC,Glencore,757200,hrd_attacks,2020-04-28,2020,https://www.business-humanrights.org/en/latest-news/angélica-ortiz-fuerza-de-mujeres-wayuu-wayuu-womens-force/,2020-04-28,1,False,hrd_attacks
GLEN.L,Glencore PLC,Glencore,757200,hrd_attacks,2019-06-26,2019,https://www.business-humanrights.org/en/latest-news/mina-el-aguilar-workers/,2019-06-26,1,False,hrd_attacks
GLEN.L,Glencore PLC,Glencore,757200,hrd_attacks,2019-05-14,2019,https://www.business-humanrights.org/en/latest-news/igor-díaz-lopez-coal-trade-union-sintracarbon/,2019-05-14,1,False,hrd_attacks
GLEN.L,Glencore PLC,Glencore,757200,hrd_attacks,2019-05-14,2019,https://www.business-humanrights.org/en/latest-news/juan-carlos-rojas-coal-trade-union-sintracarbon/,2019-05-14,1,False,hrd_attacks
GLEN.L,Glencore PLC,Glencore,757200,hrd_attacks,2019-05-14,2019,https://www.business-humanrights.org/en/latest-news/dairo-mosquera-coal-trade-union-sintracarbon/,2019-05-14,1,False,hrd_attacks
GLEN.L,Glencore PLC,Glencore,757200,hrd_attacks,2019-05-14,2019,https://www.business-humanrights.org/en/latest-news/gustavo-benjumea-coal-trade-union-sintracarbon/,2019-05-14,1,False,hrd_attacks
GLEN.L,Glencore PLC,Glencore,757200,hrd_attacks,2019-05-14,2019,https://www.business-humanrights.org/en/latest-news/jairo-córdoba-coal-trade-union-sintracarbon/,2019-05-14,1,False,hrd_attacks
GLEN.L,Glencore PLC,Glencore,757200,hrd_attacks,2019-05-14,2019,https://www.business-humanrights.org/en/latest-news/evelio-aguirre-coal-trade-union-sintracarbon/,2019-05-14,1,False,hrd_attacks
GLEN.L,Glencore PLC,Glencore,757200,hrd_attacks,2019-04-20,2019,https://www.business-humanrights.org/en/latest-news/karmen-ramírez-force-of-wayuú-women-sütsuin-jieyuu-wayúu-fuerza-de-mujeres-wayuú/,2019-04-20,1,False,hrd_attacks
GLEN.L,Glencore PLC,Glencore,757200,hrd_attacks,2019-04-20,2019,https://www.business-humanrights.org/en/latest-news/miguel-ramírez-force-of-wayuú-women-sütsuin-jieyuu-wayúu-fuerza-de-mujeres-wayuú/,2019-04-20,1,False,hrd_attacks
GLEN.L,Glencore PLC,Glencore,757200,hrd_attacks,2019-04-20,2019,https://www.business-humanrights.org/en/latest-news/luis-misael-socarras-force-of-wayuú-women-sütsuin-jieyuu-wayúu-fuerza-de-mujeres-wayuú/,2019-04-20,1,False,hrd_attacks
GLEN.L,Glencore PLC,Glencore,757200,hrd_attacks,2019-04-20,2019,https://www.business-humanrights.org/en/latest-news/dulcy-cotes-force-of-wayuú-women-sütsuin-jieyuu-wayúu-fuerza-de-mujeres-wayuú/,2019-04-20,1,False,hrd_attacks
GLEN.L,Glencore PLC,Glencore,757200,hrd_attacks,2019-04-20,2019,https://www.business-humanrights.org/en/latest-news/jakeline-romero-epiayu-force-of-wayuú-women-sütsuin-jieyuu-wayúu-fuerza-de-mujeres-wayuú-2/,2019-04-20,1,False,hrd_attacks
GLEN.L,Glencore PLC,Glencore,757200,hrd_attacks,2019-04-20,2019,https://www.business-humanrights.org/en/latest-news/deris-paz-force-of-wayuú-women-sütsuin-jieyuu-wayúu-fuerza-de-mujeres-wayuú/,2019-04-20,1,False,hrd_attacks
GLEN.L,Glencore PLC,Glencore,757200,hrd_attacks,2019-04-20,2019,https://www.business-humanrights.org/en/latest-news/force-of-wayuú-women-sütsuin-jieyuu-wayúu-fuerza-de-mujeres-wayuú/,2019-04-20,1,False,hrd_attacks
GLEN.L,Glencore PLC,Glencore,757200,hrd_attacks,2018-12-29,2018,https://www.business-humanrights.org/en/latest-news/francisca-umasi-ihui/,2018-12-29,1,False,hrd_attacks
GLEN.L,Glencore PLC,Glencore,757200,hrd_attacks,2018-12-29,2018,https://www.business-humanrights.org/en/latest-news/vidal-coaquira-umasi/,2018-12-29,1,False,hrd_attacks
GLEN.L,Glencore PLC,Glencore,757200,hrd_attacks,2018-12-13,2018,https://www.business-humanrights.org/en/latest-news/jakeline-romero-epiayu-force-of-wayuú-women-sütsuin-jieyuu-wayúu-fuerza-de-mujeres-wayuú/,2018-12-13,1,False,hrd_attacks
GLEN.L,Glencore PLC,Glencore,757200,hrd_attacks,2018-10-10,2018,https://www.business-humanrights.org/en/latest-news/organización-nacional-indígena-de-colombia-onic-national-indigenous-organisation-of-colombia/,2018-10-10,1,False,hrd_attacks
GLEN.L,Glencore PLC,Glencore,757200,hrd_attacks,2018-10-01,2018,https://www.business-humanrights.org/en/latest-news/ramón-vieco-ariza-wayuu-community/,2018-10-01,1,False,hrd_attacks
GLEN.L,Glencore PLC,Glencore,757200,hrd_attacks,2018-10-01,2018,https://www.business-humanrights.org/en/latest-news/josé-silva-duarte-wayuu-community/,2018-10-01,1,False,hrd_attacks
GLEN.L,Glencore PLC,Glencore,757200,hrd_attacks,2018-08-05,2018,https://www.business-humanrights.org/en/latest-news/sergio-huamaní/,2018-08-05,1,False,hrd_attacks
GLEN.L,Glencore PLC,Glencore,757200,hrd_attacks,2018-05-08,2018,https://www.business-humanrights.org/en/latest-news/oscar-mollohuanca-cruz/,2018-05-08,1,False,hrd_attacks
GLEN.L,Glencore PLC,Glencore,757200,hrd_attacks,2018-05-08,2018,https://www.business-humanrights.org/en/latest-news/herbert-huamán-2/,2018-05-08,1,False,hrd_attacks
GLEN.L,Glencore PLC,Glencore,757200,hrd_attacks,2017-07-11,2017,https://www.business-humanrights.org/en/latest-news/sergio-huamani/,2017-07-11,1,False,hrd_attacks
GLEN.L,Glencore PLC,Glencore,757200,hrd_attacks,2017-07-11,2017,https://www.business-humanrights.org/en/latest-news/herbert-huamán/,2017-07-11,1,False,hrd_attacks
GLEN.L,Glencore PLC,Glencore,757200,hrd_attacks,2017-07-11,2017,https://www.business-humanrights.org/en/latest-news/oscar-mollohuanca/,2017-07-11,1,False,hrd_attacks
GLEN.L,Glencore PLC,Glencore,757200,hrd_attacks,2017-02-05,2017,https://www.business-humanrights.org/en/latest-news/alberto-uriana-wayuu-community/,2017-02-05,1,False,hrd_attacks
GLEN.L,Glencore PLC,Glencore,757200,hrd_attacks,2017-02-05,2017,https://www.business-humanrights.org/en/latest-news/josé-luis-uriana-wayuu-community/,2017-02-05,1,False,hrd_attacks
GLEN.L,Glencore PLC,Glencore,757200,hrd_attacks,2017-02-05,2017,https://www.business-humanrights.org/en/latest-news/ulitojoy-ipuana-epieyu-wayuu-community/,2017-02-05,1,False,hrd_attacks
GLEN.L,Glencore PLC,Glencore,757200,hrd_attacks,2017-02-05,2017,https://www.business-humanrights.org/en/latest-news/salvatin-urariyu-wayuu-community/,2017-02-05,1,False,hrd_attacks
GLEN.L,Glencore PLC,Glencore,757200,hrd_attacks,2017-02-05,2017,https://www.business-humanrights.org/en/latest-news/ramiro-uriana-wayuu-community/,2017-02-05,1,False,hrd_attacks
GLEN.L,Glencore PLC,Glencore,757200,hrd_attacks,2017-02-05,2017,https://www.business-humanrights.org/en/latest-news/josé-gómez-wayuu-community/,2017-02-05,1,False,hrd_attacks
GLEN.L,Glencore PLC,Glencore,757200,hrd_attacks,2017-01-04,2017,https://www.business-humanrights.org/en/latest-news/pascual-choque-community-member-comunidad-vilaque-municipio-de-pazña/,2017-01-04,1,False,hrd_attacks
GLEN.L,Glencore PLC,Glencore,757200,hrd_attacks,2015-05-09,2015,https://www.business-humanrights.org/en/latest-news/juan-de-dios-coste/,2015-05-09,1,False,hrd_attacks
GLEN.L,Glencore PLC,Glencore,757200,hrd_attacks,2015-05-09,2015,https://www.business-humanrights.org/en/latest-news/sixto-gabin/,2015-05-09,1,False,hrd_attacks
GLEN.L,Glencore PLC,Glencore,757200,lawsuits,2023-11-01,2023,https://www.business-humanrights.org/en/latest-news/elias-matis-trading-sarl-lawsuit-re-workers-rights-democratic-republic-of-congo/,2023-11-01,1,False,lawsuits
GLEN.L,Glencore PLC,Glencore,757200,lawsuits,2023-10-10,2023,https://www.business-humanrights.org/en/latest-news/committee-of-ministers-and-environmental-assessment-service-sea-lawsuit-re-collahuasi-copper-mine-chile/,2023-10-10,1,False,lawsuits
GLEN.L,Glencore PLC,Glencore,757200,lawsuits,2022-10-28,2022,https://www.business-humanrights.org/en/latest-news/congo-invest-corporation-cic-glencore-lawsuit-re-mutanda-mine-drc/,2022-10-28,1,False,lawsuits
GLEN.L,Glencore PLC,Glencore,757200,lawsuits,2022-07-29,2022,https://www.business-humanrights.org/en/latest-news/government-of-jamaica-lawsuit-re-noranda-bauxite-mine-jamaica/,2022-07-29,1,False,lawsuits
GLEN.L,Glencore PLC,Glencore,757200,lawsuits,2021-05-12,2021,https://www.business-humanrights.org/en/latest-news/minister-for-primary-industry-and-resources-and-other-re-consultation-on-expansion-of-mcarthur-river-project-australia/,2021-05-12,1,False,lawsuits
GLEN.L,Glencore PLC,Glencore,757200,lawsuits,2019-12-05,2019,https://www.business-humanrights.org/en/latest-news/glencore-energy-uk-lawsuit-re-corruption-of-officials-across-africa-filed-in-the-uk/,2019-12-05,1,False,lawsuits
GLEN.L,Glencore PLC,Glencore,757200,lawsuits,2019-01-01,2019,https://www.business-humanrights.org/en/latest-news/glencore-lawsuit-re-tintaya-copper-mine/,2019-01-01,1,False,lawsuits
GLEN.L,Glencore PLC,Glencore,757200,lawsuits,2015-01-01,2015,https://www.business-humanrights.org/en/latest-news/xstrata-tintaya-lawsuit-re-violent-protests-in-peru-filed-in-uk/,2015-01-01,1,False,lawsuits
GLEN.L,Glencore PLC,Glencore,757200,other_allegations,2025-12-18,2025,https://www.business-humanrights.org/en/latest-news/brazil-concerns-over-lack-of-community-consultation-in-bauxite-mine-expansion/,2025-12-18,1,False,other_allegations
GLEN.L,Glencore PLC,Glencore,757200,other_allegations,2025-12-17,2025,https://www.business-humanrights.org/en/latest-news/afrique-mobilisation-pour-le-retour-des-biens-acquis-dans-le-cadre-de-la-lutte-contre-la-corruption-impliquant-des-multinationales/,2025-12-17,1,False,other_allegations
GLEN.L,Glencore PLC,Glencore,757200,other_allegations,2025-12-15,2025,https://www.business-humanrights.org/en/latest-news/rdc-un-rapport-dafrewatch-dénonce-la-déforestation-due-à-lexploitation-minière/,2025-12-15,1,False,other_allegations
GLEN.L,Glencore PLC,Glencore,757200,other_allegations,2025-12-04,2025,https://www.business-humanrights.org/en/latest-news/rdc-les-employés-de-la-kamoto-copper-company-dénoncent-la-monté-de-linsécurité-sur-leurs-sites/,2025-12-04,1,False,other_allegations
GLEN.L,Glencore PLC,Glencore,757200,other_allegations,2025-11-29,2025,https://www.business-humanrights.org/en/latest-news/argentina-proyecto-de-cobre-de-glencore-estaría-en-zona-de-protección-de-glaciares/,2025-11-29,1,False,other_allegations
GLEN.L,Glencore PLC,Glencore,757200,other_allegations,2025-11-17,2025,https://www.business-humanrights.org/en/latest-news/cameroun-lenquête-sur-le-volet-local-de-laffaire-glencore-piétine-selon-un-analyste/,2025-11-17,1,False,other_allegations
GLEN.L,Glencore PLC,Glencore,757200,other_allegations,2025-11-12,2025,https://www.business-humanrights.org/en/latest-news/perú-trabajador-de-empresa-contratista-que-opera-en-minera-antamina-muere-y-otro-resulta-herido-producto-de-una-tormenta-eléctrica/,2025-11-12,1,False,other_allegations
GLEN.L,Glencore PLC,Glencore,757200,other_allegations,2025-11-06,2025,https://www.business-humanrights.org/en/latest-news/brazil-communities-live-in-fear-of-potential-bauxite-mine-dams-collapse/,2025-11-06,1,False,other_allegations
GLEN.L,Glencore PLC,Glencore,757200,other_allegations,2025-11-05,2025,https://www.business-humanrights.org/en/latest-news/argentina-cidh-determina-que-no-se-podrá-emitir-nuevas-autorizaciones-para-el-avance-del-proyecto-mara-por-denuncias-de-violaciones-de-derechos/,2025-11-05,1,False,other_allegations
GLEN.L,Glencore PLC,Glencore,757200,other_allegations,2025-09-10,2025,https://www.business-humanrights.org/en/latest-news/rdc-afrewatch-dénonce-un-manque-de-transparence-et-des-non-paiements-de-la-contribution-des-entreprises-minières-aux-projets-de-développement-communautaire/,2025-09-10,1,False,other_allegations
GLEN.L,Glencore PLC,Glencore,757200,other_allegations,2025-08-25,2025,https://www.business-humanrights.org/en/latest-news/peru-territorial-conflict-between-community-members-and-mining-company-antamina/,2025-08-25,1,False,other_allegations
GLEN.L,Glencore PLC,Glencore,757200,other_allegations,2025-08-20,2025,https://www.business-humanrights.org/en/latest-news/usa-tesla-sued-over-alleged-forced-labour-and-greenwashing-in-cobalt-supply-chain/,2025-08-20,1,False,other_allegations
GLEN.L,Glencore PLC,Glencore,757200,other_allegations,2025-08-18,2025,https://www.business-humanrights.org/en/latest-news/peru-indigenous-communities-demand-prior-consultation-in-the-environmental-approval-of-the-antapaccay-project/,2025-08-18,1,False,other_allegations
GLEN.L,Glencore PLC,Glencore,757200,other_allegations,2025-07-25,2025,https://www.business-humanrights.org/en/latest-news/colombian-president-gustavo-petro-orders-navy-to-block-coal-shipments-to-israel-alleging-that-shipments-have-continued-despite-ban-including-due-to-corporate-pressure/,2025-07-25,1,False,other_allegations
GLEN.L,Glencore PLC,Glencore,757200,other_allegations,2025-07-15,2025,https://www.business-humanrights.org/en/latest-news/profit-off-peace-meet-the-corporations-poised-to-benefit-from-the-drc-peace-deal/,2025-07-15,1,False,other_allegations
GLEN.L,Glencore PLC,Glencore,757200,other_allegations,2025-06-16,2025,https://www.business-humanrights.org/en/latest-news/report-from-unsr-on-opt-from-economy-of-occupation-to-economy-of-genocide-3/,2025-06-16,1,False,other_allegations
GLEN.L,Glencore PLC,Glencore,757200,other_allegations,2025-06-10,2025,https://www.business-humanrights.org/en/latest-news/no-excuse-for-poverty-pay-ngos-call-out-mining-companies-during-drc-mining-week-2025/,2025-06-10,1,False,other_allegations
GLEN.L,Glencore PLC,Glencore,757200,other_allegations,2025-04-23,2025,https://www.business-humanrights.org/en/latest-news/peru-workplace-accident-at-antamina-leaves-a-senior-manager-dead-and-another-employee-injured/,2025-04-23,1,False,other_allegations
GLEN.L,Glencore PLC,Glencore,757200,other_allegations,2025-03-14,2025,https://www.business-humanrights.org/en/latest-news/chile-court-rules-dismissal-at-collahuasi-mine-was-unjustified-and-orders-compensation-payment/,2025-03-14,1,False,other_allegations
GLEN.L,Glencore PLC,Glencore,757200,other_allegations,2025-03-05,2025,https://www.business-humanrights.org/en/latest-news/australia-glencore-fined-for-unlawful-work-on-aboriginal-sacred-site/,2025-03-05,1,False,other_allegations
GLEN.L,Glencore PLC,Glencore,757200,other_allegations,2025-02-03,2025,https://www.business-humanrights.org/en/latest-news/chile-agrupaciones-indígenas-exigen-la-suspensión-del-proyecto-minero-collahuasi-por-presunta-falta-de-consulta-previa-libre-e-informada/,2025-02-03,1,False,other_allegations
GLEN.L,Glencore PLC,Glencore,757200,other_allegations,2025-01-30,2025,https://www.business-humanrights.org/en/latest-news/perú-actividades-de-subsidiaria-de-glencore-habría-afectado-tanto-al-medio-ambiente-como-a-la-salud-de-la-comunidad-tintaya-marquiri/,2025-01-30,1,False,other_allegations
GLEN.L,Glencore PLC,Glencore,757200,other_allegations,2024-12-31,2024,https://www.business-humanrights.org/en/latest-news/kazakhstan-govt-plans-to-inspect-kazzinc-facilities-over-polluted-air-in-ust-kamenogorsk/,2024-12-31,1,False,other_allegations
GLEN.L,Glencore PLC,Glencore,757200,other_allegations,2024-11-27,2024,https://www.business-humanrights.org/en/latest-news/oskemen-people-spoke-out-about-poor-air-quality/,2024-11-27,1,False,other_allegations
GLEN.L,Glencore PLC,Glencore,757200,other_allegations,2024-06-18,2024,https://www.business-humanrights.org/en/latest-news/australia-mining-company-accused-of-breaching-sacred-sites-act-in-a-lawsuit-lodged-by-aboriginal-areas-protection-authority/,2024-06-18,1,False,other_allegations
GLEN.L,Glencore PLC,Glencore,757200,other_allegations,2024-04-26,2024,https://www.business-humanrights.org/en/latest-news/australia-two-workers-suffer-critical-burns-at-queensland-mine-site-after-steam-vent-opened-operations-suspended-and-investigation-underway/,2024-04-26,1,False,other_allegations
GLEN.L,Glencore PLC,Glencore,757200,other_allegations,2024-04-04,2024,https://www.business-humanrights.org/en/latest-news/canada-new-victory-against-mining-giant-glencores-anti-union-practices/,2024-04-04,1,False,other_allegations
GLEN.L,Glencore PLC,Glencore,757200,other_allegations,2024-03-27,2024,https://www.business-humanrights.org/en/latest-news/drc-report-spotlights-toxic-environmental-health-and-social-impacts-of-cobalt-mining-including-gynaecological-and-reproductive-repercussions-incl-co-responses/,2024-03-27,1,False,other_allegations
GLEN.L,Glencore PLC,Glencore,757200,other_allegations,2024-03-17,2024,https://www.business-humanrights.org/en/latest-news/kazakhstan-firefighters-battle-blaze-at-altai-mining-and-processing-plant/,2024-03-17,1,False,other_allegations
GLEN.L,Glencore PLC,Glencore,757200,other_allegations,2024-02-19,2024,https://www.business-humanrights.org/en/latest-news/kazzinc-fined-for-pollution-of-ulba-river/,2024-02-19,1,False,other_allegations
GLEN.L,Glencore PLC,Glencore,757200,other_allegations,2024-02-07,2024,https://www.business-humanrights.org/en/latest-news/australia-glencore-mining-site-expansion-stopped-native-title-high-court-rules/,2024-02-07,1,False,other_allegations
GLEN.L,Glencore PLC,Glencore,757200,other_allegations,2024-01-30,2024,https://www.business-humanrights.org/en/latest-news/brasil-dados-via-lei-de-acesso-à-informação-registram-alterações-em-barragens-da-mineração-rio-do-norte-inclui-comentários-da-empresa/,2024-01-30,1,False,other_allegations
GLEN.L,Glencore PLC,Glencore,757200,other_allegations,2024-01-11,2024,https://www.business-humanrights.org/en/latest-news/perú-comunidades-de-cerro-de-pasco-llevan-décadas-viviendo-con-la-contaminación-de-la-producción-minera/,2024-01-11,1,False,other_allegations
GLEN.L,Glencore PLC,Glencore,757200,other_allegations,2023-11-20,2023,https://www.business-humanrights.org/en/latest-news/perú-operaciones-mineras-de-antapaccay-constituyen-una-afectación-ambiental-en-su-entorno-concluye-estudio-del-organismo-de-evaluación-y-fiscalización-ambiental/,2023-11-20,1,False,other_allegations
GLEN.L,Glencore PLC,Glencore,757200,other_allegations,2023-11-12,2023,https://www.business-humanrights.org/en/latest-news/peru-alegan-mina-de-antamina-habría-causado-contaminación-con-plomo-y-arsénico-en-la-comunidad-de-huarmey/,2023-11-12,1,False,other_allegations
GLEN.L,Glencore PLC,Glencore,757200,other_allegations,2023-09-29,2023,https://www.business-humanrights.org/en/latest-news/peru-varios-heridos-tras-protesta-contra-minera-antamina/,2023-09-29,1,False,other_allegations
GLEN.L,Glencore PLC,Glencore,757200,other_allegations,2023-09-07,2023,https://www.business-humanrights.org/en/latest-news/kazakhstan-kazzinc-paid-almost-50-mln-tenge-in-fines-for-river-pollution/,2023-09-07,1,False,other_allegations
GLEN.L,Glencore PLC,Glencore,757200,other_allegations,2023-05-30,2023,https://www.business-humanrights.org/en/latest-news/forced-labor-in-cobalt-mining-in-the-democratic-republic-of-the-congo/,2023-05-30,1,False,other_allegations
GLEN.L,Glencore PLC,Glencore,757200,other_allegations,2023-05-24,2023,https://www.business-humanrights.org/en/latest-news/rdc-glencore-accusé-de-sous-payer-les-travailleurs-de-la-mine-de-mutanda-2/,2023-05-24,1,False,other_allegations
GLEN.L,Glencore PLC,Glencore,757200,other_allegations,2023-04-18,2023,https://www.business-humanrights.org/en/latest-news/indonesia-nickel-waste-disposal-by-harita-group-shown-to-have-polluted-water-sources-on-obi-island-ngo-report-says/,2023-04-18,1,False,other_allegations
GLEN.L,Glencore PLC,Glencore,757200,other_allegations,2022-10-23,2022,https://www.business-humanrights.org/en/latest-news/zambia-glencore-under-investigation-for-allegedly-making-a-corrupt-payment-to-a-political-party-in-zambia/,2022-10-23,1,False,other_allegations
GLEN.L,Glencore PLC,Glencore,757200,other_allegations,2022-09-15,2022,https://www.business-humanrights.org/en/latest-news/kazakhstan-a-52-year-old-worker-died-at-the-kazzinc-lead-plant-authorities-investigate-accident/,2022-09-15,1,False,other_allegations
GLEN.L,Glencore PLC,Glencore,757200,other_allegations,2022-07-19,2022,https://www.business-humanrights.org/en/latest-news/kazakhstan-authorities-detect-air-pollution-by-kazzinc-in-ust-kamenogorsk-oblige-co-to-pay-fine/,2022-07-19,1,False,other_allegations
GLEN.L,Glencore PLC,Glencore,757200,other_allegations,2022-06-18,2022,https://www.business-humanrights.org/en/latest-news/kazakhstan-inspections-at-vostoktsvetmet-kazzinc-reveal-1200-labour-industrial-safety-violations/,2022-06-18,1,False,other_allegations
GLEN.L,Glencore PLC,Glencore,757200,other_allegations,2022-06-18,2022,https://www.business-humanrights.org/en/latest-news/peru-accident-with-volcans-truck-causes-zinc-spill-polluting-river-chillón-and-surrounding-fish-farms/,2022-06-18,1,False,other_allegations
GLEN.L,Glencore PLC,Glencore,757200,other_allegations,2022-05-30,2022,https://www.business-humanrights.org/en/latest-news/canada-glencores-workers-on-strike-over-alleged-labour-rights-abuses/,2022-05-30,1,False,other_allegations
GLEN.L,Glencore PLC,Glencore,757200,other_allegations,2022-05-24,2022,https://www.business-humanrights.org/en/latest-news/glencore-admitted-guilt-in-relation-to-foreign-bribery-and-schemes-involving-market-manipulation/,2022-05-24,1,False,other_allegations
GLEN.L,Glencore PLC,Glencore,757200,other_allegations,2022-05-17,2022,https://www.business-humanrights.org/en/latest-news/latinoamérica-mineros-de-colombia-y-perú-presentan-resentan-una-queja-ante-el-single-entry-point-de-la-comisión-europea/,2022-05-17,1,False,other_allegations
GLEN.L,Glencore PLC,Glencore,757200,other_allegations,2022-02-21,2022,https://www.business-humanrights.org/en/latest-news/drc-investigations-reveal-poor-working-conditions-at-the-kamoto-copper-company-with-glencores-comments/,2022-02-21,1,False,other_allegations
GLEN.L,Glencore PLC,Glencore,757200,other_allegations,2021-12-07,2021,https://www.business-humanrights.org/en/latest-news/peru-demonstrators-arrested-for-protesting-against-the-pollution-caused-by-the-antamina-ordered-to-be-released-by-court/,2021-12-07,1,False,other_allegations
GLEN.L,Glencore PLC,Glencore,757200,other_allegations,2021-11-08,2021,https://www.business-humanrights.org/en/latest-news/drc-congolese-workers-mining-cobalt-for-electric-vehicles-report-abuse-low-wages-racial-discrimination/,2021-11-08,1,False,other_allegations
GLEN.L,Glencore PLC,Glencore,757200,other_allegations,2021-11-07,2021,https://www.business-humanrights.org/en/latest-news/drc-report-reveals-dire-working-conditions-discrimination-low-pay-across-cobalt-mines-supplying-electric-vehicle-manufacturers/,2021-11-07,1,False,other_allegations
GLEN.L,Glencore PLC,Glencore,757200,other_allegations,2021-10-07,2021,https://www.business-humanrights.org/en/latest-news/peru-communities-stage-blockade-to-protest-against-the-environmental-and-social-impact-of-glencore-mine/,2021-10-07,1,False,other_allegations
GLEN.L,Glencore PLC,Glencore,757200,other_allegations,2021-09-22,2021,https://www.business-humanrights.org/en/latest-news/perú-análisis-periodístico-explica-los-orígenes-y-actualización-del-conflicto-extendido-en-el-corredor-minero-cita-minera-china-las-bambas/,2021-09-22,1,False,other_allegations
GLEN.L,Glencore PLC,Glencore,757200,other_allegations,2021-07-12,2021,https://www.business-humanrights.org/en/latest-news/peru-report-reveals-contamination-of-water-linked-to-glencore-mine/,2021-07-12,1,False,other_allegations
GLEN.L,Glencore PLC,Glencore,757200,other_allegations,2021-06-28,2021,https://www.business-humanrights.org/en/latest-news/australia-govt-and-glencore-mine-accused-of-misusing-millions-meant-for-indigenous-owners/,2021-06-28,1,False,other_allegations
GLEN.L,Glencore PLC,Glencore,757200,other_allegations,2021-05-26,2021,https://www.business-humanrights.org/en/latest-news/kazakhstan-authorities-fine-kazzinc-for-violations-of-wastewater-discharge/,2021-05-26,1,False,other_allegations
GLEN.L,Glencore PLC,Glencore,757200,other_allegations,2021-04-06,2021,https://www.business-humanrights.org/en/latest-news/congo-glencores-kcc-mine-spills-acid-into-nearby-rivers/,2021-04-06,1,False,other_allegations
GLEN.L,Glencore PLC,Glencore,757200,other_allegations,2021-02-13,2021,https://www.business-humanrights.org/en/latest-news/legal-action-launched-against-nt-government-over-mcarthur-river-mine-security-bond/,2021-02-13,1,False,other_allegations
GLEN.L,Glencore PLC,Glencore,757200,other_allegations,2020-09-28,2020,https://www.business-humanrights.org/en/latest-news/peru-constitutional-court-ruled-to-uphold-constitutionality-of-a-resolution-demanding-large-companies-to-pay-taxes/,2020-09-28,1,False,other_allegations
GLEN.L,Glencore PLC,Glencore,757200,other_allegations,2020-07-29,2020,https://www.business-humanrights.org/en/latest-news/perú-protesta-contra-la-empresa-minera-antapaccay-exigen-un-bono-de-emergencia-para-afrontar-la-pandemia/,2020-07-29,1,False,other_allegations
GLEN.L,Glencore PLC,Glencore,757200,other_allegations,2020-07-13,2020,https://www.business-humanrights.org/en/latest-news/rdc-le-système-bancaire-du-pays-faciliterait-des-transactions-douteuses-comme-celles-reprochées-à-dan-gertler-selon-des-observateurs/,2020-07-13,1,False,other_allegations
GLEN.L,Glencore PLC,Glencore,757200,other_allegations,2020-06-23,2020,https://www.business-humanrights.org/en/latest-news/switzerland-prosecutors-launch-criminal-investigation-into-glencores-mining-activities-in-the-drc-for-alleged-corruption/,2020-06-23,1,False,other_allegations
GLEN.L,Glencore PLC,Glencore,757200,other_allegations,2020-06-19,2020,https://www.business-humanrights.org/en/latest-news/peru-miners-stage-sit-in-protests-amidst-covid-19-safety-concerns-surrounding-reopening-of-mines/,2020-06-19,1,False,other_allegations
GLEN.L,Glencore PLC,Glencore,757200,other_allegations,2020-06-08,2020,https://www.business-humanrights.org/en/latest-news/brasil-mineração-rio-do-norte-interfere-em-vida-de-quilombo-no-pará-deixando-rastros-de-pobreza-e-poluição-de-acordo-com-reportagem/,2020-06-08,1,False,other_allegations
GLEN.L,Glencore PLC,Glencore,757200,other_allegations,2020-06-02,2020,https://www.business-humanrights.org/en/latest-news/rights-groups-say-glencores-sustainability-report-lacks-credibility/,2020-06-02,1,False,other_allegations
GLEN.L,Glencore PLC,Glencore,757200,other_allegations,2020-05-10,2020,https://www.business-humanrights.org/en/latest-news/peru-local-communities-file-suit-challenging-agreements-between-chinese-mining-company-and-local-police/,2020-05-10,1,False,other_allegations
GLEN.L,Glencore PLC,Glencore,757200,other_allegations,2020-02-26,2020,https://www.business-humanrights.org/en/latest-news/peru-analyst-warns-of-5th-declaration-of-state-of-emergency-in-southern-mining-corridor-in-conflicts-with-local-communities-2/,2020-02-26,1,False,other_allegations
GLEN.L,Glencore PLC,Glencore,757200,other_allegations,2020-01-09,2020,https://www.business-humanrights.org/en/latest-news/perú-12-comunidades-piden-ser-tenidas-en-cuenta-en-la-consulta-previa-del-proyecto-minero-coroccohuayco-de-glencore/,2020-01-09,1,False,other_allegations
GLEN.L,Glencore PLC,Glencore,757200,other_allegations,2020-01-07,2020,https://www.business-humanrights.org/en/latest-news/rdc-la-société-civile-soupçonne-la-gecamines-de-vouloir-contourner-les-sanctions-américaines-contre-dan-gertler-en-lui-payant-sa-dette/,2020-01-07,1,False,other_allegations
GLEN.L,Glencore PLC,Glencore,757200,other_allegations,2019-12-18,2019,https://www.business-humanrights.org/en/latest-news/usa-familien-von-kinderarbeitern-klagen-nach-schweren-unglücken-und-todesfällen-in-kobaltminen-in-der-dr-kongo-gegen-tech-konzerne/,2019-12-18,1,False,other_allegations
GLEN.L,Glencore PLC,Glencore,757200,other_allegations,2019-10-28,2019,https://www.business-humanrights.org/en/latest-news/resource-matters-report-see-no-evil-speak-no-evil/,2019-10-28,1,False,other_allegations
GLEN.L,Glencore PLC,Glencore,757200,other_allegations,2019-08-20,2019,https://www.business-humanrights.org/en/latest-news/ngo-report-to-un-human-rights-council-details-allegations-of-workers-rights-abuses-by-glencore-around-the-world/,2019-08-20,1,False,other_allegations
GLEN.L,Glencore PLC,Glencore,757200,other_allegations,2019-08-10,2019,https://www.business-humanrights.org/en/latest-news/australia-glencores-mcarthur-river-mine-will-need-1000-years-of-monitoring-post-production/,2019-08-10,1,False,other_allegations
GLEN.L,Glencore PLC,Glencore,757200,other_allegations,2019-07-29,2019,https://www.business-humanrights.org/en/latest-news/drc-crisis-in-mines-requires-sustainable-solution-says-amnesty-international/,2019-07-29,1,False,other_allegations
GLEN.L,Glencore PLC,Glencore,757200,other_allegations,2019-07-01,2019,https://www.business-humanrights.org/en/latest-news/argentina-workers-at-glencores-el-aguilar-mine-strike-for-improved-safety-and-working-conditions/,2019-07-01,1,False,other_allegations
GLEN.L,Glencore PLC,Glencore,757200,other_allegations,2019-05-06,2019,https://www.business-humanrights.org/en/latest-news/peru-glencore-zinc-miners-strike-drags-on/,2019-05-06,1,False,other_allegations
GLEN.L,Glencore PLC,Glencore,757200,other_allegations,2019-04-25,2019,https://www.business-humanrights.org/en/latest-news/perú-ante-la-modificación-del-estudio-de-impacto-ambiental-de-proyecto-antapaccay-de-glencore-las-comunidades-de-espinar-piden-consulta-previa-libre-e-informada/,2019-04-25,1,False,other_allegations
GLEN.L,Glencore PLC,Glencore,757200,other_allegations,2019-02-25,2019,https://www.business-humanrights.org/en/latest-news/drc-at-least-18-people-died-after-a-collision-between-a-truck-carrying-acid-to-glencores-mine-and-two-other-vehicles/,2019-02-25,1,False,other_allegations
GLEN.L,Glencore PLC,Glencore,757200,other_allegations,2019-02-21,2019,https://www.business-humanrights.org/en/latest-news/perú-sociedad-civil-alerta-sobre-impactos-en-los-derechos-humanos-de-los-convenios-entre-la-policía-nacional-y-las-empresas-extractivas/,2019-02-21,1,False,other_allegations
GLEN.L,Glencore PLC,Glencore,757200,other_allegations,2019-02-10,2019,https://www.business-humanrights.org/en/latest-news/campesinos-de-espinar-reclaman-por-maltratos-a-empresas-glencore-y-carlyle-group/,2019-02-10,1,False,other_allegations
GLEN.L,Glencore PLC,Glencore,757200,other_allegations,2019-01-28,2019,https://www.business-humanrights.org/en/latest-news/glencore-seeks-to-protect-its-tax-secrets-in-australia-while-agreeing-to-a-financial-settlement-with-canadian-regulators-says-report/,2019-01-28,1,False,other_allegations
GLEN.L,Glencore PLC,Glencore,757200,other_allegations,2018-12-14,2018,https://www.business-humanrights.org/en/latest-news/perú-analistas-monitorean-investigación-de-autoridades-fiscales-sobre-elusión-fiscal-a-cinco-grandes-mineras/,2018-12-14,1,False,other_allegations
GLEN.L,Glencore PLC,Glencore,757200,other_allegations,2018-10-10,2018,https://www.business-humanrights.org/en/latest-news/australia-mine-fined-55000-after-safety-breach-injured-worker/,2018-10-10,1,False,other_allegations
GLEN.L,Glencore PLC,Glencore,757200,other_allegations,2018-10-02,2018,https://www.business-humanrights.org/en/latest-news/perú-la-comisión-interamericana-de-derechos-humanos-recibe-en-audiencia-a-trabajadores-mineros-enfermos-por-exposición-a-metales-pesados/,2018-10-02,1,False,other_allegations
GLEN.L,Glencore PLC,Glencore,757200,other_allegations,2018-08-30,2018,https://www.business-humanrights.org/en/latest-news/peru-portal-highlights-that-volcan-and-las-bambas-mining-projects-did-not-pay-but-half-the-price-for-the-water-they-use-in-their-operations-2/,2018-08-30,1,False,other_allegations
GLEN.L,Glencore PLC,Glencore,757200,other_allegations,2018-07-30,2018,https://www.business-humanrights.org/en/latest-news/comunidades-de-espinar-protestan-por-proyecto-coroccohuayco/,2018-07-30,1,False,other_allegations
GLEN.L,Glencore PLC,Glencore,757200,other_allegations,2017-11-22,2017,https://www.business-humanrights.org/en/latest-news/dem-rep-of-congo-glencore-subsidiary-katanga-mining-faces-trouble-including-management-change-and-investigation-by-canadian-authorities/,2017-11-22,1,False,other_allegations
GLEN.L,Glencore PLC,Glencore,757200,other_allegations,2017-10-31,2017,https://www.business-humanrights.org/en/latest-news/perú-corte-de-inglaterra-aceptó-juicio-contra-glencore-por-abusos-de-derechos-humanos-de-su-filial-tintaya/,2017-10-31,1,False,other_allegations
GLEN.L,Glencore PLC,Glencore,757200,other_allegations,2017-09-21,2017,https://www.business-humanrights.org/en/latest-news/perú-análisis-de-ong-destaca-débil-fiscalización-a-10-mineras-que-consumen-agua-en-el-país-más-árido-de-suramérica/,2017-09-21,1,False,other_allegations
GLEN.L,Glencore PLC,Glencore,757200,other_allegations,2017-08-07,2017,https://www.business-humanrights.org/en/latest-news/perú-informe-de-autoridades-mineras-llama-la-atención-por-la-falta-de-implementación-de-consultas-previas-a-pueblos-indígenas/,2017-08-07,1,False,other_allegations
GLEN.L,Glencore PLC,Glencore,757200,other_allegations,2017-08-07,2017,https://www.business-humanrights.org/en/latest-news/perú-comunidades-locales-denuncian-afectaciones-a-la-pesca-por-contaminación-de-minera-antamina-2/,2017-08-07,1,False,other_allegations
GLEN.L,Glencore PLC,Glencore,757200,other_allegations,2017-07-27,2017,https://www.business-humanrights.org/en/latest-news/argentina-fiscal-pide-investigar-a-ejecutivos-de-glencore-por-contaminación-de-escombrera-ilegal-en-mina-el-pachón/,2017-07-27,1,False,other_allegations
GLEN.L,Glencore PLC,Glencore,757200,other_allegations,2017-01-04,2017,https://www.business-humanrights.org/en/latest-news/perú-el-gobierno-anuncia-que-los-convenios-entre-las-empresas-mineras-y-la-policía-nacional-serán-públicamente-accesibles/,2017-01-04,1,False,other_allegations
GLEN.L,Glencore PLC,Glencore,757200,other_allegations,2016-12-05,2016,https://www.business-humanrights.org/en/latest-news/rép-dém-du-congo-la-famille-dun-employé-syndicaliste-décédé-accuse-kcc-dêtre-responsable-de-ce-drame-lentreprise-dit-que-la-justice-a-été-saisie/,2016-12-05,1,False,other_allegations
GLEN.L,Glencore PLC,Glencore,757200,other_allegations,2016-11-28,2016,https://www.business-humanrights.org/en/latest-news/australia-glencore-workers-allege-serious-injuries-from-toxic-smoke-at-mine-site/,2016-11-28,1,False,other_allegations
GLEN.L,Glencore PLC,Glencore,757200,other_allegations,2016-09-18,2016,https://www.business-humanrights.org/en/latest-news/zambia-court-orders-glencore-to-pay-compensation-after-ruling-toxic-emissions-at-copper-plant-led-to-death-of-politician/,2016-09-18,1,False,other_allegations
GLEN.L,Glencore PLC,Glencore,757200,other_allegations,2016-08-11,2016,https://www.business-humanrights.org/en/latest-news/chile-senador-pide-investigación-por-cuatro-derrames-de-desechos-mineros-2/,2016-08-11,1,False,other_allegations
GLEN.L,Glencore PLC,Glencore,757200,other_allegations,2016-07-22,2016,https://www.business-humanrights.org/en/latest-news/la-corte-británica-da-la-razón-a-indígenas-peruanos-en-el-caso-xstrata-sobre-la-divulgación-de-información/,2016-07-22,1,False,other_allegations
GLEN.L,Glencore PLC,Glencore,757200,other_allegations,2016-06-12,2016,https://www.business-humanrights.org/en/latest-news/australia-alleged-lack-of-medical-assistance-offered-to-mine-worker-on-remote-glencore-site/,2016-06-12,1,False,other_allegations
GLEN.L,Glencore PLC,Glencore,757200,other_allegations,2016-04-13,2016,https://www.business-humanrights.org/en/latest-news/bolivia-workers-stage-hunger-strike-at-glencore-zinc-mine/,2016-04-13,1,False,other_allegations
GLEN.L,Glencore PLC,Glencore,757200,other_allegations,2016-04-04,2016,https://www.business-humanrights.org/en/latest-news/perú-trabajadores-de-mina-antamina-muertos-y-otros-enfermos-de-cáncer-por-contaminación-con-metales-la-empresa-no-acepta-los-cargos/,2016-04-04,1,False,other_allegations
GLEN.L,Glencore PLC,Glencore,757200,other_allegations,2015-09-16,2015,https://www.business-humanrights.org/en/latest-news/impact-of-the-mining-industry-on-women-in-zambia/,2015-09-16,1,False,other_allegations
GLEN.L,Glencore PLC,Glencore,757200,other_allegations,2015-06-05,2015,https://www.business-humanrights.org/en/latest-news/perú-la-defensoría-del-pueblo-destaca-más-de-150-conflictos-socio-ambientales-en-un-mes-relativos-a-derechos-a-la-salud-al-agua-y-laborales-dejan-5-muertos-y-208-heridos/,2015-06-05,1,False,other_allegations
GLEN.L,Glencore PLC,Glencore,757200,other_allegations,2015-02-27,2015,https://www.business-humanrights.org/en/latest-news/perú-autoridades-abren-oficina-para-vigilancia-de-contaminación-minera-por-glencore-con-impactos-en-la-salud-el-acceso-al-agua-y-el-ambiente/,2015-02-27,1,False,other_allegations
GLEN.L,Glencore PLC,Glencore,757200,other_allegations,2014-08-27,2014,https://www.business-humanrights.org/en/latest-news/zambia-community-members-protest-against-glencore-over-sulphur-dioxide-pollution/,2014-08-27,1,False,other_allegations
GLEN.L,Glencore PLC,Glencore,757200,other_allegations,2014-08-25,2014,https://www.business-humanrights.org/en/latest-news/kazakhstan-accident-at-kazzincs-tishinsky-mine-results-in-fatality-worker-injuries/,2014-08-25,1,False,other_allegations
GLEN.L,Glencore PLC,Glencore,757200,other_allegations,2014-06-10,2014,https://www.business-humanrights.org/en/latest-news/australia-companies-to-face-court-over-mining-contractor-death-2/,2014-06-10,1,False,other_allegations
GLEN.L,Glencore PLC,Glencore,757200,other_allegations,2014-03-07,2014,https://www.business-humanrights.org/en/latest-news/dem-rep-of-congo-leaked-govt-report-says-mining-firms-in-katanga-province-owe-37-billion-in-unpaid-taxes-fees/,2014-03-07,1,False,other_allegations
GLEN.L,Glencore PLC,Glencore,757200,other_allegations,2013-11-02,2013,https://www.business-humanrights.org/en/latest-news/police-in-the-pay-of-mining-companies-the-responsibility-of-switzerland-and-peru-for-human-rights-violations-in-mining-dispute/,2013-11-02,1,False,other_allegations
GLEN.L,Glencore PLC,Glencore,757200,other_allegations,2013-04-30,2013,https://www.business-humanrights.org/en/latest-news/pdf-minería-en-colombia-fundamentos-para-superar-el-modelo-extractivista/,2013-04-30,1,False,other_allegations
GLEN.L,Glencore PLC,Glencore,757200,other_allegations,2012-05-26,2012,https://www.business-humanrights.org/en/latest-news/bolivia-la-empresa-minera-denunció-a-la-dirigente-por-supuestos-atentados-contra-la-seguridad/,2012-05-26,1,False,other_allegations
GLEN.L,Glencore PLC,Glencore,757200,other_allegations,2012-04-23,2012,https://www.business-humanrights.org/en/latest-news/video-zambia-good-copper-bad-copper/,2012-04-23,1,False,other_allegations
HAGG.DE,Hensoldt AG,Hensoldt,956913,other_allegations,2024-05-29,2024,https://www.business-humanrights.org/en/latest-news/friedensorganisationen-kritisieren-rheinmetall-und-hensoldt-für-rüstungskooperationen-mit-israel/,2024-05-29,1,False,other_allegations
HEIG.DE,Heidelberg Materials AG,Heidelberg Materials (HeidelbergCement),757496,lawsuits,2016-10-03,2016,https://www.business-humanrights.org/en/latest-news/lafarge-suez-cement-lawsuit-re-air-pollution-egypt/,2016-10-03,1,False,lawsuits
HEIG.DE,Heidelberg Materials AG,Heidelberg Materials (HeidelbergCement),757496,other_allegations,2026-04-12,2026,https://www.business-humanrights.org/en/latest-news/deutschland-aktivistinnen-rufen-wegen-hoher-co2-emissionen-und-weltweiter-menschenrechtsverletzungen-zum-protest-gegen-heidelberg-materials-auf-inkl-unternehmenskommentar/,2026-04-12,1,False,other_allegations
HEIG.DE,Heidelberg Materials AG,Heidelberg Materials (HeidelbergCement),757496,other_allegations,2025-10-29,2025,https://www.business-humanrights.org/en/latest-news/israel-opt-tochterfirma-von-heidelberg-materials-westbank/,2025-10-29,1,False,other_allegations
HEIG.DE,Heidelberg Materials AG,Heidelberg Materials (HeidelbergCement),757496,other_allegations,2025-10-28,2025,https://www.business-humanrights.org/en/latest-news/germany-pakistani-farmers-to-sue-rwe-and-heidelberg-materials-over-damage-caused-by-2022-floods/,2025-10-28,1,False,other_allegations
HEIG.DE,Heidelberg Materials AG,Heidelberg Materials (HeidelbergCement),757496,other_allegations,2025-06-16,2025,https://www.business-humanrights.org/en/latest-news/report-from-unsr-on-opt-from-economy-of-occupation-to-economy-of-genocide-3/,2025-06-16,1,False,other_allegations
HEIG.DE,Heidelberg Materials AG,Heidelberg Materials (HeidelbergCement),757496,other_allegations,2024-11-26,2024,https://www.business-humanrights.org/en/latest-news/israelopt-over-800-european-financial-institutions-had-financial-relationships-with-58-companies-actively-involved-in-the-illegal-israeli-settlements-report-finds/,2024-11-26,1,False,other_allegations
HEIN.AS,Heineken NV,Heineken,757449,hrd_attacks,2020-09-25,2020,https://www.business-humanrights.org/en/latest-news/25092020-oscar-eyraud-adams/,2020-09-25,1,False,hrd_attacks
HEIN.AS,Heineken NV,Heineken,757449,hrd_attacks,2020-08-25,2020,https://www.business-humanrights.org/en/latest-news/daniel-sotelo/,2020-08-25,1,False,hrd_attacks
HEIN.AS,Heineken NV,Heineken,757449,other_allegations,2025-07-06,2025,https://www.business-humanrights.org/en/latest-news/méxico-comunidades-denuncian-construcción-de-planta-de-heineken-en-yucatán-por-supuestos-impactos-ambientales-y-falta-de-consulta/,2025-07-06,1,False,other_allegations
HEXAb.ST,Hexagon AB,Hexagon,764543,other_allegations,2024-08-19,2024,https://www.business-humanrights.org/en/latest-news/database-tools-of-war-in-the-weapon-of-the-aggressor/,2024-08-19,1,False,other_allegations
HMb.ST,H & M Hennes & Mauritz AB,Hennes & Mauritz (H&M),757581,hrd_attacks,2020-01-01,2020,https://www.business-humanrights.org/en/latest-news/11-workers-and-union-leaders-in-bangladesh/,2020-01-01,1,False,hrd_attacks
HMb.ST,H & M Hennes & Mauritz AB,Hennes & Mauritz (H&M),757581,hrd_attacks,2017-02-05,2017,https://www.business-humanrights.org/en/latest-news/shawkat-ali/,2017-02-05,1,False,hrd_attacks
HMb.ST,H & M Hennes & Mauritz AB,Hennes & Mauritz (H&M),757581,hrd_attacks,2016-12-01,2016,https://www.business-humanrights.org/en/latest-news/nazmul-huda/,2016-12-01,1,False,hrd_attacks
HMb.ST,H & M Hennes & Mauritz AB,Hennes & Mauritz (H&M),757581,other_allegations,2026-01-31,2026,https://www.business-humanrights.org/en/latest-news/south-asia-global-fashion-brands-textile-recycling-schemes-linked-to-labour-rights-risks-in-india-and-pakistan-arisa-findings/,2026-01-31,1,False,other_allegations
HMb.ST,H & M Hennes & Mauritz AB,Hennes & Mauritz (H&M),757581,other_allegations,2025-12-04,2025,https://www.business-humanrights.org/en/latest-news/pakistan-fashion-brand-commitments-on-garment-worker-rights-belied-by-lived-reality-of-workers-amid-escalating-temperatures-report-finds/,2025-12-04,1,False,other_allegations
HMb.ST,H & M Hennes & Mauritz AB,Hennes & Mauritz (H&M),757581,other_allegations,2025-11-01,2025,https://www.business-humanrights.org/en/latest-news/australia-retailer-hm-investigated-over-underpayments-remediation-process-launched-incl-back-pay/,2025-11-01,1,False,other_allegations
HMb.ST,H & M Hennes & Mauritz AB,Hennes & Mauritz (H&M),757581,other_allegations,2025-10-09,2025,https://www.business-humanrights.org/en/latest-news/brazil-major-global-fashion-and-footwear-brands-are-linked-through-their-leather-supply-chains-to-producers-implicated-in-environmental-and-human-rights-harms-according-to-report/,2025-10-09,1,False,other_allegations
HMb.ST,H & M Hennes & Mauritz AB,Hennes & Mauritz (H&M),757581,other_allegations,2025-09-16,2025,https://www.business-humanrights.org/en/latest-news/indonesia-garment-workers-livelihoods-impacted-by-us-tariffs-wpftc/,2025-09-16,1,False,other_allegations
HMb.ST,H & M Hennes & Mauritz AB,Hennes & Mauritz (H&M),757581,other_allegations,2025-02-28,2025,https://www.business-humanrights.org/en/latest-news/indonesia-sritex-set-to-cease-all-factory-operations-impacting-over-10000-garment-workers/,2025-02-28,1,False,other_allegations
HMb.ST,H & M Hennes & Mauritz AB,Hennes & Mauritz (H&M),757581,other_allegations,2025-02-11,2025,https://www.business-humanrights.org/en/latest-news/following-the-thread-labor-abuses-in-taiwans-textile-industry/,2025-02-11,1,False,other_allegations
HMb.ST,H & M Hennes & Mauritz AB,Hennes & Mauritz (H&M),757581,other_allegations,2024-10-31,2024,https://www.business-humanrights.org/en/latest-news/myanmar-garment-factory-owner-withholding-workers-wages/,2024-10-31,1,False,other_allegations
HMb.ST,H & M Hennes & Mauritz AB,Hennes & Mauritz (H&M),757581,other_allegations,2024-10-10,2024,https://www.business-humanrights.org/en/latest-news/myanmar-over-1000-garment-workers-protest-demanding-wage-increase/,2024-10-10,1,False,other_allegations
HMb.ST,H & M Hennes & Mauritz AB,Hennes & Mauritz (H&M),757581,other_allegations,2024-10-06,2024,https://www.business-humanrights.org/en/latest-news/myanmar-workers-at-myanmar-york-garment-factory-allege-pay-discrimination-and-inadequate-wages-and-benefits/,2024-10-06,1,False,other_allegations
HMb.ST,H & M Hennes & Mauritz AB,Hennes & Mauritz (H&M),757581,other_allegations,2024-10-04,2024,https://www.business-humanrights.org/en/latest-news/myanmar-workers-hired-as-day-labourers-at-sunrise-myanmar-demand-permanent-employment-status/,2024-10-04,1,False,other_allegations
HMb.ST,H & M Hennes & Mauritz AB,Hennes & Mauritz (H&M),757581,other_allegations,2024-08-18,2024,https://www.business-humanrights.org/en/latest-news/myanmar-workers-allegedly-forced-to-work-all-night-among-other-abuses-at-hua-yue-garment/,2024-08-18,1,False,other_allegations
HMb.ST,H & M Hennes & Mauritz AB,Hennes & Mauritz (H&M),757581,other_allegations,2024-08-17,2024,https://www.business-humanrights.org/en/latest-news/myanmar-garment-workers-forced-to-sleep-overnight-at-the-factory-for-late-shifts/,2024-08-17,1,False,other_allegations
HMb.ST,H & M Hennes & Mauritz AB,Hennes & Mauritz (H&M),757581,other_allegations,2024-07-31,2024,https://www.business-humanrights.org/en/latest-news/myanmar-garment-workers-forced-to-work-overtime-following-brand-inspections/,2024-07-31,1,False,other_allegations
HMb.ST,H & M Hennes & Mauritz AB,Hennes & Mauritz (H&M),757581,other_allegations,2024-06-20,2024,https://www.business-humanrights.org/en/latest-news/myanmar-garment-workers-at-alleged-hm-supplier-pressured-to-work-overtime/,2024-06-20,1,False,other_allegations
HMb.ST,H & M Hennes & Mauritz AB,Hennes & Mauritz (H&M),757581,other_allegations,2024-06-10,2024,https://www.business-humanrights.org/en/latest-news/myanmar-garment-workers-strike-demanding-wage-increase-due-to-rising-living-costs/,2024-06-10,1,False,other_allegations
HMb.ST,H & M Hennes & Mauritz AB,Hennes & Mauritz (H&M),757581,other_allegations,2024-06-07,2024,https://www.business-humanrights.org/en/latest-news/indonesia-layoffs-in-textile-industry-increase-by-66/,2024-06-07,1,False,other_allegations
HMb.ST,H & M Hennes & Mauritz AB,Hennes & Mauritz (H&M),757581,other_allegations,2024-05-20,2024,https://www.business-humanrights.org/en/latest-news/myanmar-garment-workers-file-lawsuit-over-factory-transfer/,2024-05-20,1,False,other_allegations
HMb.ST,H & M Hennes & Mauritz AB,Hennes & Mauritz (H&M),757581,other_allegations,2024-05-14,2024,https://www.business-humanrights.org/en/latest-news/myanmar-garment-workers-intimidated-into-doing-overtime-shifts/,2024-05-14,1,False,other_allegations
HMb.ST,H & M Hennes & Mauritz AB,Hennes & Mauritz (H&M),757581,other_allegations,2024-04-01,2024,https://www.business-humanrights.org/en/latest-news/myanmar-employers-at-hm-supplier-allegedly-forming-yellow-union/,2024-04-01,1,False,other_allegations
HMb.ST,H & M Hennes & Mauritz AB,Hennes & Mauritz (H&M),757581,other_allegations,2024-03-16,2024,https://www.business-humanrights.org/en/latest-news/myanmar-garment-workers-pressured-to-sign-agreement-to-work-continuously-for-20-days-to-substitute-holiday-leave/,2024-03-16,1,False,other_allegations
HMb.ST,H & M Hennes & Mauritz AB,Hennes & Mauritz (H&M),757581,other_allegations,2024-03-16,2024,https://www.business-humanrights.org/en/latest-news/myanmar-workers-being-forced-to-meet-high-targets-with-fewer-workers/,2024-03-16,1,False,other_allegations
HMb.ST,H & M Hennes & Mauritz AB,Hennes & Mauritz (H&M),757581,other_allegations,2024-03-10,2024,https://www.business-humanrights.org/en/latest-news/myanmar-garment-workers-face-ongoing-labour-rights-abuses/,2024-03-10,1,False,other_allegations
HMb.ST,H & M Hennes & Mauritz AB,Hennes & Mauritz (H&M),757581,other_allegations,2024-03-06,2024,https://www.business-humanrights.org/en/latest-news/myanmar-garment-workers-who-resigned-following-introduction-of-conscription-law-unable-to-retrieve-wages/,2024-03-06,1,False,other_allegations
HMb.ST,H & M Hennes & Mauritz AB,Hennes & Mauritz (H&M),757581,other_allegations,2024-02-06,2024,https://www.business-humanrights.org/en/latest-news/myanmar-day-labourers-at-alleged-pokémon-merchandise-supplier-fired-after-labour-rights-abuses-reported-on-social-media/,2024-02-06,1,False,other_allegations
HMb.ST,H & M Hennes & Mauritz AB,Hennes & Mauritz (H&M),757581,other_allegations,2024-02-05,2024,https://www.business-humanrights.org/en/latest-news/turkey-one-year-after-earthquake-syrian-garment-workers-face-unemployment-exploitative-working-conditions/,2024-02-05,1,False,other_allegations
HMb.ST,H & M Hennes & Mauritz AB,Hennes & Mauritz (H&M),757581,other_allegations,2024-01-21,2024,https://www.business-humanrights.org/en/latest-news/myanmar-garment-workers-at-alleged-hm-supplier-report-labour-rights-abuses/,2024-01-21,1,False,other_allegations
HMb.ST,H & M Hennes & Mauritz AB,Hennes & Mauritz (H&M),757581,other_allegations,2023-12-28,2023,https://www.business-humanrights.org/en/latest-news/myanmar-workers-at-sunrise-myanmar-factory-forced-to-lie-to-inspection-teams/,2023-12-28,1,False,other_allegations
HMb.ST,H & M Hennes & Mauritz AB,Hennes & Mauritz (H&M),757581,other_allegations,2023-12-25,2023,https://www.business-humanrights.org/en/latest-news/myanmar-garment-workers-forced-to-lie-to-brand-representatives-who-audit-the-factory/,2023-12-25,1,False,other_allegations
HMb.ST,H & M Hennes & Mauritz AB,Hennes & Mauritz (H&M),757581,other_allegations,2023-12-03,2023,https://www.business-humanrights.org/en/latest-news/myanmar-garment-factory-closes-without-paying-workers-owed-wages/,2023-12-03,1,False,other_allegations
HMb.ST,H & M Hennes & Mauritz AB,Hennes & Mauritz (H&M),757581,other_allegations,2023-10-23,2023,https://www.business-humanrights.org/en/latest-news/myanmar-garment-workers-at-alleged-hm-supplier-reportedly-forced-to-resign-after-two-days-of-leave/,2023-10-23,1,False,other_allegations
HMb.ST,H & M Hennes & Mauritz AB,Hennes & Mauritz (H&M),757581,other_allegations,2023-08-28,2023,https://www.business-humanrights.org/en/latest-news/myanmar-garment-worker-fired-after-being-punched-in-the-workplace/,2023-08-28,1,False,other_allegations
HMb.ST,H & M Hennes & Mauritz AB,Hennes & Mauritz (H&M),757581,other_allegations,2023-08-11,2023,https://www.business-humanrights.org/en/latest-news/myanmar-garment-workers-at-sunrise-myanmar-report-ongoing-forced-overtime-despite-visit-from-labour-office/,2023-08-11,1,False,other_allegations
HMb.ST,H & M Hennes & Mauritz AB,Hennes & Mauritz (H&M),757581,other_allegations,2023-06-23,2023,https://www.business-humanrights.org/en/latest-news/myanmar-more-than-3000-workers-at-myanmar-york-factory-suffering-rights-violations/,2023-06-23,1,False,other_allegations
HMb.ST,H & M Hennes & Mauritz AB,Hennes & Mauritz (H&M),757581,other_allegations,2023-06-22,2023,https://www.business-humanrights.org/en/latest-news/myanmar-workers-report-multiple-labour-rights-abuses-at-myanmarjiale-fashion-garment-factory/,2023-06-22,1,False,other_allegations
HMb.ST,H & M Hennes & Mauritz AB,Hennes & Mauritz (H&M),757581,other_allegations,2023-06-13,2023,https://www.business-humanrights.org/en/latest-news/myanmar-garment-workers-to-receive-pay-rise-following-protests/,2023-06-13,1,False,other_allegations
HMb.ST,H & M Hennes & Mauritz AB,Hennes & Mauritz (H&M),757581,other_allegations,2023-06-06,2023,https://www.business-humanrights.org/en/latest-news/myanmar-workers-zhejiang-tongli-garment-factory-demand-wage-and-contract-improvement/,2023-06-06,1,False,other_allegations
HMb.ST,H & M Hennes & Mauritz AB,Hennes & Mauritz (H&M),757581,other_allegations,2023-05-30,2023,https://www.business-humanrights.org/en/latest-news/myanmar-garment-workers-at-alleged-hm-supplier-report-multiple-rights-violations/,2023-05-30,1,False,other_allegations
HMb.ST,H & M Hennes & Mauritz AB,Hennes & Mauritz (H&M),757581,other_allegations,2023-05-29,2023,https://www.business-humanrights.org/en/latest-news/myanmar-workers-at-shoe-factory-reportedly-subjected-to-labour-rights-violations-incl-denial-of-leave-mandatory-overtime-and-physical-abuse/,2023-05-29,1,False,other_allegations
HMb.ST,H & M Hennes & Mauritz AB,Hennes & Mauritz (H&M),757581,other_allegations,2023-04-20,2023,https://www.business-humanrights.org/en/latest-news/myanmar-workers-at-shoe-factory-report-labour-rights-abuses-incl-denial-of-leave-no-access-to-medical-assistance-or-supplies/,2023-04-20,1,False,other_allegations
HMb.ST,H & M Hennes & Mauritz AB,Hennes & Mauritz (H&M),757581,other_allegations,2023-03-27,2023,https://www.business-humanrights.org/en/latest-news/myanmar-garment-workers-report-multiple-labour-rights-abuses-incl-denied-of-social-security-benefits-mandatory-overtime/,2023-03-27,1,False,other_allegations
HMb.ST,H & M Hennes & Mauritz AB,Hennes & Mauritz (H&M),757581,other_allegations,2023-03-16,2023,https://www.business-humanrights.org/en/latest-news/myanmar-suzhou-silk-fashion-factory-which-supplies-hm-asks-workers-to-pay-allowance-for-holidays/,2023-03-16,1,False,other_allegations
HMb.ST,H & M Hennes & Mauritz AB,Hennes & Mauritz (H&M),757581,other_allegations,2023-02-16,2023,https://www.business-humanrights.org/en/latest-news/myanmar-garment-workers-at-myanmar-jiale-garment-who-take-more-than-two-days-of-leave-reportedly-face-wage-cuts/,2023-02-16,1,False,other_allegations
HMb.ST,H & M Hennes & Mauritz AB,Hennes & Mauritz (H&M),757581,other_allegations,2023-01-27,2023,https://www.business-humanrights.org/en/latest-news/myanmar-garment-worker-dismissed-for-taking-sick-leave-after-fainting-in-factory/,2023-01-27,1,False,other_allegations
HMb.ST,H & M Hennes & Mauritz AB,Hennes & Mauritz (H&M),757581,other_allegations,2023-01-23,2023,https://www.business-humanrights.org/en/latest-news/myanmar-garment-workers-allegedly-forced-to-work-overnight-report-denied-wages-demotion-if-they-take-leave/,2023-01-23,1,False,other_allegations
HMb.ST,H & M Hennes & Mauritz AB,Hennes & Mauritz (H&M),757581,other_allegations,2023-01-15,2023,https://www.business-humanrights.org/en/latest-news/myanmar-garment-workers-report-multiple-labour-rights-abuses-at-factory-incl-physical-verbal-abuse-forced-overtime-denial-of-benefits/,2023-01-15,1,False,other_allegations
HMb.ST,H & M Hennes & Mauritz AB,Hennes & Mauritz (H&M),757581,other_allegations,2022-12-30,2022,https://www.business-humanrights.org/en/latest-news/myanmar-workplace-coordination-committees-formed-since-the-coup-in-garment-factories-allegedly-operate-in-collusion-with-employers-to-oppress-workers/,2022-12-30,1,False,other_allegations
HMb.ST,H & M Hennes & Mauritz AB,Hennes & Mauritz (H&M),757581,other_allegations,2022-09-18,2022,https://www.business-humanrights.org/en/latest-news/myanmar-garment-workers-at-hm-supplier-reportedly-forced-to-walk-on-their-knees-after-failing-to-meet-targets/,2022-09-18,1,False,other_allegations
HMb.ST,H & M Hennes & Mauritz AB,Hennes & Mauritz (H&M),757581,other_allegations,2022-09-16,2022,https://www.business-humanrights.org/en/latest-news/myanmar-garment-worker-reprotedly-dismissed-denied-severance-pay-after-factory-blacklisted-for-late-repayment-of-loan/,2022-09-16,1,False,other_allegations
HMb.ST,H & M Hennes & Mauritz AB,Hennes & Mauritz (H&M),757581,other_allegations,2022-08-18,2022,https://www.business-humanrights.org/en/latest-news/myanmar-garment-workers-at-myanmar-jiale-fashion-garment-factory-report-child-labour-forced-overtime-verbal-abuse-discrimination-against-pregnant-workers/,2022-08-18,1,False,other_allegations
HMb.ST,H & M Hennes & Mauritz AB,Hennes & Mauritz (H&M),757581,other_allegations,2022-08-08,2022,https://www.business-humanrights.org/en/latest-news/myanmar-garment-workers-from-sagaing-magway-divisions-face-selective-dismissal-denial-of-permanent-contracts/,2022-08-08,1,False,other_allegations
HMb.ST,H & M Hennes & Mauritz AB,Hennes & Mauritz (H&M),757581,other_allegations,2022-07-06,2022,https://www.business-humanrights.org/en/latest-news/myanmar-workers-at-kingsrich-myanmar-factory-report-labour-rights-violations-incl-forced-overtime-dismissal-of-workers-safety-threats-of-arrest-by-the-military/,2022-07-06,1,False,other_allegations
HMb.ST,H & M Hennes & Mauritz AB,Hennes & Mauritz (H&M),757581,other_allegations,2022-06-23,2022,https://www.business-humanrights.org/en/latest-news/myanmar-ovs-hm-supplier-accused-of-poor-health-safety-verbal-abuse-and-denying-workers-legal-benefits/,2022-06-23,1,False,other_allegations
HMb.ST,H & M Hennes & Mauritz AB,Hennes & Mauritz (H&M),757581,other_allegations,2022-04-05,2022,https://www.business-humanrights.org/en/latest-news/myanmar-garment-workers-at-hm-supplier-allegedly-forced-to-work-overtime-without-pay-face-crackdown-on-unions-by-military/,2022-04-05,1,False,other_allegations
HMb.ST,H & M Hennes & Mauritz AB,Hennes & Mauritz (H&M),757581,other_allegations,2022-03-15,2022,https://www.business-humanrights.org/en/latest-news/myanmar-garment-workers-allege-they-starve-in-order-to-meet-excessive-work-targets/,2022-03-15,1,False,other_allegations
HMb.ST,H & M Hennes & Mauritz AB,Hennes & Mauritz (H&M),757581,other_allegations,2022-02-21,2022,https://www.business-humanrights.org/en/latest-news/myanmar-garment-workers-at-hm-supplier-allegedly-face-hardship-due-to-the-non-payment-of-compensation-for-the-factorys-temporary-closure/,2022-02-21,1,False,other_allegations
HMb.ST,H & M Hennes & Mauritz AB,Hennes & Mauritz (H&M),757581,other_allegations,2021-12-09,2021,https://www.business-humanrights.org/en/latest-news/myanmar-hm-supplier-accused-of-cutting-workers-wages-sick-leave/,2021-12-09,1,False,other_allegations
HMb.ST,H & M Hennes & Mauritz AB,Hennes & Mauritz (H&M),757581,other_allegations,2021-12-07,2021,https://www.business-humanrights.org/en/latest-news/myanmar-garment-workers-at-textile-palace-forced-to-work-overtime-and-denied-leave-to-meet-increasing-targets/,2021-12-07,1,False,other_allegations
HMb.ST,H & M Hennes & Mauritz AB,Hennes & Mauritz (H&M),757581,other_allegations,2021-12-03,2021,https://www.business-humanrights.org/en/latest-news/myanmar-86-garment-workers-at-hm-ca-supplier-dismissed-with-reduced-compensation/,2021-12-03,1,False,other_allegations
HMb.ST,H & M Hennes & Mauritz AB,Hennes & Mauritz (H&M),757581,other_allegations,2021-11-23,2021,https://www.business-humanrights.org/en/latest-news/myanmar-garment-workers-report-increasing-violence-collusion-between-management-and-junta-to-target-activists/,2021-11-23,1,False,other_allegations
HMb.ST,H & M Hennes & Mauritz AB,Hennes & Mauritz (H&M),757581,other_allegations,2021-09-05,2021,https://www.business-humanrights.org/en/latest-news/myanmar-two-workers-at-backpack-factory-arrested-by-military/,2021-09-05,1,False,other_allegations
HMb.ST,H & M Hennes & Mauritz AB,Hennes & Mauritz (H&M),757581,other_allegations,2021-08-15,2021,https://www.business-humanrights.org/en/latest-news/myanmar-garment-workers-report-limited-covid-19-measures-at-factory-where-three-workers-died/,2021-08-15,1,False,other_allegations
HOLN.S,Holcim AG,Holcim (part of LafargeHolcim),757434,lawsuits,2016-11-15,2016,https://www.business-humanrights.org/en/latest-news/lafarge-lawsuit-re-complicity-in-crimes-against-humanity-in-syria/,2016-11-15,1,False,lawsuits
HOLN.S,Holcim AG,Holcim (part of LafargeHolcim),757434,other_allegations,2025-09-03,2025,https://www.business-humanrights.org/en/latest-news/switzerland-court-to-decide-whether-to-hear-climate-case-by-indonesian-islanders-against-holcim/,2025-09-03,1,False,other_allegations
HSBA.L,HSBC Holdings PLC,HSBC,757428,hrd_attacks,2020-04-07,2020,https://www.business-humanrights.org/en/latest-news/ibrahimo-abu-mbaruco/,2020-04-07,1,False,hrd_attacks
HSBA.L,HSBC Holdings PLC,HSBC,757428,hrd_attacks,2015-11-27,2015,https://www.business-humanrights.org/en/latest-news/hervé-falciani/,2015-11-27,1,False,hrd_attacks
HSBA.L,HSBC Holdings PLC,HSBC,757428,other_allegations,2026-02-27,2026,https://www.business-humanrights.org/en/latest-news/uganda-banks-accused-of-back-door-funding-for-eacop-via-15bn-totalenergies-bond/,2026-02-27,1,False,other_allegations
HSBA.L,HSBC Holdings PLC,HSBC,757428,other_allegations,2025-11-27,2025,https://www.business-humanrights.org/en/latest-news/uganda-new-sets-of-testimonies-confirmed-continuation-of-livelihood-impacts-foa-suppression-gender-based-violence-and-arbitrary-arrests-at-eacops-kingfisher-development-area/,2025-11-27,1,False,other_allegations
HSBA.L,HSBC Holdings PLC,HSBC,757428,other_allegations,2025-09-15,2025,https://www.business-humanrights.org/en/latest-news/iopt-report-by-uni-global-union-alliance-exposes-foreign-companies-profiting-from-illegal-israeli-settlements-in-the-west-bank-incl-east-jerusalem/,2025-09-15,1,False,other_allegations
HSBA.L,HSBC Holdings PLC,HSBC,757428,other_allegations,2025-05-05,2025,https://www.business-humanrights.org/en/latest-news/report-from-kingfisher-to-the-lakes-how-human-rights-violations-in-eacop-hotspot-underscore-larger-trends-of-abuse-in-the-afdb-funded-leaf-ii-project-in-northwestern-uganda/,2025-05-05,1,False,other_allegations
HSBA.L,HSBC Holdings PLC,HSBC,757428,other_allegations,2025-05-02,2025,https://www.business-humanrights.org/en/latest-news/uganda-activist-asks-hsbc-to-put-lives-before-profit-as-campaigners-target-banks-agm/,2025-05-02,1,False,other_allegations
HSBA.L,HSBC Holdings PLC,HSBC,757428,other_allegations,2025-04-29,2025,https://www.business-humanrights.org/en/latest-news/bank-transition-plans-a-roadmap-to-nowhere/,2025-04-29,1,False,other_allegations
HSBA.L,HSBC Holdings PLC,HSBC,757428,other_allegations,2025-03-11,2025,https://www.business-humanrights.org/en/latest-news/cameroun-face-à-de-nouvelles-accusations-dabus-sexuels-et-daccaparement-de-terres-par-sa-filiale-socfin-sexplique/,2025-03-11,1,False,other_allegations
HSBA.L,HSBC Holdings PLC,HSBC,757428,other_allegations,2024-09-24,2024,https://www.business-humanrights.org/en/latest-news/report-reveals-a-network-of-front-companies-and-shell-entities-masking-wagners-commercial-expansion-in-sudan-and-central-africa/,2024-09-24,1,False,other_allegations
HSBA.L,HSBC Holdings PLC,HSBC,757428,other_allegations,2024-07-02,2024,https://www.business-humanrights.org/en/latest-news/taiwan-vietnamese-thai-workers-subcontracted-on-samsung-ct-rseas-new-airport-build-tell-of-fee-charging-abusive-practices-as-a-quarter-prefer-undocumented-work/,2024-07-02,1,False,other_allegations
HSBA.L,HSBC Holdings PLC,HSBC,757428,other_allegations,2024-06-27,2024,https://www.business-humanrights.org/en/latest-news/taiwan-bicycle-manufacturer-giant-brands-trek-scott-linked-to-allegations-of-fee-charging-abusive-living-conditions-for-migrant-workers-incl-co-comments/,2024-06-27,1,False,other_allegations
IHG.L,InterContinental Hotels Group PLC,IHG Hotels & Resorts,757656,other_allegations,2025-04-17,2025,https://www.business-humanrights.org/en/latest-news/5-china-report-links-accor-hilton-ihg-marriott-wyndham-to-xinjiang-hotels-with-forced-labor-risks-booking-sites-flagged-for-listings/,2025-04-17,1,False,other_allegations
IHG.L,InterContinental Hotels Group PLC,IHG Hotels & Resorts,757656,other_allegations,2023-10-23,2023,https://www.business-humanrights.org/en/latest-news/la-hotels-hire-migrants-from-skid-row-homeless-shelter-to-replace-striking-workers-gascón-investigates/,2023-10-23,1,False,other_allegations
IHG.L,InterContinental Hotels Group PLC,IHG Hotels & Resorts,757656,other_allegations,2023-10-10,2023,https://www.business-humanrights.org/en/latest-news/mcdonalds-and-chuck-e-cheese-tied-to-alleged-foreign-worker-exploitation/,2023-10-10,1,False,other_allegations
IHG.L,InterContinental Hotels Group PLC,IHG Hotels & Resorts,757656,other_allegations,2023-06-12,2023,https://www.business-humanrights.org/en/latest-news/you-have-just-to-do-your-work-and-suffer-alone/,2023-06-12,1,False,other_allegations
IHG.L,InterContinental Hotels Group PLC,IHG Hotels & Resorts,757656,other_allegations,2021-02-08,2021,https://www.business-humanrights.org/en/latest-news/the-long-wait-before-flight/,2021-02-08,1,False,other_allegations
IHG.L,InterContinental Hotels Group PLC,IHG Hotels & Resorts,757656,other_allegations,2020-11-19,2020,https://www.business-humanrights.org/en/latest-news/the-cost-of-contagion-the-consequences-of-covid-19-for-migrant-workers-in-the-gulf-2/,2020-11-19,1,False,other_allegations
IHG.L,InterContinental Hotels Group PLC,IHG Hotels & Resorts,757656,other_allegations,2020-07-27,2020,https://www.business-humanrights.org/en/latest-news/getting-lucky-client-not-employer-decides-how-you-live/,2020-07-27,1,False,other_allegations
INGA.AS,ING Groep NV,ING,757625,other_allegations,2026-02-10,2026,https://www.business-humanrights.org/en/latest-news/papua-new-guinea-banks-decline-to-finance-totalenergies-lng-project-in/,2026-02-10,1,False,other_allegations
INGA.AS,ING Groep NV,ING,757625,other_allegations,2025-11-24,2025,https://www.business-humanrights.org/en/latest-news/guinea-a-new-report-highlights-concerns-and-expectations-of-rural-communities-at-risk-from-cbgs-plan-to-expand-its-mining-operation/,2025-11-24,1,False,other_allegations
INGA.AS,ING Groep NV,ING,757625,other_allegations,2025-04-29,2025,https://www.business-humanrights.org/en/latest-news/bank-transition-plans-a-roadmap-to-nowhere/,2025-04-29,1,False,other_allegations
INGA.AS,ING Groep NV,ING,757625,other_allegations,2025-03-28,2025,https://www.business-humanrights.org/en/latest-news/netherlands-ing-sued-by-dutch-non-profit-for-alleged-failures-over-climate/,2025-03-28,1,False,other_allegations
INGA.AS,ING Groep NV,ING,757625,other_allegations,2024-11-26,2024,https://www.business-humanrights.org/en/latest-news/israelopt-over-800-european-financial-institutions-had-financial-relationships-with-58-companies-actively-involved-in-the-illegal-israeli-settlements-report-finds/,2024-11-26,1,False,other_allegations
INGA.AS,ING Groep NV,ING,757625,other_allegations,2024-04-01,2024,https://www.business-humanrights.org/en/latest-news/guinea-mit-deutscher-kreditabsicherung-finanzierte-bauxit-mine-zerstört-mutmaßlich-die-umwelt-die-artenvielfalt-und-die-lebensgrundlagen-der-umliegenden-bevölkerung/,2024-04-01,1,False,other_allegations
ISP.MI,Intesa Sanpaolo SpA,Intesa Sanpaolo,757727,other_allegations,2026-02-27,2026,https://www.business-humanrights.org/en/latest-news/uganda-banks-accused-of-back-door-funding-for-eacop-via-15bn-totalenergies-bond/,2026-02-27,1,False,other_allegations
ISP.MI,Intesa Sanpaolo SpA,Intesa Sanpaolo,757727,other_allegations,2025-05-05,2025,https://www.business-humanrights.org/en/latest-news/report-from-kingfisher-to-the-lakes-how-human-rights-violations-in-eacop-hotspot-underscore-larger-trends-of-abuse-in-the-afdb-funded-leaf-ii-project-in-northwestern-uganda/,2025-05-05,1,False,other_allegations
ISP.MI,Intesa Sanpaolo SpA,Intesa Sanpaolo,757727,other_allegations,2025-04-29,2025,https://www.business-humanrights.org/en/latest-news/bank-transition-plans-a-roadmap-to-nowhere/,2025-04-29,1,False,other_allegations
ISP.MI,Intesa Sanpaolo SpA,Intesa Sanpaolo,757727,other_allegations,2024-11-26,2024,https://www.business-humanrights.org/en/latest-news/israelopt-over-800-european-financial-institutions-had-financial-relationships-with-58-companies-actively-involved-in-the-illegal-israeli-settlements-report-finds/,2024-11-26,1,False,other_allegations
ISS.CO,ISS A/S,ISS,757634,other_allegations,2024-04-14,2024,https://www.business-humanrights.org/en/latest-news/uk-migrant-cleaners-employed-by-govt-contracted-facilities-management-co-iss-allege-discriminatory-working-conditions-compared-to-white-colleagues-incl-co-comment/,2024-04-14,1,False,other_allegations
ISS.CO,ISS A/S,ISS,757634,other_allegations,2023-08-08,2023,https://www.business-humanrights.org/en/latest-news/crime-leader-who-recruited-illegal-workers-to-clean-at-sainsburys-jailed/,2023-08-08,1,False,other_allegations
ITRK.L,Intertek Group PLC,Intertek,760667,other_allegations,2025-04-16,2025,https://www.business-humanrights.org/en/latest-news/thailand-auditing-industry-fails-to-protect-migrant-workers-incl-by-covering-up-exploitative-practices-in-garment-factories-say-labour-rights-groups/,2025-04-16,1,False,other_allegations
ITRK.L,Intertek Group PLC,Intertek,760667,other_allegations,2023-12-31,2023,https://www.business-humanrights.org/en/latest-news/im-suing-tesco-after-working-99-hour-weeks-i-cant-afford-to-feed-my-child/,2023-12-31,1,False,other_allegations
ITRK.L,Intertek Group PLC,Intertek,760667,other_allegations,2022-12-18,2022,https://www.business-humanrights.org/en/latest-news/uk-tesco-faces-landmark-lawsuit-from-former-garment-workers-over-alleged-sweatshop-conditions-in-thai-factory/,2022-12-18,1,False,other_allegations
ITX.MC,Industria de Diseno Textil SA,Inditex,757645,hrd_attacks,2023-06-14,2023,https://www.business-humanrights.org/en/latest-news/ma-aung-aung/,2023-06-14,1,False,hrd_attacks
ITX.MC,Industria de Diseno Textil SA,Inditex,757645,hrd_attacks,2023-06-14,2023,https://www.business-humanrights.org/en/latest-news/ma-thandar-aye/,2023-06-14,1,False,hrd_attacks
ITX.MC,Industria de Diseno Textil SA,Inditex,757645,hrd_attacks,2023-06-14,2023,https://www.business-humanrights.org/en/latest-news/ma-ayr-thandar-htay/,2023-06-14,1,False,hrd_attacks
ITX.MC,Industria de Diseno Textil SA,Inditex,757645,hrd_attacks,2023-06-14,2023,https://www.business-humanrights.org/en/latest-news/ma-may-thu-min/,2023-06-14,1,False,hrd_attacks
ITX.MC,Industria de Diseno Textil SA,Inditex,757645,hrd_attacks,2023-06-14,2023,https://www.business-humanrights.org/en/latest-news/ma-thu-thu-san/,2023-06-14,1,False,hrd_attacks
ITX.MC,Industria de Diseno Textil SA,Inditex,757645,hrd_attacks,2021-02-24,2021,https://www.business-humanrights.org/en/latest-news/u-myo-han-myanmar-transport-federation-mtf/,2021-02-24,1,False,hrd_attacks
ITX.MC,Industria de Diseno Textil SA,Inditex,757645,hrd_attacks,2021-02-24,2021,https://www.business-humanrights.org/en/latest-news/u-myo-myint-saw-yangon-circular-train-union/,2021-02-24,1,False,hrd_attacks
ITX.MC,Industria de Diseno Textil SA,Inditex,757645,hrd_attacks,2021-02-24,2021,https://www.business-humanrights.org/en/latest-news/ma-swe-swe-khaing-confederation-of-trade-unions-myanmar-ctum/,2021-02-24,1,False,hrd_attacks
ITX.MC,Industria de Diseno Textil SA,Inditex,757645,hrd_attacks,2021-02-24,2021,https://www.business-humanrights.org/en/latest-news/soe-ko-ko-naing-federation-of-food-workers-myanmar/,2021-02-24,1,False,hrd_attacks
ITX.MC,Industria de Diseno Textil SA,Inditex,757645,hrd_attacks,2021-02-24,2021,https://www.business-humanrights.org/en/latest-news/myo-lay-industrial-workers-federation-of-myanmar-iwfm/,2021-02-24,1,False,hrd_attacks
ITX.MC,Industria de Diseno Textil SA,Inditex,757645,hrd_attacks,2021-02-24,2021,https://www.business-humanrights.org/en/latest-news/wai-yan-shine-industrial-workers-federation-of-myanmar-iwfm/,2021-02-24,1,False,hrd_attacks
ITX.MC,Industria de Diseno Textil SA,Inditex,757645,hrd_attacks,2021-02-24,2021,https://www.business-humanrights.org/en/latest-news/ma-kyi-kyi-tun-industrial-workers-federation-of-myanmar-iwfm/,2021-02-24,1,False,hrd_attacks
ITX.MC,Industria de Diseno Textil SA,Inditex,757645,hrd_attacks,2021-02-24,2021,https://www.business-humanrights.org/en/latest-news/ma-soe-lay-industrial-workers-federation-of-myanmar-iwfm/,2021-02-24,1,False,hrd_attacks
ITX.MC,Industria de Diseno Textil SA,Inditex,757645,hrd_attacks,2021-02-05,2021,https://www.business-humanrights.org/en/latest-news/ma-ei-ei-phyu-federation-of-general-workers-myanmar-fgwm/,2021-02-05,1,False,hrd_attacks
ITX.MC,Industria de Diseno Textil SA,Inditex,757645,hrd_attacks,2017-02-05,2017,https://www.business-humanrights.org/en/latest-news/shawkat-ali/,2017-02-05,1,False,hrd_attacks
ITX.MC,Industria de Diseno Textil SA,Inditex,757645,hrd_attacks,2016-12-01,2016,https://www.business-humanrights.org/en/latest-news/nazmul-huda/,2016-12-01,1,False,hrd_attacks
ITX.MC,Industria de Diseno Textil SA,Inditex,757645,other_allegations,2026-01-31,2026,https://www.business-humanrights.org/en/latest-news/south-asia-global-fashion-brands-textile-recycling-schemes-linked-to-labour-rights-risks-in-india-and-pakistan-arisa-findings/,2026-01-31,1,False,other_allegations
ITX.MC,Industria de Diseno Textil SA,Inditex,757645,other_allegations,2025-12-04,2025,https://www.business-humanrights.org/en/latest-news/pakistan-fashion-brand-commitments-on-garment-worker-rights-belied-by-lived-reality-of-workers-amid-escalating-temperatures-report-finds/,2025-12-04,1,False,other_allegations
ITX.MC,Industria de Diseno Textil SA,Inditex,757645,other_allegations,2025-07-22,2025,https://www.business-humanrights.org/en/latest-news/india-workers-in-tanneries-face-hazardous-conditions-amid-supply-to-global-brands/,2025-07-22,1,False,other_allegations
ITX.MC,Industria de Diseno Textil SA,Inditex,757645,other_allegations,2025-07-17,2025,https://www.business-humanrights.org/en/latest-news/morocco-informal-employment-and-rights-violations-reported-in-workshops-producing-for-mango-inditex/,2025-07-17,1,False,other_allegations
ITX.MC,Industria de Diseno Textil SA,Inditex,757645,other_allegations,2025-04-22,2025,https://www.business-humanrights.org/en/latest-news/cambodia-negotiations-with-inditex-see-five-unionists-reinstatement-at-brands-factory-in-kampong-speu-province/,2025-04-22,1,False,other_allegations
ITX.MC,Industria de Diseno Textil SA,Inditex,757645,other_allegations,2025-02-28,2025,https://www.business-humanrights.org/en/latest-news/indonesia-sritex-set-to-cease-all-factory-operations-impacting-over-10000-garment-workers/,2025-02-28,1,False,other_allegations
ITX.MC,Industria de Diseno Textil SA,Inditex,757645,other_allegations,2025-02-06,2025,https://www.business-humanrights.org/en/latest-news/bangladesh-over-100-garment-factories-failed-to-pay-december-wages-citing-low-orders-financial-crises-wpftc/,2025-02-06,1,False,other_allegations
ITX.MC,Industria de Diseno Textil SA,Inditex,757645,other_allegations,2024-12-20,2024,https://www.business-humanrights.org/en/latest-news/bangladesh-40000-bexmico-employees-laid-off-amid-economic-challenges-and-co-founders-arrest/,2024-12-20,1,False,other_allegations
ITX.MC,Industria de Diseno Textil SA,Inditex,757645,other_allegations,2024-10-31,2024,https://www.business-humanrights.org/en/latest-news/myanmar-garment-factory-owner-withholding-workers-wages/,2024-10-31,1,False,other_allegations
ITX.MC,Industria de Diseno Textil SA,Inditex,757645,other_allegations,2024-10-11,2024,https://www.business-humanrights.org/en/latest-news/myanmar-workers-allege-range-of-abuses-at-lucky-fortune-garment/,2024-10-11,1,False,other_allegations
ITX.MC,Industria de Diseno Textil SA,Inditex,757645,other_allegations,2024-10-10,2024,https://www.business-humanrights.org/en/latest-news/myanmar-garment-worker-who-miscarried-denied-owed-leave/,2024-10-10,1,False,other_allegations
ITX.MC,Industria de Diseno Textil SA,Inditex,757645,other_allegations,2024-10-06,2024,https://www.business-humanrights.org/en/latest-news/myanmar-workers-at-myanmar-york-garment-factory-allege-pay-discrimination-and-inadequate-wages-and-benefits/,2024-10-06,1,False,other_allegations
ITX.MC,Industria de Diseno Textil SA,Inditex,757645,other_allegations,2024-08-27,2024,https://www.business-humanrights.org/en/latest-news/myanmar-women-garment-workers-face-menstrual-health-crisis-amid-rampant-inflation-and-low-salary-under-military-rule/,2024-08-27,1,False,other_allegations
ITX.MC,Industria de Diseno Textil SA,Inditex,757645,other_allegations,2024-08-19,2024,https://www.business-humanrights.org/en/latest-news/myanmar-garment-workers-face-full-body-searches-to-and-from-work-2/,2024-08-19,1,False,other_allegations
ITX.MC,Industria de Diseno Textil SA,Inditex,757645,other_allegations,2024-08-03,2024,https://www.business-humanrights.org/en/latest-news/myanmar-garment-workers-request-help-over-excessive-overtime-work/,2024-08-03,1,False,other_allegations
ITX.MC,Industria de Diseno Textil SA,Inditex,757645,other_allegations,2024-07-31,2024,https://www.business-humanrights.org/en/latest-news/myanmar-garment-workers-forced-to-work-overtime-following-brand-inspections/,2024-07-31,1,False,other_allegations
ITX.MC,Industria de Diseno Textil SA,Inditex,757645,other_allegations,2024-07-01,2024,https://www.business-humanrights.org/en/latest-news/myanmar-garment-workers-have-wages-slashed-in-half-and-denied-food-and-water-if-targets-arent-met/,2024-07-01,1,False,other_allegations
ITX.MC,Industria de Diseno Textil SA,Inditex,757645,other_allegations,2024-05-17,2024,https://www.business-humanrights.org/en/latest-news/myanmar-garment-workers-demand-wage-increase-as-cost-of-living-rises/,2024-05-17,1,False,other_allegations
ITX.MC,Industria de Diseno Textil SA,Inditex,757645,other_allegations,2024-05-13,2024,https://www.business-humanrights.org/en/latest-news/myanmar-garment-factory-allegedly-calls-on-army-to-arrest-workers-they-want-to-dismiss/,2024-05-13,1,False,other_allegations
ITX.MC,Industria de Diseno Textil SA,Inditex,757645,other_allegations,2024-04-22,2024,https://www.business-humanrights.org/en/latest-news/myanmar-garment-workers-face-mandatory-overtime-excessive-targets-2/,2024-04-22,1,False,other_allegations
ITX.MC,Industria de Diseno Textil SA,Inditex,757645,other_allegations,2024-04-20,2024,https://www.business-humanrights.org/en/latest-news/myanmar-garment-workers-yet-to-receive-compensation-from-factory-closure-three-years-ago/,2024-04-20,1,False,other_allegations
ITX.MC,Industria de Diseno Textil SA,Inditex,757645,other_allegations,2024-03-10,2024,https://www.business-humanrights.org/en/latest-news/myanmar-garment-workers-face-ongoing-labour-rights-abuses/,2024-03-10,1,False,other_allegations
ITX.MC,Industria de Diseno Textil SA,Inditex,757645,other_allegations,2024-03-09,2024,https://www.business-humanrights.org/en/latest-news/myanmar-child-labourers-hired-at-factory-denied-leave/,2024-03-09,1,False,other_allegations
ITX.MC,Industria de Diseno Textil SA,Inditex,757645,other_allegations,2024-03-06,2024,https://www.business-humanrights.org/en/latest-news/myanmar-garment-workers-who-resigned-following-introduction-of-conscription-law-unable-to-retrieve-wages/,2024-03-06,1,False,other_allegations
ITX.MC,Industria de Diseno Textil SA,Inditex,757645,other_allegations,2024-02-29,2024,https://www.business-humanrights.org/en/latest-news/myanmar-around-300-workers-forced-to-walk-home-from-factory-after-overtime-shift-despite-safety-concerns/,2024-02-29,1,False,other_allegations
ITX.MC,Industria de Diseno Textil SA,Inditex,757645,other_allegations,2024-02-28,2024,https://www.business-humanrights.org/en/latest-news/myanmar-security-personnel-at-garment-factory-reportedly-taking-pictures-of-workers-entering-toilets/,2024-02-28,1,False,other_allegations
ITX.MC,Industria de Diseno Textil SA,Inditex,757645,other_allegations,2024-02-23,2024,https://www.business-humanrights.org/en/latest-news/myanmar-garment-workers-forced-to-work-16-hours-a-day/,2024-02-23,1,False,other_allegations
ITX.MC,Industria de Diseno Textil SA,Inditex,757645,other_allegations,2024-02-10,2024,https://www.business-humanrights.org/en/latest-news/myanmar-garment-factory-allegedly-seizing-workers-phones-demanding-excessive-production-targets/,2024-02-10,1,False,other_allegations
ITX.MC,Industria de Diseno Textil SA,Inditex,757645,other_allegations,2024-02-07,2024,https://www.business-humanrights.org/en/latest-news/myanmar-workers-wages-cut-at-garment-factory/,2024-02-07,1,False,other_allegations
ITX.MC,Industria de Diseno Textil SA,Inditex,757645,other_allegations,2024-02-05,2024,https://www.business-humanrights.org/en/latest-news/turkey-one-year-after-earthquake-syrian-garment-workers-face-unemployment-exploitative-working-conditions/,2024-02-05,1,False,other_allegations
ITX.MC,Industria de Diseno Textil SA,Inditex,757645,other_allegations,2024-01-31,2024,https://www.business-humanrights.org/en/latest-news/myanmar-garment-worker-fired-after-accusation-of-smoking/,2024-01-31,1,False,other_allegations
ITX.MC,Industria de Diseno Textil SA,Inditex,757645,other_allegations,2024-01-30,2024,https://www.business-humanrights.org/en/latest-news/myanmar-garment-workers-at-luxury-group-garment-factory-report-unresolved-workplace-violations/,2024-01-30,1,False,other_allegations
ITX.MC,Industria de Diseno Textil SA,Inditex,757645,other_allegations,2024-01-16,2024,https://www.business-humanrights.org/en/latest-news/myanmar-garment-workers-fear-factory-will-close-without-paying-workers-owed-compensation/,2024-01-16,1,False,other_allegations
ITX.MC,Industria de Diseno Textil SA,Inditex,757645,other_allegations,2024-01-09,2024,https://www.business-humanrights.org/en/latest-news/myanmar-garment-workers-face-multiple-labour-rights-violations-incl-physical-verbal-abuse/,2024-01-09,1,False,other_allegations
ITX.MC,Industria de Diseno Textil SA,Inditex,757645,other_allegations,2023-12-25,2023,https://www.business-humanrights.org/en/latest-news/myanmar-garment-workers-forced-to-lie-to-brand-representatives-who-audit-the-factory/,2023-12-25,1,False,other_allegations
ITX.MC,Industria de Diseno Textil SA,Inditex,757645,other_allegations,2023-12-12,2023,https://www.business-humanrights.org/en/latest-news/turkey-470-textile-workers-strike-outside-factory-demanding-right-to-form-own-union-after-withdrawing-from-yellow-union-workers-report-threats-intimidation/,2023-12-12,1,False,other_allegations
ITX.MC,Industria de Diseno Textil SA,Inditex,757645,other_allegations,2023-11-18,2023,https://www.business-humanrights.org/en/latest-news/myanmar-garment-workers-rights-violated-at-myanmar-zande-factory/,2023-11-18,1,False,other_allegations
ITX.MC,Industria de Diseno Textil SA,Inditex,757645,other_allegations,2023-11-14,2023,https://www.business-humanrights.org/en/latest-news/myanmar-workers-at-kamcaine-garment-factory-report-multiple-abuses/,2023-11-14,1,False,other_allegations
ITX.MC,Industria de Diseno Textil SA,Inditex,757645,other_allegations,2023-11-08,2023,https://www.business-humanrights.org/en/latest-news/myanmar-garment-workers-at-kfine-international-garment-workers-report-labour-rights-abuses/,2023-11-08,1,False,other_allegations
ITX.MC,Industria de Diseno Textil SA,Inditex,757645,other_allegations,2023-10-23,2023,https://www.business-humanrights.org/en/latest-news/myanmar-sub-contracted-workers-at-risk-of-becoming-unemployed-as-parent-company-fails-to-pay-factories/,2023-10-23,1,False,other_allegations
ITX.MC,Industria de Diseno Textil SA,Inditex,757645,other_allegations,2023-10-14,2023,https://www.business-humanrights.org/en/latest-news/myanmar-worker-pens-letter-highlighting-multiple-labour-rights-abuses-at-garment-factory/,2023-10-14,1,False,other_allegations
ITX.MC,Industria de Diseno Textil SA,Inditex,757645,other_allegations,2023-10-12,2023,https://www.business-humanrights.org/en/latest-news/myanmar-sysmm-apparel-garment-factory-will-not-pay-workers-full-compensation-after-factory-closure-workers-report/,2023-10-12,1,False,other_allegations
ITX.MC,Industria de Diseno Textil SA,Inditex,757645,other_allegations,2023-09-20,2023,https://www.business-humanrights.org/en/latest-news/myanmar-seven-month-pregnant-garment-worker-forced-to-work-overtime-without-leave/,2023-09-20,1,False,other_allegations
ITX.MC,Industria de Diseno Textil SA,Inditex,757645,other_allegations,2023-09-13,2023,https://www.business-humanrights.org/en/latest-news/myanmar-garment-workers-at-alleged-zara-factory-report-forced-overtime-without-consent/,2023-09-13,1,False,other_allegations
ITX.MC,Industria de Diseno Textil SA,Inditex,757645,other_allegations,2023-09-10,2023,https://www.business-humanrights.org/en/latest-news/myanmar-garment-workers-face-verbal-abuse-swearing-from-supervisors/,2023-09-10,1,False,other_allegations
ITX.MC,Industria de Diseno Textil SA,Inditex,757645,other_allegations,2023-09-07,2023,https://www.business-humanrights.org/en/latest-news/myanmar-garment-workers-who-resigned-over-forced-unpaid-overtime-reach-settlement-with-factory/,2023-09-07,1,False,other_allegations
ITX.MC,Industria de Diseno Textil SA,Inditex,757645,other_allegations,2023-09-06,2023,https://www.business-humanrights.org/en/latest-news/myanmar-garment-workers-at-myanmar-zande-factory-report-mandatory-overtime-overnight-without-notice/,2023-09-06,1,False,other_allegations
ITX.MC,Industria de Diseno Textil SA,Inditex,757645,other_allegations,2023-09-05,2023,https://www.business-humanrights.org/en/latest-news/myanmar-garment-workers-forced-to-work-ovetime-and-denied-permission-to-leave-the-factory-if-they-fall-ill/,2023-09-05,1,False,other_allegations
ITX.MC,Industria de Diseno Textil SA,Inditex,757645,other_allegations,2023-08-19,2023,https://www.business-humanrights.org/en/latest-news/myanmar-garment-workers-report-suffering-from-health-problems-due-to-continous-overtime/,2023-08-19,1,False,other_allegations
ITX.MC,Industria de Diseno Textil SA,Inditex,757645,other_allegations,2023-08-12,2023,https://www.business-humanrights.org/en/latest-news/myanmar-workers-at-huabo-times-garment-factory-report-continued-rights-violations/,2023-08-12,1,False,other_allegations
ITX.MC,Industria de Diseno Textil SA,Inditex,757645,other_allegations,2023-07-24,2023,https://www.business-humanrights.org/en/latest-news/myanmar-workers-at-huabo-time-garment-factory-reportedly-subjected-to-physical-verbal-abuse/,2023-07-24,1,False,other_allegations
ITX.MC,Industria de Diseno Textil SA,Inditex,757645,other_allegations,2023-07-07,2023,https://www.business-humanrights.org/en/latest-news/myanmar-garment-workers-unionists-at-inditex-supplier-face-trial-in-military-court-after-protests-for-pay-rise/,2023-07-07,1,False,other_allegations
ITX.MC,Industria de Diseno Textil SA,Inditex,757645,other_allegations,2023-06-29,2023,https://www.business-humanrights.org/en/latest-news/myanmar-military-arrests-ten-garment-workers-involved-in-strikes-demanding-pay-rose/,2023-06-29,1,False,other_allegations
ITX.MC,Industria de Diseno Textil SA,Inditex,757645,other_allegations,2023-06-23,2023,https://www.business-humanrights.org/en/latest-news/myanmar-more-than-3000-workers-at-myanmar-york-factory-suffering-rights-violations/,2023-06-23,1,False,other_allegations
ITX.MC,Industria de Diseno Textil SA,Inditex,757645,other_allegations,2023-06-22,2023,https://www.business-humanrights.org/en/latest-news/myanmar-workers-report-multiple-labour-rights-abuses-at-myanmarjiale-fashion-garment-factory/,2023-06-22,1,False,other_allegations
ITX.MC,Industria de Diseno Textil SA,Inditex,757645,other_allegations,2023-06-06,2023,https://www.business-humanrights.org/en/latest-news/myanmar-day-laborers-in-garment-factory-work-for-3600-kyats-a-day-and-are-denied-leave/,2023-06-06,1,False,other_allegations
ITX.MC,Industria de Diseno Textil SA,Inditex,757645,other_allegations,2023-05-27,2023,https://www.business-humanrights.org/en/latest-news/myanmar-workers-at-zong-hong-garment-reported-mandatory-overtime-excessive-production-target-and-intimidation/,2023-05-27,1,False,other_allegations
ITX.MC,Industria de Diseno Textil SA,Inditex,757645,other_allegations,2023-05-06,2023,https://www.business-humanrights.org/en/latest-news/myanmar-workers-at-sanyuan-over-sea-1-reported-wage-theft-mandatory-overtime-and-intimidation/,2023-05-06,1,False,other_allegations
ITX.MC,Industria de Diseno Textil SA,Inditex,757645,other_allegations,2023-05-04,2023,https://www.business-humanrights.org/en/latest-news/myanmar-workers-at-lucky-fortune-reported-labour-rights-abuses-including-mandatory-overtime-and-intimidation/,2023-05-04,1,False,other_allegations
ITX.MC,Industria de Diseno Textil SA,Inditex,757645,other_allegations,2023-04-24,2023,https://www.business-humanrights.org/en/latest-news/myanmar-women-garment-workers-forced-to-work-overtime-facing-safety-risks-returning-home-at-night/,2023-04-24,1,False,other_allegations
ITX.MC,Industria de Diseno Textil SA,Inditex,757645,other_allegations,2023-04-05,2023,https://www.business-humanrights.org/en/latest-news/myanmar-workers-at-sinoproud-garments-reported-earning-less-than-us1-a-day/,2023-04-05,1,False,other_allegations
ITX.MC,Industria de Diseno Textil SA,Inditex,757645,other_allegations,2023-03-27,2023,https://www.business-humanrights.org/en/latest-news/myanmar-garment-workers-report-multiple-labour-rights-abuses-incl-denied-of-social-security-benefits-mandatory-overtime/,2023-03-27,1,False,other_allegations
ITX.MC,Industria de Diseno Textil SA,Inditex,757645,other_allegations,2023-03-23,2023,https://www.business-humanrights.org/en/latest-news/myanmar-a-worker-at-gb-manufacturing-garment-factory-reported-violence-and-unfair-dismissal/,2023-03-23,1,False,other_allegations
ITX.MC,Industria de Diseno Textil SA,Inditex,757645,other_allegations,2023-03-06,2023,https://www.business-humanrights.org/en/latest-news/myanmar-workers-at-dishang-fashion-garment-factory-reported-intimidation-and-excessive-production-target/,2023-03-06,1,False,other_allegations
ITX.MC,Industria de Diseno Textil SA,Inditex,757645,other_allegations,2023-03-03,2023,https://www.business-humanrights.org/en/latest-news/myanmar-workers-forced-to-join-workers-committee-instead-of-trade-union-and-dismissed-without-timely-compensation-at-factory-reportedly-supplying-stradivarius/,2023-03-03,1,False,other_allegations
ITX.MC,Industria de Diseno Textil SA,Inditex,757645,other_allegations,2023-02-27,2023,https://www.business-humanrights.org/en/latest-news/myanmar-workers-at-tianjin-fashion-milestone-garment-factory-reported-mandatory-overtime-excessive-production-targets-intimidation-and-a-lack-of-worker-representatives/,2023-02-27,1,False,other_allegations
ITX.MC,Industria de Diseno Textil SA,Inditex,757645,other_allegations,2023-02-27,2023,https://www.business-humanrights.org/en/latest-news/myanmar-trade-union-leaders-allegedly-dismissed-in-factory-downsizing-blacklisted/,2023-02-27,1,False,other_allegations
ITX.MC,Industria de Diseno Textil SA,Inditex,757645,other_allegations,2023-02-16,2023,https://www.business-humanrights.org/en/latest-news/myanmar-garment-workers-at-myanmar-jiale-garment-who-take-more-than-two-days-of-leave-reportedly-face-wage-cuts/,2023-02-16,1,False,other_allegations
ITX.MC,Industria de Diseno Textil SA,Inditex,757645,other_allegations,2023-02-10,2023,https://www.business-humanrights.org/en/latest-news/myanmar-garment-factory-allegedly-rigs-vote-on-workers-coordination-committee-to-ensure-the-appointment-of-employer-preferred-labour-representatives/,2023-02-10,1,False,other_allegations
ITX.MC,Industria de Diseno Textil SA,Inditex,757645,other_allegations,2023-01-15,2023,https://www.business-humanrights.org/en/latest-news/myanmar-garment-workers-report-multiple-labour-rights-abuses-at-factory-incl-physical-verbal-abuse-forced-overtime-denial-of-benefits/,2023-01-15,1,False,other_allegations
ITX.MC,Industria de Diseno Textil SA,Inditex,757645,other_allegations,2023-01-05,2023,https://www.business-humanrights.org/en/latest-news/myanmar-garment-workers-sworn-at-to-meet-targets-report-poor-drinking-water-supplies-at-factory/,2023-01-05,1,False,other_allegations
ITX.MC,Industria de Diseno Textil SA,Inditex,757645,other_allegations,2022-12-30,2022,https://www.business-humanrights.org/en/latest-news/myanmar-workplace-coordination-committees-formed-since-the-coup-in-garment-factories-allegedly-operate-in-collusion-with-employers-to-oppress-workers/,2022-12-30,1,False,other_allegations
ITX.MC,Industria de Diseno Textil SA,Inditex,757645,other_allegations,2022-12-14,2022,https://www.business-humanrights.org/en/latest-news/myanmar-thousands-of-garments-denied-unpaid-wages-after-factory-closure/,2022-12-14,1,False,other_allegations
ITX.MC,Industria de Diseno Textil SA,Inditex,757645,other_allegations,2022-11-05,2022,https://www.business-humanrights.org/en/latest-news/myanmar-workers-at-garment-factory-reportedly-forced-to-work-overtime-against-their-will-face-verbal-abuse-if-targets-are-not-met/,2022-11-05,1,False,other_allegations
ITX.MC,Industria de Diseno Textil SA,Inditex,757645,other_allegations,2022-10-07,2022,https://www.business-humanrights.org/en/latest-news/myanmar-hundreds-of-garment-workers-at-tianjin-fashion-milestone-protest-over-the-dismissal-of-200-workers-due-to-low-orders/,2022-10-07,1,False,other_allegations
ITX.MC,Industria de Diseno Textil SA,Inditex,757645,other_allegations,2022-09-28,2022,https://www.business-humanrights.org/en/latest-news/myanmar-garment-workers-at-yi-cai-factory-reportedly-closed-without-paying-workers-compensation-according-to-the-law/,2022-09-28,1,False,other_allegations
ITX.MC,Industria de Diseno Textil SA,Inditex,757645,other_allegations,2022-09-21,2022,https://www.business-humanrights.org/en/latest-news/myanmar-garment-workers-reportedly-unable-to-report-labour-rights-violations-at-factory-forced-to-deny-allegations-during-inspections/,2022-09-21,1,False,other_allegations
ITX.MC,Industria de Diseno Textil SA,Inditex,757645,other_allegations,2022-09-19,2022,https://www.business-humanrights.org/en/latest-news/myanmar-garment-workers-allegedly-faint-after-being-forced-to-work-overnight-without-overtime-pay-to-complete-orders/,2022-09-19,1,False,other_allegations
ITX.MC,Industria de Diseno Textil SA,Inditex,757645,other_allegations,2022-09-01,2022,https://www.business-humanrights.org/en/latest-news/myanmar-garment-workers-report-underpaid-wages-to-day-labourers-violation-of-covid-19-regulations/,2022-09-01,1,False,other_allegations
ITX.MC,Industria de Diseno Textil SA,Inditex,757645,other_allegations,2022-08-31,2022,https://www.business-humanrights.org/en/latest-news/myanmar-over-800-garment-workers-protest-for-wage-hike-amid-increasing-price-of-essential-goods/,2022-08-31,1,False,other_allegations
ITX.MC,Industria de Diseno Textil SA,Inditex,757645,other_allegations,2022-08-25,2022,https://www.business-humanrights.org/en/latest-news/myanmar-supervisor-at-zara-supplier-dismissed-after-assault-workers-report-labour-rights-violations/,2022-08-25,1,False,other_allegations
ITX.MC,Industria de Diseno Textil SA,Inditex,757645,other_allegations,2022-08-18,2022,https://www.business-humanrights.org/en/latest-news/myanmar-garment-workers-at-myanmar-jiale-fashion-garment-factory-report-child-labour-forced-overtime-verbal-abuse-discrimination-against-pregnant-workers/,2022-08-18,1,False,other_allegations
ITX.MC,Industria de Diseno Textil SA,Inditex,757645,other_allegations,2022-08-16,2022,https://www.business-humanrights.org/en/latest-news/myanmar-garment-workers-report-workers-rights-violations-incl-denial-of-leave-for-injured-workers-unsafe-drinking-water-harassment-of-workers-who-do-not-work-overtime/,2022-08-16,1,False,other_allegations
ITX.MC,Industria de Diseno Textil SA,Inditex,757645,other_allegations,2022-08-13,2022,https://www.business-humanrights.org/en/latest-news/myanmar-garment-workers-at-mango-supplier-report-labour-rights-violations-incl-forced-overtime-denial-of-leave-excessive-targets-incl-co-response/,2022-08-13,1,False,other_allegations
ITX.MC,Industria de Diseno Textil SA,Inditex,757645,other_allegations,2022-08-11,2022,https://www.business-humanrights.org/en/latest-news/myanmar-garment-worker-alleges-workers-committee-at-tianjin-fashion-milestone-fails-to-address-concerns-of-workers-incl-health-safety-issues/,2022-08-11,1,False,other_allegations
ITX.MC,Industria de Diseno Textil SA,Inditex,757645,other_allegations,2022-08-05,2022,https://www.business-humanrights.org/en/latest-news/myanmar-garment-workers-report-multiple-labour-rights-violations-at-factory-incl-denial-of-legal-benefits-unsafe-working-conditions-forced-overtime/,2022-08-05,1,False,other_allegations
ITX.MC,Industria de Diseno Textil SA,Inditex,757645,other_allegations,2022-08-03,2022,https://www.business-humanrights.org/en/latest-news/myanmar-garment-workers-from-sagaing-division-magway-division-reportedly-dismissed-without-valid-reasons/,2022-08-03,1,False,other_allegations
ITX.MC,Industria de Diseno Textil SA,Inditex,757645,other_allegations,2022-05-29,2022,https://www.business-humanrights.org/en/latest-news/myanmar-garment-workers-report-labour-rights-violations-at-sinsay-vero-moda-only-supplier-incl-forced-overtime-to-meet-increased-targets-verbal-abuse/,2022-05-29,1,False,other_allegations
ITX.MC,Industria de Diseno Textil SA,Inditex,757645,other_allegations,2022-05-26,2022,https://www.business-humanrights.org/en/latest-news/myanmar-vero-moda-supplier-allegedly-denying-pregnant-workers-maternity-leave/,2022-05-26,1,False,other_allegations
ITX.MC,Industria de Diseno Textil SA,Inditex,757645,other_allegations,2022-05-24,2022,https://www.business-humanrights.org/en/latest-news/myanmar-bershka-supplier-allegedly-violating-workers-rights-incl-wage-deductions-forced-overtime/,2022-05-24,1,False,other_allegations
ITX.MC,Industria de Diseno Textil SA,Inditex,757645,other_allegations,2022-05-19,2022,https://www.business-humanrights.org/en/latest-news/myanmar-garment-workers-report-labour-rights-violations-at-factory-supplying-brands-incl-only-kiabi-zara/,2022-05-19,1,False,other_allegations
ITX.MC,Industria de Diseno Textil SA,Inditex,757645,other_allegations,2022-05-05,2022,https://www.business-humanrights.org/en/latest-news/myanmar-report-finds-increasing-labour-rights-violations-against-garment-workers-under-the-military-coup-third-covid-19-wave/,2022-05-05,1,False,other_allegations
ITX.MC,Industria de Diseno Textil SA,Inditex,757645,other_allegations,2022-05-01,2022,https://www.business-humanrights.org/en/latest-news/myanmar-garment-factory-supplying-brands-incl-ca-tesco-zara-accused-of-dismissing-worker-who-was-physically-assaulted-by-supervisor/,2022-05-01,1,False,other_allegations
ITX.MC,Industria de Diseno Textil SA,Inditex,757645,other_allegations,2022-04-05,2022,https://www.business-humanrights.org/en/latest-news/myanmar-garment-workers-at-hm-supplier-allegedly-forced-to-work-overtime-without-pay-face-crackdown-on-unions-by-military/,2022-04-05,1,False,other_allegations
ITX.MC,Industria de Diseno Textil SA,Inditex,757645,other_allegations,2022-03-30,2022,https://www.business-humanrights.org/en/latest-news/myanmar-garment-workers-at-factory-supplying-only-zara-report-labour-rights-violations-incl-forced-unpaid-overtime-denial-of-leave-wage-cuts/,2022-03-30,1,False,other_allegations
ITX.MC,Industria de Diseno Textil SA,Inditex,757645,other_allegations,2022-03-30,2022,https://www.business-humanrights.org/en/latest-news/myanmar-workers-at-only-vero-moda-zara-supplier-allegedly-pressured-to-deny-workers-rights-violations-at-the-factory-to-brands/,2022-03-30,1,False,other_allegations
ITX.MC,Industria de Diseno Textil SA,Inditex,757645,other_allegations,2022-03-19,2022,https://www.business-humanrights.org/en/latest-news/myanmar-zara-only-supplier-accused-of-violating-workers-rights-incl-forced-unpaid-overtime-denial-of-leave-denial-of-permanent-contracts/,2022-03-19,1,False,other_allegations
ITX.MC,Industria de Diseno Textil SA,Inditex,757645,other_allegations,2022-02-18,2022,https://www.business-humanrights.org/en/latest-news/myanmar-soldiers-police-raid-factory-after-strikes-over-pay-cuts-benefit-reductions/,2022-02-18,1,False,other_allegations
ITX.MC,Industria de Diseno Textil SA,Inditex,757645,other_allegations,2022-02-15,2022,https://www.business-humanrights.org/en/latest-news/myanmar-garment-workers-supplying-zara-only-share-letter-addressing-labour-violations-at-dishang-fashion-garment-factory/,2022-02-15,1,False,other_allegations
ITX.MC,Industria de Diseno Textil SA,Inditex,757645,other_allegations,2022-02-15,2022,https://www.business-humanrights.org/en/latest-news/myanmar-tesco-announces-responsible-exit-from-myanmar-amid-continued-labour-rights-violations/,2022-02-15,1,False,other_allegations
ITX.MC,Industria de Diseno Textil SA,Inditex,757645,other_allegations,2021-11-23,2021,https://www.business-humanrights.org/en/latest-news/myanmar-garment-workers-report-increasing-violence-collusion-between-management-and-junta-to-target-activists/,2021-11-23,1,False,other_allegations
ITX.MC,Industria de Diseno Textil SA,Inditex,757645,other_allegations,2021-11-06,2021,https://www.business-humanrights.org/en/latest-news/myanmar-dozens-of-union-leaders-reportedly-arrested-since-the-military-coup-began/,2021-11-06,1,False,other_allegations
ITX.MC,Industria de Diseno Textil SA,Inditex,757645,other_allegations,2021-07-03,2021,https://www.business-humanrights.org/en/latest-news/myanmar-workers-allegedly-owed-unpaid-compensation-following-factory-closure/,2021-07-03,1,False,other_allegations
JD.L,JD Sports Fashion PLC,JD Sports Fashion,762216,other_allegations,2024-08-27,2024,https://www.business-humanrights.org/en/latest-news/myanmar-older-garment-workers-at-garment-factory-face-abuse-from-hr-worker/,2024-08-27,1,False,other_allegations
JD.L,JD Sports Fashion PLC,JD Sports Fashion,762216,other_allegations,2024-08-02,2024,https://www.business-humanrights.org/en/latest-news/us-olympic-team-sponsor-caught-in-clothes-factory-abuse-scandal-2/,2024-08-02,1,False,other_allegations
JD.L,JD Sports Fashion PLC,JD Sports Fashion,762216,other_allegations,2024-06-20,2024,https://www.business-humanrights.org/en/latest-news/myanmar-garment-workers-forced-to-work-overtime-against-their-will/,2024-06-20,1,False,other_allegations
JD.L,JD Sports Fashion PLC,JD Sports Fashion,762216,other_allegations,2024-06-05,2024,https://www.business-humanrights.org/en/latest-news/myanmar-garment-workers-fired-after-requesting-clarification-on-employment-status/,2024-06-05,1,False,other_allegations
JD.L,JD Sports Fashion PLC,JD Sports Fashion,762216,other_allegations,2024-04-01,2024,https://www.business-humanrights.org/en/latest-news/jordan-abuse-at-under-armour-columbia-and-american-eagle-supplier-factory-led-to-suicide-of-migrant-worker-incl-co-comments/,2024-04-01,1,False,other_allegations
JD.L,JD Sports Fashion PLC,JD Sports Fashion,762216,other_allegations,2024-02-08,2024,https://www.business-humanrights.org/en/latest-news/myanmar-beaume-international-garment-management-call-police-army-to-handle-employer-employee-dispute/,2024-02-08,1,False,other_allegations
JD.L,JD Sports Fashion PLC,JD Sports Fashion,762216,other_allegations,2023-08-09,2023,https://www.business-humanrights.org/en/latest-news/myanmar-garment-workers-report-physical-abuse-harassment-from-supervisor/,2023-08-09,1,False,other_allegations
JD.L,JD Sports Fashion PLC,JD Sports Fashion,762216,other_allegations,2023-06-02,2023,https://www.business-humanrights.org/en/latest-news/myanmar-garment-workers-strike-for-wage-increase/,2023-06-02,1,False,other_allegations
JD.L,JD Sports Fashion PLC,JD Sports Fashion,762216,other_allegations,2023-03-14,2023,https://www.business-humanrights.org/en/latest-news/myanmar-garment-workers-allege-labour-rights-are-being-neglected-at-popular-garment-factory/,2023-03-14,1,False,other_allegations
JD.L,JD Sports Fashion PLC,JD Sports Fashion,762216,other_allegations,2022-02-04,2022,https://www.business-humanrights.org/en/latest-news/myanmar-workers-report-harassment-towards-women-increased-work-demand-at-ceres-enterprise-garment-factory/,2022-02-04,1,False,other_allegations
JD.L,JD Sports Fashion PLC,JD Sports Fashion,762216,other_allegations,2021-10-09,2021,https://www.business-humanrights.org/en/latest-news/myanmar-13-dismissed-garment-workers-receive-compensation-after-union-files-complaint-with-sourcing-brand/,2021-10-09,1,False,other_allegations
JD.L,JD Sports Fashion PLC,JD Sports Fashion,762216,other_allegations,2021-09-11,2021,https://www.business-humanrights.org/en/latest-news/myanmar-garment-workers-allegedly-threatened-with-arrest-by-the-military-if-they-inform-union-leaders-of-labour-rights-violations/,2021-09-11,1,False,other_allegations
JD.L,JD Sports Fashion PLC,JD Sports Fashion,762216,other_allegations,2021-03-09,2021,https://www.business-humanrights.org/en/latest-news/myanmar-military-allegedly-arrests-or-files-arrest-orders-for-at-least-71-union-leaders-in-response-to-civil-disobedience-movement/,2021-03-09,1,False,other_allegations
JDEP.AS,JDE Peets NV,Jacobs Douwe Egberts (JDE),918331,other_allegations,2025-04-24,2025,https://www.business-humanrights.org/en/latest-news/usa-starbucks-sued-over-alleged-forced-labour-in-brazilian-supply-chain/,2025-04-24,1,False,other_allegations
KBC.BR,Kbc Groep NV,KBC,757855,other_allegations,2024-11-26,2024,https://www.business-humanrights.org/en/latest-news/israelopt-over-800-european-financial-institutions-had-financial-relationships-with-58-companies-actively-involved-in-the-illegal-israeli-settlements-report-finds/,2024-11-26,1,False,other_allegations
KGH.WA,KGHM Polska Miedz SA,KGHM Polska MiedŸ S.A,911270,other_allegations,2025-04-10,2025,https://www.business-humanrights.org/en/latest-news/chile-worker-dies-following-workplace-accident-at-the-sierra-gorda-mine/,2025-04-10,1,False,other_allegations
KGH.WA,KGHM Polska Miedz SA,KGHM Polska MiedŸ S.A,911270,other_allegations,2024-11-02,2024,https://www.business-humanrights.org/en/latest-news/chile-solicitan-sesión-especial-de-la-comisión-de-medio-ambiente-de-la-cámara-de-diputados-para-abordar-la-grave-contaminación-minera-en-sierra-gorda/,2024-11-02,1,False,other_allegations
KGH.WA,KGHM Polska Miedz SA,KGHM Polska MiedŸ S.A,911270,other_allegations,2016-03-13,2016,https://www.business-humanrights.org/en/latest-news/chile-authorities-fine-sumitomo-metal-mining-and-kghm-polska-miedz-over-environmental-infractions-including-emissions-breaches/,2016-03-13,1,False,other_allegations
KOG.OL,Kongsberg Gruppen ASA,Kongsberg,765857,other_allegations,2025-04-29,2025,https://www.business-humanrights.org/en/latest-news/border-security-contracts-linked-to-small-boat-channel-crossings-2/,2025-04-29,1,False,other_allegations
KYGa.I,Kerry Group PLC,Kerry Group,762818,other_allegations,2023-04-28,2023,https://www.business-humanrights.org/en/latest-news/sudan-the-ongoing-conflict-highlights-the-fragility-of-the-global-gum-arabic-supply-chain-incl-companies-comments/,2023-04-28,1,False,other_allegations
LDOF.MI,Leonardo SpA,Leonardo,762682,hrd_attacks,2025-01-13,2025,https://www.business-humanrights.org/en/latest-news/beatrice/,2025-01-13,1,False,hrd_attacks
LDOF.MI,Leonardo SpA,Leonardo,762682,hrd_attacks,2025-01-13,2025,https://www.business-humanrights.org/en/latest-news/laura/,2025-01-13,1,False,hrd_attacks
LDOF.MI,Leonardo SpA,Leonardo,762682,hrd_attacks,2025-01-13,2025,https://www.business-humanrights.org/en/latest-news/it-gb-13-january-2025/,2025-01-13,1,False,hrd_attacks
LDOF.MI,Leonardo SpA,Leonardo,762682,hrd_attacks,2025-01-13,2025,https://www.business-humanrights.org/en/latest-news/it-7a-13-january-2025/,2025-01-13,1,False,hrd_attacks
LDOF.MI,Leonardo SpA,Leonardo,762682,hrd_attacks,2025-01-13,2025,https://www.business-humanrights.org/en/latest-news/it-9a-13-january-2025/,2025-01-13,1,False,hrd_attacks
LDOF.MI,Leonardo SpA,Leonardo,762682,hrd_attacks,2025-01-13,2025,https://www.business-humanrights.org/en/latest-news/it-v-13-january-2025/,2025-01-13,1,False,hrd_attacks
LDOF.MI,Leonardo SpA,Leonardo,762682,hrd_attacks,2025-01-13,2025,https://www.business-humanrights.org/en/latest-news/it-sm-13-january-2025/,2025-01-13,1,False,hrd_attacks
LDOF.MI,Leonardo SpA,Leonardo,762682,hrd_attacks,2025-01-13,2025,https://www.business-humanrights.org/en/latest-news/it-mg-13-january-2025/,2025-01-13,1,False,hrd_attacks
LDOF.MI,Leonardo SpA,Leonardo,762682,hrd_attacks,2025-01-13,2025,https://www.business-humanrights.org/en/latest-news/it-ds-13-january-2025/,2025-01-13,1,False,hrd_attacks
LDOF.MI,Leonardo SpA,Leonardo,762682,hrd_attacks,2025-01-13,2025,https://www.business-humanrights.org/en/latest-news/it-rr-13-january-2025/,2025-01-13,1,False,hrd_attacks
LDOF.MI,Leonardo SpA,Leonardo,762682,hrd_attacks,2025-01-13,2025,https://www.business-humanrights.org/en/latest-news/it-fb-13-january-2025/,2025-01-13,1,False,hrd_attacks
LDOF.MI,Leonardo SpA,Leonardo,762682,hrd_attacks,2025-01-13,2025,https://www.business-humanrights.org/en/latest-news/it-mc-13-january-2025/,2025-01-13,1,False,hrd_attacks
LDOF.MI,Leonardo SpA,Leonardo,762682,hrd_attacks,2025-01-13,2025,https://www.business-humanrights.org/en/latest-news/it-mm-13-january-2025/,2025-01-13,1,False,hrd_attacks
LDOF.MI,Leonardo SpA,Leonardo,762682,hrd_attacks,2025-01-13,2025,https://www.business-humanrights.org/en/latest-news/it-ac-13-january-2025/,2025-01-13,1,False,hrd_attacks
LDOF.MI,Leonardo SpA,Leonardo,762682,hrd_attacks,2025-01-13,2025,https://www.business-humanrights.org/en/latest-news/it-ef-13-january-2025/,2025-01-13,1,False,hrd_attacks
LDOF.MI,Leonardo SpA,Leonardo,762682,other_allegations,2025-06-16,2025,https://www.business-humanrights.org/en/latest-news/report-from-unsr-on-opt-from-economy-of-occupation-to-economy-of-genocide-3/,2025-06-16,1,False,other_allegations
LDOF.MI,Leonardo SpA,Leonardo,762682,other_allegations,2024-03-15,2024,https://www.business-humanrights.org/en/latest-news/global-financiamientos-de-bbva-y-santander-a-empresas-implicadas-en-el-genocidio-de-gaza/,2024-03-15,1,False,other_allegations
LDOF.MI,Leonardo SpA,Leonardo,762682,other_allegations,2022-03-17,2022,https://www.business-humanrights.org/en/latest-news/campaigners-accuse-the-uk-home-office-of-profiting-from-refugees-plight-by-hosting-an-arms-exhibition-for-border-security-cos-and-israeli-cyber-surveillance-firms-call-for-a-ban-on-the-two-way-arms-trade-with-israel/,2022-03-17,1,False,other_allegations
LHAG.DE,Deutsche Lufthansa AG,Lufthansa,758000,other_allegations,2025-11-25,2025,https://www.business-humanrights.org/en/latest-news/USA-Food-workers-supplied-to-major-airlines-call-for-meaningful-actions-against-sexual-harassment-health-safety-minimum-wage-issues/,2025-11-25,1,False,other_allegations
LHAG.DE,Deutsche Lufthansa AG,Lufthansa,758000,other_allegations,2025-03-28,2025,https://www.business-humanrights.org/en/latest-news/germany-ngo-wins-greenwashing-lawsuits-against-lufthansa-and-adidas-over-misleading-sustainability-claims/,2025-03-28,1,False,other_allegations
LIGHT.AS,Signify NV,Signify,763735,other_allegations,2024-11-18,2024,https://www.business-humanrights.org/en/latest-news/drc-report-alleges-cobalt-mining-for-green-energy-risks-womens-reproductive-health/,2024-11-18,1,False,other_allegations
LLOY.L,Lloyds Banking Group PLC,Lloyds,757982,other_allegations,2025-04-29,2025,https://www.business-humanrights.org/en/latest-news/bank-transition-plans-a-roadmap-to-nowhere/,2025-04-29,1,False,other_allegations
LLOY.L,Lloyds Banking Group PLC,Lloyds,757982,other_allegations,2024-11-26,2024,https://www.business-humanrights.org/en/latest-news/israelopt-over-800-european-financial-institutions-had-financial-relationships-with-58-companies-actively-involved-in-the-illegal-israeli-settlements-report-finds/,2024-11-26,1,False,other_allegations
LLOY.L,Lloyds Banking Group PLC,Lloyds,757982,other_allegations,2024-02-22,2024,https://www.business-humanrights.org/en/latest-news/uk-human-rights-and-climate-concerns-over-scottish-banks-helping-controversial-oil-firm-linked-to-israeli-settlements-raise-500m/,2024-02-22,1,False,other_allegations
LPPP.WA,LPP SA,LPP Spółka Akcyjna,762728,other_allegations,2024-12-20,2024,https://www.business-humanrights.org/en/latest-news/bangladesh-40000-bexmico-employees-laid-off-amid-economic-challenges-and-co-founders-arrest/,2024-12-20,1,False,other_allegations
LPPP.WA,LPP SA,LPP Spółka Akcyjna,762728,other_allegations,2024-10-31,2024,https://www.business-humanrights.org/en/latest-news/myanmar-workers-at-mai-yi-bei-garment-manufacturing-co-allege-wage-theft-poor-sanitation-and-safety-and-illegal-use-of-underage-workers/,2024-10-31,1,False,other_allegations
LPPP.WA,LPP SA,LPP Spółka Akcyjna,762728,other_allegations,2024-10-11,2024,https://www.business-humanrights.org/en/latest-news/myanmar-factory-issues-seniority-pay-after-three-years-instead-of-one/,2024-10-11,1,False,other_allegations
LPPP.WA,LPP SA,LPP Spółka Akcyjna,762728,other_allegations,2024-10-11,2024,https://www.business-humanrights.org/en/latest-news/myanmar-workers-allege-range-of-abuses-at-lucky-fortune-garment/,2024-10-11,1,False,other_allegations
LPPP.WA,LPP SA,LPP Spółka Akcyjna,762728,other_allegations,2024-10-10,2024,https://www.business-humanrights.org/en/latest-news/myanmar-garment-worker-who-miscarried-denied-owed-leave/,2024-10-10,1,False,other_allegations
LPPP.WA,LPP SA,LPP Spółka Akcyjna,762728,other_allegations,2024-10-02,2024,https://www.business-humanrights.org/en/latest-news/myanmar-military-collects-list-of-men-working-at-garment-factory-for-conscription/,2024-10-02,1,False,other_allegations
LPPP.WA,LPP SA,LPP Spółka Akcyjna,762728,other_allegations,2024-09-30,2024,https://www.business-humanrights.org/en/latest-news/myanmar-labour-rights-violations-reported-at-bohua-fashion-garment-factory/,2024-09-30,1,False,other_allegations
LPPP.WA,LPP SA,LPP Spółka Akcyjna,762728,other_allegations,2024-09-27,2024,https://www.business-humanrights.org/en/latest-news/myanmar-employers-at-garment-factory-taking-photos-of-women-workers-without-permission/,2024-09-27,1,False,other_allegations
LPPP.WA,LPP SA,LPP Spółka Akcyjna,762728,other_allegations,2024-09-12,2024,https://www.business-humanrights.org/en/latest-news/myanmar-garment-workers-protest-excessive-overtime/,2024-09-12,1,False,other_allegations
LPPP.WA,LPP SA,LPP Spółka Akcyjna,762728,other_allegations,2024-09-12,2024,https://www.business-humanrights.org/en/latest-news/myanmar-garment-workers-say-theyre-threatened-with-physical-abuse-for-declining-sunday-overtime-work/,2024-09-12,1,False,other_allegations
LPPP.WA,LPP SA,LPP Spółka Akcyjna,762728,other_allegations,2024-09-10,2024,https://www.business-humanrights.org/en/latest-news/myanmar-garment-workers-forced-to-work-overtime-until-midnight-without-overtime-pay/,2024-09-10,1,False,other_allegations
LPPP.WA,LPP SA,LPP Spółka Akcyjna,762728,other_allegations,2024-08-31,2024,https://www.business-humanrights.org/en/latest-news/myanmar-garment-worker-fired-after-being-assaulted-in-the-factory/,2024-08-31,1,False,other_allegations
LPPP.WA,LPP SA,LPP Spółka Akcyjna,762728,other_allegations,2024-08-27,2024,https://www.business-humanrights.org/en/latest-news/myanmar-women-garment-workers-face-menstrual-health-crisis-amid-rampant-inflation-and-low-salary-under-military-rule/,2024-08-27,1,False,other_allegations
LPPP.WA,LPP SA,LPP Spółka Akcyjna,762728,other_allegations,2024-08-19,2024,https://www.business-humanrights.org/en/latest-news/myanmar-garment-workers-face-full-body-searches-to-and-from-work-2/,2024-08-19,1,False,other_allegations
LPPP.WA,LPP SA,LPP Spółka Akcyjna,762728,other_allegations,2024-08-05,2024,https://www.business-humanrights.org/en/latest-news/myanmar-garment-workers-who-refuse-overtime-face-wage-cuts/,2024-08-05,1,False,other_allegations
LPPP.WA,LPP SA,LPP Spółka Akcyjna,762728,other_allegations,2024-08-03,2024,https://www.business-humanrights.org/en/latest-news/myanmar-garment-workers-request-help-over-excessive-overtime-work/,2024-08-03,1,False,other_allegations
LPPP.WA,LPP SA,LPP Spółka Akcyjna,762728,other_allegations,2024-07-29,2024,https://www.business-humanrights.org/en/latest-news/myanmar-workers-say-they-have-to-work-seven-days-per-week-have-no-time-to-sleep-between-shifts-and-work-in-unsanitary-conditions-at-whm-garment-factory/,2024-07-29,1,False,other_allegations
LPPP.WA,LPP SA,LPP Spółka Akcyjna,762728,other_allegations,2024-07-17,2024,https://www.business-humanrights.org/en/latest-news/myanmar-garment-workers-report-continued-workplace-abuses-after-inspection-at-garment-factory/,2024-07-17,1,False,other_allegations
LPPP.WA,LPP SA,LPP Spółka Akcyjna,762728,other_allegations,2024-07-11,2024,https://www.business-humanrights.org/en/latest-news/myanmar-workers-face-verbal-abuse-pressure-to-meet-excessive-production-targets-at-garment-factory/,2024-07-11,1,False,other_allegations
LPPP.WA,LPP SA,LPP Spółka Akcyjna,762728,other_allegations,2024-07-01,2024,https://www.business-humanrights.org/en/latest-news/myanmar-garment-workers-have-wages-slashed-in-half-and-denied-food-and-water-if-targets-arent-met/,2024-07-01,1,False,other_allegations
LPPP.WA,LPP SA,LPP Spółka Akcyjna,762728,other_allegations,2024-06-17,2024,https://www.business-humanrights.org/en/latest-news/myanmar-children-hired-at-garment-factory-face-verbal-abuse-excessive-production-targets/,2024-06-17,1,False,other_allegations
LPPP.WA,LPP SA,LPP Spółka Akcyjna,762728,other_allegations,2024-05-13,2024,https://www.business-humanrights.org/en/latest-news/myanmar-garment-factory-allegedly-calls-on-army-to-arrest-workers-they-want-to-dismiss/,2024-05-13,1,False,other_allegations
LPPP.WA,LPP SA,LPP Spółka Akcyjna,762728,other_allegations,2024-05-10,2024,https://www.business-humanrights.org/en/latest-news/myanmar-labour-rights-violations-reported-at-zyz-apparel-factory/,2024-05-10,1,False,other_allegations
LPPP.WA,LPP SA,LPP Spółka Akcyjna,762728,other_allegations,2024-05-09,2024,https://www.business-humanrights.org/en/latest-news/myanmar-day-labourers-at-alleged-sinsay-supplier-denied-permanent-contracts-denied-benefits/,2024-05-09,1,False,other_allegations
LPPP.WA,LPP SA,LPP Spółka Akcyjna,762728,other_allegations,2024-04-22,2024,https://www.business-humanrights.org/en/latest-news/myanmar-garment-workers-face-mandatory-overtime-excessive-targets-2/,2024-04-22,1,False,other_allegations
LPPP.WA,LPP SA,LPP Spółka Akcyjna,762728,other_allegations,2024-04-20,2024,https://www.business-humanrights.org/en/latest-news/myanmar-garment-workers-yet-to-receive-compensation-from-factory-closure-three-years-ago/,2024-04-20,1,False,other_allegations
LPPP.WA,LPP SA,LPP Spółka Akcyjna,762728,other_allegations,2024-04-13,2024,https://www.business-humanrights.org/en/latest-news/myanmar-workplace-violations-reported-at-heng-run-garment/,2024-04-13,1,False,other_allegations
LPPP.WA,LPP SA,LPP Spółka Akcyjna,762728,other_allegations,2024-04-12,2024,https://www.business-humanrights.org/en/latest-news/myanmar-garment-workers-face-abuse-from-supervisors-to-meet-targets/,2024-04-12,1,False,other_allegations
LPPP.WA,LPP SA,LPP Spółka Akcyjna,762728,other_allegations,2024-03-31,2024,https://www.business-humanrights.org/en/latest-news/myanmar-garment-workers-forced-to-work-overtime-continuously/,2024-03-31,1,False,other_allegations
LPPP.WA,LPP SA,LPP Spółka Akcyjna,762728,other_allegations,2024-03-24,2024,https://www.business-humanrights.org/en/latest-news/myanmar-workers-reportedly-forced-to-give-false-answers-during-inspections/,2024-03-24,1,False,other_allegations
LPPP.WA,LPP SA,LPP Spółka Akcyjna,762728,other_allegations,2024-03-15,2024,https://www.business-humanrights.org/en/latest-news/myanmar-workers-forced-to-work-continuously-for-seven-hours-without-a-break/,2024-03-15,1,False,other_allegations
LPPP.WA,LPP SA,LPP Spółka Akcyjna,762728,other_allegations,2024-03-13,2024,https://www.business-humanrights.org/en/latest-news/myanmar-excessive-production-targets-denial-of-leave-reported-at-garment-factory/,2024-03-13,1,False,other_allegations
LPPP.WA,LPP SA,LPP Spółka Akcyjna,762728,other_allegations,2024-03-09,2024,https://www.business-humanrights.org/en/latest-news/myanmar-child-labourers-hired-at-factory-denied-leave/,2024-03-09,1,False,other_allegations
LPPP.WA,LPP SA,LPP Spółka Akcyjna,762728,other_allegations,2024-02-29,2024,https://www.business-humanrights.org/en/latest-news/myanmar-around-300-workers-forced-to-walk-home-from-factory-after-overtime-shift-despite-safety-concerns/,2024-02-29,1,False,other_allegations
LPPP.WA,LPP SA,LPP Spółka Akcyjna,762728,other_allegations,2024-02-28,2024,https://www.business-humanrights.org/en/latest-news/myanmar-forty-day-labourers-fired-from-factory-after-brand-inspection-announced/,2024-02-28,1,False,other_allegations
LPPP.WA,LPP SA,LPP Spółka Akcyjna,762728,other_allegations,2024-02-28,2024,https://www.business-humanrights.org/en/latest-news/myanmar-security-personnel-at-garment-factory-reportedly-taking-pictures-of-workers-entering-toilets/,2024-02-28,1,False,other_allegations
LPPP.WA,LPP SA,LPP Spółka Akcyjna,762728,other_allegations,2024-02-23,2024,https://www.business-humanrights.org/en/latest-news/myanmar-garment-workers-forced-to-work-16-hours-a-day/,2024-02-23,1,False,other_allegations
LPPP.WA,LPP SA,LPP Spółka Akcyjna,762728,other_allegations,2024-02-23,2024,https://www.business-humanrights.org/en/latest-news/myanmar-garment-workers-forced-to-work-overtime-despite-inspections/,2024-02-23,1,False,other_allegations
LPPP.WA,LPP SA,LPP Spółka Akcyjna,762728,other_allegations,2024-02-15,2024,https://www.business-humanrights.org/en/latest-news/myanmar-garment-workers-phones-taken-from-them-during-shifts/,2024-02-15,1,False,other_allegations
LPPP.WA,LPP SA,LPP Spółka Akcyjna,762728,other_allegations,2024-02-11,2024,https://www.business-humanrights.org/en/latest-news/myanmar-garment-workers-report-rights-violations-incl-wage-deductions-if-they-take-leave/,2024-02-11,1,False,other_allegations
LPPP.WA,LPP SA,LPP Spółka Akcyjna,762728,other_allegations,2024-02-10,2024,https://www.business-humanrights.org/en/latest-news/myanmar-garment-factory-allegedly-seizing-workers-phones-demanding-excessive-production-targets/,2024-02-10,1,False,other_allegations
LPPP.WA,LPP SA,LPP Spółka Akcyjna,762728,other_allegations,2024-02-07,2024,https://www.business-humanrights.org/en/latest-news/myanmar-garment-workers-unfairly-dismissed-over-minor-dispute/,2024-02-07,1,False,other_allegations
LPPP.WA,LPP SA,LPP Spółka Akcyjna,762728,other_allegations,2024-02-05,2024,https://www.business-humanrights.org/en/latest-news/myanmar-garment-workers-at-yoyika-garment-factory-report-excessive-production-targets-denial-of-leave/,2024-02-05,1,False,other_allegations
LPPP.WA,LPP SA,LPP Spółka Akcyjna,762728,other_allegations,2024-02-04,2024,https://www.business-humanrights.org/en/latest-news/myanmar-day-labourers-denied-permanent-contracts-face-labour-rights-abuse-at-garment-factory/,2024-02-04,1,False,other_allegations
LPPP.WA,LPP SA,LPP Spółka Akcyjna,762728,other_allegations,2024-02-03,2024,https://www.business-humanrights.org/en/latest-news/myanmar-garment-factory-demands-workers-meet-high-targets-face-verbal-abuse/,2024-02-03,1,False,other_allegations
LPPP.WA,LPP SA,LPP Spółka Akcyjna,762728,other_allegations,2024-02-02,2024,https://www.business-humanrights.org/en/latest-news/myanmar-garment-workers-forced-to-work-overtime-without-receiving-overtime-payment/,2024-02-02,1,False,other_allegations
LPPP.WA,LPP SA,LPP Spółka Akcyjna,762728,other_allegations,2024-02-02,2024,https://www.business-humanrights.org/en/latest-news/myanmar-garment-factory-reported-to-be-committing-multiple-labour-rights-violations/,2024-02-02,1,False,other_allegations
LPPP.WA,LPP SA,LPP Spółka Akcyjna,762728,other_allegations,2024-02-01,2024,https://www.business-humanrights.org/en/latest-news/myanmar-garment-workers-forced-to-work-overtime-without-pay/,2024-02-01,1,False,other_allegations
LPPP.WA,LPP SA,LPP Spółka Akcyjna,762728,other_allegations,2024-01-31,2024,https://www.business-humanrights.org/en/latest-news/myanmar-garment-worker-dismissed-after-arriving-to-work-late/,2024-01-31,1,False,other_allegations
LPPP.WA,LPP SA,LPP Spółka Akcyjna,762728,other_allegations,2024-01-24,2024,https://www.business-humanrights.org/en/latest-news/myanmar-garment-workers-report-verbal-abuse-mandatory-overtime-at-factory-excessive-production-targets/,2024-01-24,1,False,other_allegations
LPPP.WA,LPP SA,LPP Spółka Akcyjna,762728,other_allegations,2024-01-22,2024,https://www.business-humanrights.org/en/latest-news/myanmar-garment-workers-forced-to-worknight-to-meet-excessive-targets/,2024-01-22,1,False,other_allegations
LPPP.WA,LPP SA,LPP Spółka Akcyjna,762728,other_allegations,2024-01-20,2024,https://www.business-humanrights.org/en/latest-news/myanmar-garment-workers-forced-to-work-overtime-lie-during-inspections/,2024-01-20,1,False,other_allegations
LPPP.WA,LPP SA,LPP Spółka Akcyjna,762728,other_allegations,2024-01-16,2024,https://www.business-humanrights.org/en/latest-news/myanmar-garment-workers-at-bohua-fashion-factory-report-abuses-incl-physical-abuse-excessive-production-targets/,2024-01-16,1,False,other_allegations
LPPP.WA,LPP SA,LPP Spółka Akcyjna,762728,other_allegations,2024-01-15,2024,https://www.business-humanrights.org/en/latest-news/myanmar-garment-workers-report-multiple-labour-rights-abuses-at-ep-fashion-factory/,2024-01-15,1,False,other_allegations
LPPP.WA,LPP SA,LPP Spółka Akcyjna,762728,other_allegations,2024-01-13,2024,https://www.business-humanrights.org/en/latest-news/myanmar-garment-workers-reportedly-denied-leave-forced-to-work-unpaid-overtime/,2024-01-13,1,False,other_allegations
LPPP.WA,LPP SA,LPP Spółka Akcyjna,762728,other_allegations,2024-01-09,2024,https://www.business-humanrights.org/en/latest-news/myanmar-garment-workers-forced-to-work-overnight-until-dawn/,2024-01-09,1,False,other_allegations
LPPP.WA,LPP SA,LPP Spółka Akcyjna,762728,other_allegations,2023-12-14,2023,https://www.business-humanrights.org/en/latest-news/myanmar-garment-workers-reportedly-robbed-on-journey-home-after-mandatory-overtime-shifts/,2023-12-14,1,False,other_allegations
LPPP.WA,LPP SA,LPP Spółka Akcyjna,762728,other_allegations,2023-11-29,2023,https://www.business-humanrights.org/en/latest-news/myanmar-worker-files-complaint-to-labour-office-over-denied-medical-leave/,2023-11-29,1,False,other_allegations
LPPP.WA,LPP SA,LPP Spółka Akcyjna,762728,other_allegations,2023-11-29,2023,https://www.business-humanrights.org/en/latest-news/myanmar-garment-workers-at-bohua-fashion-factory-report-multiple-labour-rights-abuses/,2023-11-29,1,False,other_allegations
LPPP.WA,LPP SA,LPP Spółka Akcyjna,762728,other_allegations,2023-11-08,2023,https://www.business-humanrights.org/en/latest-news/myanmar-garment-workers-at-kfine-international-garment-workers-report-labour-rights-abuses/,2023-11-08,1,False,other_allegations
LPPP.WA,LPP SA,LPP Spółka Akcyjna,762728,other_allegations,2023-10-25,2023,https://www.business-humanrights.org/en/latest-news/myanmar-new-payment-system-at-ep-fashion-means-workers-are-paid-less-workers-report/,2023-10-25,1,False,other_allegations
LPPP.WA,LPP SA,LPP Spółka Akcyjna,762728,other_allegations,2023-10-23,2023,https://www.business-humanrights.org/en/latest-news/myanmar-women-garment-workers-from-maiyibei-manufacturing-garment-factory-forced-to-work-overnight-at-factory-in-different-location/,2023-10-23,1,False,other_allegations
LPPP.WA,LPP SA,LPP Spółka Akcyjna,762728,other_allegations,2023-10-14,2023,https://www.business-humanrights.org/en/latest-news/myanmar-worker-pens-letter-highlighting-multiple-labour-rights-abuses-at-garment-factory/,2023-10-14,1,False,other_allegations
LPPP.WA,LPP SA,LPP Spółka Akcyjna,762728,other_allegations,2023-10-13,2023,https://www.business-humanrights.org/en/latest-news/myanmar-garment-workers-reportedly-forced-to-work-unpaid-overtime-if-targets-are-not-met/,2023-10-13,1,False,other_allegations
LPPP.WA,LPP SA,LPP Spółka Akcyjna,762728,other_allegations,2023-10-12,2023,https://www.business-humanrights.org/en/latest-news/myanmar-sysmm-apparel-garment-factory-will-not-pay-workers-full-compensation-after-factory-closure-workers-report/,2023-10-12,1,False,other_allegations
LPPP.WA,LPP SA,LPP Spółka Akcyjna,762728,other_allegations,2023-10-08,2023,https://www.business-humanrights.org/en/latest-news/myanmar-over-1000-workers-at-sen-yu-factory-strike-calling-on-factory-to-accept-collective-demands-re-working-conditions/,2023-10-08,1,False,other_allegations
LPPP.WA,LPP SA,LPP Spółka Akcyjna,762728,other_allegations,2023-10-05,2023,https://www.business-humanrights.org/en/latest-news/myanmar-day-labourers-at-alleged-terranova-sinsay-supplier-reportedly-fired-rehired-to-avoid-payments-benefits/,2023-10-05,1,False,other_allegations
LPPP.WA,LPP SA,LPP Spółka Akcyjna,762728,other_allegations,2023-10-02,2023,https://www.business-humanrights.org/en/latest-news/myanmar-garment-workers-at-synergy-garment-factory-forced-to-work-without-a-day-off/,2023-10-02,1,False,other_allegations
LPPP.WA,LPP SA,LPP Spółka Akcyjna,762728,other_allegations,2023-09-15,2023,https://www.business-humanrights.org/en/latest-news/myanmar-garment-worker-allegedly-dismissed-after-refusing-to-carry-heavy-materials-in-the-factory-due-to-safety-risks/,2023-09-15,1,False,other_allegations
LPPP.WA,LPP SA,LPP Spółka Akcyjna,762728,other_allegations,2023-09-11,2023,https://www.business-humanrights.org/en/latest-news/myanmar-over-60-workers-wait-outside-sen-yu-garment-factory-for-owed-wages/,2023-09-11,1,False,other_allegations
LPPP.WA,LPP SA,LPP Spółka Akcyjna,762728,other_allegations,2023-09-11,2023,https://www.business-humanrights.org/en/latest-news/myanmar-garment-workers-threatened-to-work-overtime-or-face-dismissal/,2023-09-11,1,False,other_allegations
LPPP.WA,LPP SA,LPP Spółka Akcyjna,762728,other_allegations,2023-09-10,2023,https://www.business-humanrights.org/en/latest-news/myanmar-garment-workers-face-verbal-abuse-swearing-from-supervisors/,2023-09-10,1,False,other_allegations
LPPP.WA,LPP SA,LPP Spółka Akcyjna,762728,other_allegations,2023-08-31,2023,https://www.business-humanrights.org/en/latest-news/myanmar-workers-at-sen-yu-garment-factory-reportedly-pressured-to-work-overtime/,2023-08-31,1,False,other_allegations
LPPP.WA,LPP SA,LPP Spółka Akcyjna,762728,other_allegations,2023-08-29,2023,https://www.business-humanrights.org/en/latest-news/myanmar-garment-workers-forced-to-work-overtime-to-meet-excessive-production-targets/,2023-08-29,1,False,other_allegations
LPPP.WA,LPP SA,LPP Spółka Akcyjna,762728,other_allegations,2023-08-26,2023,https://www.business-humanrights.org/en/latest-news/myanmar-garment-workers-report-labour-rights-abuses-at-alleged-mohito-supplier/,2023-08-26,1,False,other_allegations
LPPP.WA,LPP SA,LPP Spółka Akcyjna,762728,other_allegations,2023-08-25,2023,https://www.business-humanrights.org/en/latest-news/myanmar-garment-workers-file-complaint-over-mandatory-overtime/,2023-08-25,1,False,other_allegations
LPPP.WA,LPP SA,LPP Spółka Akcyjna,762728,other_allegations,2023-08-25,2023,https://www.business-humanrights.org/en/latest-news/myanmar-garment-workers-denied-social-security-benefits-forced-to-work-overtime-to-meet-unattainable-targets/,2023-08-25,1,False,other_allegations
LPPP.WA,LPP SA,LPP Spółka Akcyjna,762728,other_allegations,2023-07-19,2023,https://www.business-humanrights.org/en/latest-news/myanmar-workers-at-garment-factory-report-overtime-is-impacting-their-mental-physical-wellbeing/,2023-07-19,1,False,other_allegations
LPPP.WA,LPP SA,LPP Spółka Akcyjna,762728,other_allegations,2023-07-10,2023,https://www.business-humanrights.org/en/latest-news/myanmar-garment-workers-have-phones-confiscated-after-requesting-less-overtime/,2023-07-10,1,False,other_allegations
LPPP.WA,LPP SA,LPP Spółka Akcyjna,762728,other_allegations,2023-07-07,2023,https://www.business-humanrights.org/en/latest-news/myanmar-garment-workers-reportedly-forced-to-work-overtime-denied-leave/,2023-07-07,1,False,other_allegations
LPPP.WA,LPP SA,LPP Spółka Akcyjna,762728,other_allegations,2023-07-06,2023,https://www.business-humanrights.org/en/latest-news/myanmar-garment-workers-at-myanmar-bestex-garment-factory-continue-to-report-mandatory-unpaid-overtime/,2023-07-06,1,False,other_allegations
LPPP.WA,LPP SA,LPP Spółka Akcyjna,762728,other_allegations,2023-06-27,2023,https://www.business-humanrights.org/en/latest-news/myanmar-union-reports-illegal-dismissal-of-supervisor-at-honor-apparel-garment-factory/,2023-06-27,1,False,other_allegations
LPPP.WA,LPP SA,LPP Spółka Akcyjna,762728,other_allegations,2023-06-25,2023,https://www.business-humanrights.org/en/latest-news/myanmar-garment-workers-allegedly-supplying-reserved-report-suffering-health-issues-due-to-mandatory-overtime/,2023-06-25,1,False,other_allegations
LPPP.WA,LPP SA,LPP Spółka Akcyjna,762728,other_allegations,2023-06-10,2023,https://www.business-humanrights.org/en/latest-news/myanmar-garment-workers-report-multiple-labour-rights-abuses-at-kfine-international-garment-myanmar-factory/,2023-06-10,1,False,other_allegations
LPPP.WA,LPP SA,LPP Spółka Akcyjna,762728,other_allegations,2023-06-06,2023,https://www.business-humanrights.org/en/latest-news/myanmar-over-1000-garment-workers-at-honor-apparel-factory-protest-for-wage-increase/,2023-06-06,1,False,other_allegations
LPPP.WA,LPP SA,LPP Spółka Akcyjna,762728,other_allegations,2023-06-02,2023,https://www.business-humanrights.org/en/latest-news/myanmar-garment-workers-allege-their-rights-are-being-severely-violated-at-ten-da-garment-factory/,2023-06-02,1,False,other_allegations
LPPP.WA,LPP SA,LPP Spółka Akcyjna,762728,other_allegations,2023-05-27,2023,https://www.business-humanrights.org/en/latest-news/myanmar-workers-at-zong-hong-garment-reported-mandatory-overtime-excessive-production-target-and-intimidation/,2023-05-27,1,False,other_allegations
LPPP.WA,LPP SA,LPP Spółka Akcyjna,762728,other_allegations,2023-05-23,2023,https://www.business-humanrights.org/en/latest-news/myanmar-workers-report-several-labour-rights-abuses-incl-mandatory-overtime-unsanitary-working-conditions-abuse/,2023-05-23,1,False,other_allegations
LPPP.WA,LPP SA,LPP Spółka Akcyjna,762728,other_allegations,2023-05-04,2023,https://www.business-humanrights.org/en/latest-news/myanmar-workers-at-lucky-fortune-reported-labour-rights-abuses-including-mandatory-overtime-and-intimidation/,2023-05-04,1,False,other_allegations
LPPP.WA,LPP SA,LPP Spółka Akcyjna,762728,other_allegations,2023-03-23,2023,https://www.business-humanrights.org/en/latest-news/myanmar-a-worker-at-gb-manufacturing-garment-factory-reported-violence-and-unfair-dismissal/,2023-03-23,1,False,other_allegations
LPPP.WA,LPP SA,LPP Spółka Akcyjna,762728,other_allegations,2023-03-02,2023,https://www.business-humanrights.org/en/latest-news/myanmar-garment-worker-dismissed-after-physical-assault-on-ferry-transporting-workers-home/,2023-03-02,1,False,other_allegations
LPPP.WA,LPP SA,LPP Spółka Akcyjna,762728,other_allegations,2023-02-27,2023,https://www.business-humanrights.org/en/latest-news/myanmar-workers-at-tianjin-fashion-milestone-garment-factory-reported-mandatory-overtime-excessive-production-targets-intimidation-and-a-lack-of-worker-representatives/,2023-02-27,1,False,other_allegations
LPPP.WA,LPP SA,LPP Spółka Akcyjna,762728,other_allegations,2023-02-10,2023,https://www.business-humanrights.org/en/latest-news/myanmar-garment-factory-allegedly-rigs-vote-on-workers-coordination-committee-to-ensure-the-appointment-of-employer-preferred-labour-representatives/,2023-02-10,1,False,other_allegations
LPPP.WA,LPP SA,LPP Spółka Akcyjna,762728,other_allegations,2022-12-24,2022,https://www.business-humanrights.org/en/latest-news/myanmar-garment-workers-report-conditions-in-factory-as-a-living-hell-alleging-mandatory-overtime-underpaid-wages-workers-hired-as-day-labourers/,2022-12-24,1,False,other_allegations
LPPP.WA,LPP SA,LPP Spółka Akcyjna,762728,other_allegations,2022-10-07,2022,https://www.business-humanrights.org/en/latest-news/myanmar-hundreds-of-garment-workers-at-tianjin-fashion-milestone-protest-over-the-dismissal-of-200-workers-due-to-low-orders/,2022-10-07,1,False,other_allegations
LPPP.WA,LPP SA,LPP Spółka Akcyjna,762728,other_allegations,2022-09-02,2022,https://www.business-humanrights.org/en/latest-news/myanmar-garment-workers-reportedly-denied-time-off-work-and-forced-to-sleep-overnight-in-factory/,2022-09-02,1,False,other_allegations
LPPP.WA,LPP SA,LPP Spółka Akcyjna,762728,other_allegations,2022-09-01,2022,https://www.business-humanrights.org/en/latest-news/myanmar-garment-workers-report-underpaid-wages-to-day-labourers-violation-of-covid-19-regulations/,2022-09-01,1,False,other_allegations
LPPP.WA,LPP SA,LPP Spółka Akcyjna,762728,other_allegations,2022-08-11,2022,https://www.business-humanrights.org/en/latest-news/myanmar-garment-worker-alleges-workers-committee-at-tianjin-fashion-milestone-fails-to-address-concerns-of-workers-incl-health-safety-issues/,2022-08-11,1,False,other_allegations
LPPP.WA,LPP SA,LPP Spółka Akcyjna,762728,other_allegations,2022-08-03,2022,https://www.business-humanrights.org/en/latest-news/myanmar-garment-workers-from-sagaing-division-magway-division-reportedly-dismissed-without-valid-reasons/,2022-08-03,1,False,other_allegations
LPPP.WA,LPP SA,LPP Spółka Akcyjna,762728,other_allegations,2022-07-29,2022,https://www.business-humanrights.org/en/latest-news/myanmar-garment-workers-report-unfair-dismissals-unpaid-wages-child-labour-at-myanmar-sinyoung-factory/,2022-07-29,1,False,other_allegations
LPPP.WA,LPP SA,LPP Spółka Akcyjna,762728,other_allegations,2022-07-14,2022,https://www.business-humanrights.org/en/latest-news/myanmar-garment-workers-face-attempted-kidnap-after-working-overtime-at-hengrun-garment-factory/,2022-07-14,1,False,other_allegations
LPPP.WA,LPP SA,LPP Spółka Akcyjna,762728,other_allegations,2022-05-29,2022,https://www.business-humanrights.org/en/latest-news/myanmar-garment-workers-report-labour-rights-violations-at-sinsay-vero-moda-only-supplier-incl-forced-overtime-to-meet-increased-targets-verbal-abuse/,2022-05-29,1,False,other_allegations
LPPP.WA,LPP SA,LPP Spółka Akcyjna,762728,other_allegations,2022-05-26,2022,https://www.business-humanrights.org/en/latest-news/myanmar-vero-moda-supplier-allegedly-denying-pregnant-workers-maternity-leave/,2022-05-26,1,False,other_allegations
LPPP.WA,LPP SA,LPP Spółka Akcyjna,762728,other_allegations,2022-05-24,2022,https://www.business-humanrights.org/en/latest-news/myanmar-bershka-supplier-allegedly-violating-workers-rights-incl-wage-deductions-forced-overtime/,2022-05-24,1,False,other_allegations
LPPP.WA,LPP SA,LPP Spółka Akcyjna,762728,other_allegations,2022-05-21,2022,https://www.business-humanrights.org/en/latest-news/myanmar-garment-workers-report-harassment-and-increased-workload-at-honor-apparel/,2022-05-21,1,False,other_allegations
LPPP.WA,LPP SA,LPP Spółka Akcyjna,762728,other_allegations,2022-05-19,2022,https://www.business-humanrights.org/en/latest-news/myanmar-garment-workers-report-labour-rights-violations-at-factory-supplying-brands-incl-only-kiabi-zara/,2022-05-19,1,False,other_allegations
LPPP.WA,LPP SA,LPP Spółka Akcyjna,762728,other_allegations,2022-05-09,2022,https://www.business-humanrights.org/en/latest-news/myanmar-garment-workers-at-sinsay-supplier-report-salary-cuts-verbal-abuse-child-labour-forced-overtime/,2022-05-09,1,False,other_allegations
LPPP.WA,LPP SA,LPP Spółka Akcyjna,762728,other_allegations,2022-05-01,2022,https://www.business-humanrights.org/en/latest-news/myanmar-garment-factory-supplying-brands-incl-ca-tesco-zara-accused-of-dismissing-worker-who-was-physically-assaulted-by-supervisor/,2022-05-01,1,False,other_allegations
LPPP.WA,LPP SA,LPP Spółka Akcyjna,762728,other_allegations,2022-03-30,2022,https://www.business-humanrights.org/en/latest-news/myanmar-garment-workers-at-factory-supplying-only-zara-report-labour-rights-violations-incl-forced-unpaid-overtime-denial-of-leave-wage-cuts/,2022-03-30,1,False,other_allegations
LPPP.WA,LPP SA,LPP Spółka Akcyjna,762728,other_allegations,2022-03-28,2022,https://www.business-humanrights.org/en/latest-news/myanmar-garment-workers-at-mohito-supplier-report-labour-rights-violations-incl-forced-overtime-without-pay/,2022-03-28,1,False,other_allegations
LPPP.WA,LPP SA,LPP Spółka Akcyjna,762728,other_allegations,2022-03-19,2022,https://www.business-humanrights.org/en/latest-news/myanmar-zara-only-supplier-accused-of-violating-workers-rights-incl-forced-unpaid-overtime-denial-of-leave-denial-of-permanent-contracts/,2022-03-19,1,False,other_allegations
LPPP.WA,LPP SA,LPP Spółka Akcyjna,762728,other_allegations,2022-02-15,2022,https://www.business-humanrights.org/en/latest-news/myanmar-tesco-announces-responsible-exit-from-myanmar-amid-continued-labour-rights-violations/,2022-02-15,1,False,other_allegations
LPPP.WA,LPP SA,LPP Spółka Akcyjna,762728,other_allegations,2022-01-11,2022,https://www.business-humanrights.org/en/latest-news/myanmar-garment-workers-at-honor-apparel-call-for-full-compensation-for-factory-closure/,2022-01-11,1,False,other_allegations
LPPP.WA,LPP SA,LPP Spółka Akcyjna,762728,other_allegations,2022-01-07,2022,https://www.business-humanrights.org/en/latest-news/myanmar-garment-worker-dismissed-after-injury-in-the-workplace/,2022-01-07,1,False,other_allegations
LPPP.WA,LPP SA,LPP Spółka Akcyjna,762728,other_allegations,2021-11-17,2021,https://www.business-humanrights.org/en/latest-news/myanmar-garment-workers-dismissed-for-removing-masks-at-factory-entrance-despite-poor-covid-19-health-safety-measures-in-factory/,2021-11-17,1,False,other_allegations
LPPP.WA,LPP SA,LPP Spółka Akcyjna,762728,other_allegations,2021-09-17,2021,https://www.business-humanrights.org/en/latest-news/myanmar-worker-at-unifa-handbag-factory-dismissed-without-legal-compensation/,2021-09-17,1,False,other_allegations
LPPP.WA,LPP SA,LPP Spółka Akcyjna,762728,other_allegations,2021-07-03,2021,https://www.business-humanrights.org/en/latest-news/myanmar-workers-allegedly-owed-unpaid-compensation-following-factory-closure/,2021-07-03,1,False,other_allegations
LPPP.WA,LPP SA,LPP Spółka Akcyjna,762728,other_allegations,2021-03-09,2021,https://www.business-humanrights.org/en/latest-news/myanmar-military-allegedly-arrests-or-files-arrest-orders-for-at-least-71-union-leaders-in-response-to-civil-disobedience-movement/,2021-03-09,1,False,other_allegations
LVMH.PA,LVMH Moet Hennessy Louis Vuitton SE,LVMH Moët Hennessy – Louis Vuitton,758060,other_allegations,2024-09-25,2024,https://www.business-humanrights.org/en/latest-news/france-champagne-makers-aim-to-better-protect-seasonal-grape-harvesters-from-abuse-after-four-workers-died-last-year-amid-hot-temperatures-incl-co-comments/,2024-09-25,1,False,other_allegations
LVMH.PA,LVMH Moet Hennessy Louis Vuitton SE,LVMH Moët Hennessy – Louis Vuitton,758060,other_allegations,2023-09-26,2023,https://www.business-humanrights.org/en/latest-news/champagne-pickers-treated-like-dogs/,2023-09-26,1,False,other_allegations
MAERSKb.CO,AP Moeller - Maersk A/S,A.P. Moller - Maersk Group,755536,other_allegations,2026-02-09,2026,https://www.business-humanrights.org/en/latest-news/shipping-giant-msc-facilitates-trade-from-israeli-settlements-through-eu/,2026-02-09,1,False,other_allegations
MAERSKb.CO,AP Moeller - Maersk A/S,A.P. Moller - Maersk Group,755536,other_allegations,2025-09-15,2025,https://www.business-humanrights.org/en/latest-news/iopt-report-by-uni-global-union-alliance-exposes-foreign-companies-profiting-from-illegal-israeli-settlements-in-the-west-bank-incl-east-jerusalem/,2025-09-15,1,False,other_allegations
MAERSKb.CO,AP Moeller - Maersk A/S,A.P. Moller - Maersk Group,755536,other_allegations,2025-05-27,2025,https://www.business-humanrights.org/en/latest-news/israelopt-maersk-implicated-at-every-stage-of-f-35-production-report-finds/,2025-05-27,1,False,other_allegations
MAERSKb.CO,AP Moeller - Maersk A/S,A.P. Moller - Maersk Group,755536,other_allegations,2024-11-11,2024,https://www.business-humanrights.org/en/latest-news/morocco-protests-over-maersk-ship-allegedly-transporting-arms-to-israel/,2024-11-11,1,False,other_allegations
MAERSKb.CO,AP Moeller - Maersk A/S,A.P. Moller - Maersk Group,755536,other_allegations,2024-11-04,2024,https://www.business-humanrights.org/en/latest-news/israelopt-maersk-shipped-millions-of-pounds-of-military-equipment-to-israeli-ministry-of-defence-research-finds/,2024-11-04,1,False,other_allegations
MBGn.DE,Mercedes-Benz Group AG,Mercedes-Benz Group,758399,other_allegations,2026-03-09,2026,https://www.business-humanrights.org/en/latest-news/drc-a-new-investigation-reveals-how-the-worlds-largest-copper-cobalt-mines-have-allegedly-poisoned-communities-for-years-incl-company-responses/,2026-03-09,1,False,other_allegations
MBGn.DE,Mercedes-Benz Group AG,Mercedes-Benz Group,758399,other_allegations,2025-11-24,2025,https://www.business-humanrights.org/en/latest-news/guinea-a-new-report-highlights-concerns-and-expectations-of-rural-communities-at-risk-from-cbgs-plan-to-expand-its-mining-operation/,2025-11-24,1,False,other_allegations
MBGn.DE,Mercedes-Benz Group AG,Mercedes-Benz Group,758399,other_allegations,2025-06-30,2025,https://www.business-humanrights.org/en/latest-news/indonesia-climate-rights-internationals-follow-up-report-reveals-ongoing-unaddressed-serious-human-rights-and-environmental-harms-allegedly-linked-to-nickel-mining-operations-in-halmahera-island/,2025-06-30,1,False,other_allegations
MBGn.DE,Mercedes-Benz Group AG,Mercedes-Benz Group,758399,other_allegations,2025-06-01,2025,https://www.business-humanrights.org/en/latest-news/greenpeace-indonesia-reveal-how-nickel-mining-threatens-the-raja-ampat-biodiversity/,2025-06-01,1,False,other_allegations
MBGn.DE,Mercedes-Benz Group AG,Mercedes-Benz Group,758399,other_allegations,2025-05-31,2025,https://www.business-humanrights.org/en/latest-news/china-more-than-30-automobile-brands-have-products-with-xinjiang-forced-labour-risks-investigation-found/,2025-05-31,1,False,other_allegations
MBGn.DE,Mercedes-Benz Group AG,Mercedes-Benz Group,758399,other_allegations,2025-05-29,2025,https://www.business-humanrights.org/en/latest-news/far-from-home-uyghur-workers-in-factories-supplying-global-brands/,2025-05-29,1,False,other_allegations
MBGn.DE,Mercedes-Benz Group AG,Mercedes-Benz Group,758399,other_allegations,2025-05-29,2025,https://www.business-humanrights.org/en/latest-news/chinas-economy-runs-on-uyghur-forced-labour/,2025-05-29,1,False,other_allegations
MBGn.DE,Mercedes-Benz Group AG,Mercedes-Benz Group,758399,other_allegations,2025-04-01,2025,https://www.business-humanrights.org/en/latest-news/uk-regulator-fines-10-carmakers-2-trade-bodies-over-decision-not-to-compete-through-green-ad-collusion/,2025-04-01,1,False,other_allegations
MBGn.DE,Mercedes-Benz Group AG,Mercedes-Benz Group,758399,other_allegations,2025-03-27,2025,https://www.business-humanrights.org/en/latest-news/s-korea-mercedes-benz-dealership-faces-union-claims-of-targeted-dismissals-and-unfair-practices/,2025-03-27,1,False,other_allegations
MBGn.DE,Mercedes-Benz Group AG,Mercedes-Benz Group,758399,other_allegations,2024-06-17,2024,https://www.business-humanrights.org/en/latest-news/indonesia-hidden-labour-and-environmental-costs-in-nickel-supply-chains-challenge-ev-makers-responsible-sourcing-pledges/,2024-06-17,1,False,other_allegations
MBGn.DE,Mercedes-Benz Group AG,Mercedes-Benz Group,758399,other_allegations,2024-01-10,2024,https://www.business-humanrights.org/en/latest-news/indonesia-fatal-fire-followed-by-two-more-workplace-accidents-at-nickel-facilities-imip-safety-standard-under-scrutiny/,2024-01-10,1,False,other_allegations
MBGn.DE,Mercedes-Benz Group AG,Mercedes-Benz Group,758399,other_allegations,2023-02-07,2023,https://www.business-humanrights.org/en/latest-news/report-driving-force-automotive-supply-chains-and-forced-labor-in-the-uyghur-region/,2023-02-07,1,False,other_allegations
MDBI.MI,Mediobanca Banca di Credito Finanziario SpA,Mediobanca,758229,other_allegations,2024-11-26,2024,https://www.business-humanrights.org/en/latest-news/israelopt-over-800-european-financial-institutions-had-financial-relationships-with-58-companies-actively-involved-in-the-illegal-israeli-settlements-report-finds/,2024-11-26,1,False,other_allegations
MICP.PA,Compagnie Generale des Etablissements Michelin SCA,Michelin,758168,other_allegations,2025-12-08,2025,https://www.business-humanrights.org/en/latest-news/cambodia-rubber-tied-to-china-bound-supply-chains-drives-land-rights-abuses-against-indigenous-communities-report-says/,2025-12-08,1,False,other_allegations
MKS.L,Marks and Spencer Group PLC,Marks & Spencer,758148,other_allegations,2026-01-31,2026,https://www.business-humanrights.org/en/latest-news/south-asia-global-fashion-brands-textile-recycling-schemes-linked-to-labour-rights-risks-in-india-and-pakistan-arisa-findings/,2026-01-31,1,False,other_allegations
MKS.L,Marks and Spencer Group PLC,Marks & Spencer,758148,other_allegations,2025-11-21,2025,https://www.business-humanrights.org/en/latest-news/uk-major-retailers-allegedly-sell-tuna-from-fisheries-where-crews-report-severe-abuse-incl-violence-excessive-hours-other-rights-violations-incl-cos-comments/,2025-11-21,1,False,other_allegations
MKS.L,Marks and Spencer Group PLC,Marks & Spencer,758148,other_allegations,2025-10-09,2025,https://www.business-humanrights.org/en/latest-news/brazil-major-global-fashion-and-footwear-brands-are-linked-through-their-leather-supply-chains-to-producers-implicated-in-environmental-and-human-rights-harms-according-to-report/,2025-10-09,1,False,other_allegations
MKS.L,Marks and Spencer Group PLC,Marks & Spencer,758148,other_allegations,2025-08-11,2025,https://www.business-humanrights.org/en/latest-news/thailand-over-900-garment-workers-denied-76-million-severance-as-global-brands-face-accountability-calls/,2025-08-11,1,False,other_allegations
MKS.L,Marks and Spencer Group PLC,Marks & Spencer,758148,other_allegations,2025-07-23,2025,https://www.business-humanrights.org/en/latest-news/uk-supermarkets-breaching-ungp-human-rights-commitments-in-spanish-supply-chains-say-csos-after-migrant-farmworkers-denied-access-to-water-in-accommodation-incl-british-retail-consortium-comment/,2025-07-23,1,False,other_allegations
MKS.L,Marks and Spencer Group PLC,Marks & Spencer,758148,other_allegations,2024-12-20,2024,https://www.business-humanrights.org/en/latest-news/bangladesh-40000-bexmico-employees-laid-off-amid-economic-challenges-and-co-founders-arrest/,2024-12-20,1,False,other_allegations
MKS.L,Marks and Spencer Group PLC,Marks & Spencer,758148,other_allegations,2024-10-10,2024,https://www.business-humanrights.org/en/latest-news/myanmar-over-1000-garment-workers-protest-demanding-wage-increase/,2024-10-10,1,False,other_allegations
MKS.L,Marks and Spencer Group PLC,Marks & Spencer,758148,other_allegations,2024-09-30,2024,https://www.business-humanrights.org/en/latest-news/uk-mcdonalds-supermarkets-asda-co-op-ms-sainsburys-tesco-waitrose-missed-red-flags-for-human-trafficking-over-years-finds-bbc-incl-co-comments/,2024-09-30,1,False,other_allegations
MKS.L,Marks and Spencer Group PLC,Marks & Spencer,758148,other_allegations,2024-09-06,2024,https://www.business-humanrights.org/en/latest-news/seasonal-workers-at-prestigious-farm-given-cramped-and-undignified-accommodation/,2024-09-06,1,False,other_allegations
MKS.L,Marks and Spencer Group PLC,Marks & Spencer,758148,other_allegations,2024-08-02,2024,https://www.business-humanrights.org/en/latest-news/us-olympic-team-sponsor-caught-in-clothes-factory-abuse-scandal-2/,2024-08-02,1,False,other_allegations
MKS.L,Marks and Spencer Group PLC,Marks & Spencer,758148,other_allegations,2024-06-10,2024,https://www.business-humanrights.org/en/latest-news/myanmar-garment-workers-strike-demanding-wage-increase-due-to-rising-living-costs/,2024-06-10,1,False,other_allegations
MKS.L,Marks and Spencer Group PLC,Marks & Spencer,758148,other_allegations,2024-04-22,2024,https://www.business-humanrights.org/en/latest-news/myanmar-garment-workers-report-sexual-harassment-physical-assault-at-factory/,2024-04-22,1,False,other_allegations
MKS.L,Marks and Spencer Group PLC,Marks & Spencer,758148,other_allegations,2024-04-01,2024,https://www.business-humanrights.org/en/latest-news/jordan-abuse-at-under-armour-columbia-and-american-eagle-supplier-factory-led-to-suicide-of-migrant-worker-incl-co-comments/,2024-04-01,1,False,other_allegations
MKS.L,Marks and Spencer Group PLC,Marks & Spencer,758148,other_allegations,2023-09-09,2023,https://www.business-humanrights.org/en/latest-news/myanmar-garment-workers-who-asked-for-wage-increase-demoted/,2023-09-09,1,False,other_allegations
MKS.L,Marks and Spencer Group PLC,Marks & Spencer,758148,other_allegations,2023-08-28,2023,https://www.business-humanrights.org/en/latest-news/myanmar-garment-worker-unfairly-fired-after-nine-years-of-service/,2023-08-28,1,False,other_allegations
MKS.L,Marks and Spencer Group PLC,Marks & Spencer,758148,other_allegations,2023-08-28,2023,https://www.business-humanrights.org/en/latest-news/myanmar-garment-worker-fired-after-being-punched-in-the-workplace/,2023-08-28,1,False,other_allegations
MKS.L,Marks and Spencer Group PLC,Marks & Spencer,758148,other_allegations,2023-08-03,2023,https://www.business-humanrights.org/en/latest-news/cambodia-over-10000-garment-workers-across-eight-factories-suspended-or-terminated-due-to-the-economic-crisis-political-landscape/,2023-08-03,1,False,other_allegations
MKS.L,Marks and Spencer Group PLC,Marks & Spencer,758148,other_allegations,2023-07-26,2023,https://www.business-humanrights.org/en/latest-news/myanmar-workers-at-erdos-factory-face-wage-theft-if-they-miss-a-day/,2023-07-26,1,False,other_allegations
MKS.L,Marks and Spencer Group PLC,Marks & Spencer,758148,other_allegations,2023-06-07,2023,https://www.business-humanrights.org/en/latest-news/myanmar-workers-at-myanmar-knitting-garment-factory-reported-intimidation-and-gender-discrimination/,2023-06-07,1,False,other_allegations
MKS.L,Marks and Spencer Group PLC,Marks & Spencer,758148,other_allegations,2023-05-29,2023,https://www.business-humanrights.org/en/latest-news/tea-estate-worker-attacked-by-a-leopard-workers-say-they-work-in-constant-fear-of-attack/,2023-05-29,1,False,other_allegations
MKS.L,Marks and Spencer Group PLC,Marks & Spencer,758148,other_allegations,2023-03-31,2023,https://www.business-humanrights.org/en/latest-news/produce-of-exploitation-uk-supermarkets-and-migrant-labour-in-southern-spain/,2023-03-31,1,False,other_allegations
MKS.L,Marks and Spencer Group PLC,Marks & Spencer,758148,other_allegations,2023-02-27,2023,https://www.business-humanrights.org/en/latest-news/myanmar-trade-union-leaders-allegedly-dismissed-in-factory-downsizing-blacklisted/,2023-02-27,1,False,other_allegations
MKS.L,Marks and Spencer Group PLC,Marks & Spencer,758148,other_allegations,2023-01-27,2023,https://www.business-humanrights.org/en/latest-news/myanmar-garment-worker-dismissed-for-taking-sick-leave-after-fainting-in-factory/,2023-01-27,1,False,other_allegations
MKS.L,Marks and Spencer Group PLC,Marks & Spencer,758148,other_allegations,2022-12-02,2022,https://www.business-humanrights.org/en/latest-news/uk-indonesian-fruit-pickers-supplying-supermarkets-seek-diplomatic-help-over-working-conditions/,2022-12-02,1,False,other_allegations
MKS.L,Marks and Spencer Group PLC,Marks & Spencer,758148,other_allegations,2022-09-29,2022,https://www.business-humanrights.org/en/latest-news/myanmar-garment-workers-at-myanmar-knitting-allegedly-dismissed-if-unfair-targets-are-not-met/,2022-09-29,1,False,other_allegations
MKS.L,Marks and Spencer Group PLC,Marks & Spencer,758148,other_allegations,2022-09-16,2022,https://www.business-humanrights.org/en/latest-news/myanmar-garment-worker-reprotedly-dismissed-denied-severance-pay-after-factory-blacklisted-for-late-repayment-of-loan/,2022-09-16,1,False,other_allegations
MKS.L,Marks and Spencer Group PLC,Marks & Spencer,758148,other_allegations,2022-08-15,2022,https://www.business-humanrights.org/en/latest-news/uk-indonesian-workers-on-farms-supplying-uk-supermarkets-at-risk-of-debt-bondage-due-to-fees-charged-by-unlicensed-foreign-brokers-incl-co-comments/,2022-08-15,1,False,other_allegations
MKS.L,Marks and Spencer Group PLC,Marks & Spencer,758148,other_allegations,2022-08-14,2022,https://www.business-humanrights.org/en/latest-news/myanmar-garment-workers-at-tristate-myanmar-factory-report-forced-overtime-excessive-production-targets/,2022-08-14,1,False,other_allegations
MKS.L,Marks and Spencer Group PLC,Marks & Spencer,758148,other_allegations,2022-07-06,2022,https://www.business-humanrights.org/en/latest-news/myanmar-workers-at-kingsrich-myanmar-factory-report-labour-rights-violations-incl-forced-overtime-dismissal-of-workers-safety-threats-of-arrest-by-the-military/,2022-07-06,1,False,other_allegations
MKS.L,Marks and Spencer Group PLC,Marks & Spencer,758148,other_allegations,2022-05-27,2022,https://www.business-humanrights.org/en/latest-news/uk-migrant-fruit-pickers-charged-thousands-in-illegal-fees-to-work-on-farms-supplying-ms-tesco-waitrose-investigation-shows/,2022-05-27,1,False,other_allegations
MKS.L,Marks and Spencer Group PLC,Marks & Spencer,758148,other_allegations,2022-03-23,2022,https://www.business-humanrights.org/en/latest-news/sri-lanka-workers-targeted-for-resisting-imposition-of-revenue-sharing-system-which-threatens-to-reduce-earnings/,2022-03-23,1,False,other_allegations
MKS.L,Marks and Spencer Group PLC,Marks & Spencer,758148,other_allegations,2022-02-28,2022,https://www.business-humanrights.org/en/latest-news/sri-lanka-tea-plantation-companies-challenge-daily-wage-increase-for-workers-in-court/,2022-02-28,1,False,other_allegations
MKS.L,Marks and Spencer Group PLC,Marks & Spencer,758148,other_allegations,2022-01-25,2022,https://www.business-humanrights.org/en/latest-news/portugal-migrant-berry-pickers-supplying-uk-supermarkets-report-exploitative-working-conditions-incl-underpayment-of-wages-overtime-poor-health-safety/,2022-01-25,1,False,other_allegations
MT.AS,ArcelorMittal SA,ArcelorMittal,755749,hrd_attacks,2023-11-24,2023,https://www.business-humanrights.org/en/latest-news/higinio-trinidad-de-la-cruz-state-indigenous-council-consejo-estatal-indígena-2/,2023-11-24,1,False,hrd_attacks
MT.AS,ArcelorMittal SA,ArcelorMittal,755749,hrd_attacks,2023-04-01,2023,https://www.business-humanrights.org/en/latest-news/eustacio-alcalá-díaz/,2023-04-01,1,False,hrd_attacks
MT.AS,ArcelorMittal SA,ArcelorMittal,755749,hrd_attacks,2023-02-01,2023,https://www.business-humanrights.org/en/latest-news/higinio-trinidad-de-la-cruz-state-indigenous-council-consejo-estatal-indígena/,2023-02-01,1,False,hrd_attacks
MT.AS,ArcelorMittal SA,ArcelorMittal,755749,hrd_attacks,2018-02-01,2018,https://www.business-humanrights.org/en/latest-news/nataliya-tomilova-miners-family-organization/,2018-02-01,1,False,hrd_attacks
MT.AS,ArcelorMittal SA,ArcelorMittal,755749,hrd_attacks,2018-02-01,2018,https://www.business-humanrights.org/en/latest-news/dimitry-sinyavsky-zhaktau-trade-union-of-metallurgists/,2018-02-01,1,False,hrd_attacks
MT.AS,ArcelorMittal SA,ArcelorMittal,755749,hrd_attacks,2015-07-22,2015,https://www.business-humanrights.org/en/latest-news/eduardo-arturo-mosqueda-sánchez/,2015-07-22,1,False,hrd_attacks
MT.AS,ArcelorMittal SA,ArcelorMittal,755749,other_allegations,2025-05-06,2025,https://www.business-humanrights.org/en/latest-news/bosnia-herzegovina-arcelormittal-workers-end-protest-over-low-salaries-after-reaching-agreement-with-co/,2025-05-06,1,False,other_allegations
MT.AS,ArcelorMittal SA,ArcelorMittal,755749,other_allegations,2025-05-06,2025,https://www.business-humanrights.org/en/latest-news/afrique-du-sud-des-ong-dénoncent-les-dégâts-environnementaux-et-humains-des-aciéries-et-mines-darcelormittal-qui-rejette-les-accusations/,2025-05-06,1,False,other_allegations
MT.AS,ArcelorMittal SA,ArcelorMittal,755749,other_allegations,2025-03-25,2025,https://www.business-humanrights.org/en/latest-news/france-arcelormittal-mis-en-examen-pour-pollution-industrielle-et-mise-en-danger-de-la-vie-dautrui/,2025-03-25,1,False,other_allegations
MT.AS,ArcelorMittal SA,ArcelorMittal,755749,other_allegations,2025-01-21,2025,https://www.business-humanrights.org/en/latest-news/india-green-energy-expansion-sparks-land-disputes-threatens-livelihoods-and-exposes-regulatory-challenges-complicating-efforts-for-renewable-energy-development/,2025-01-21,1,False,other_allegations
MT.AS,ArcelorMittal SA,ArcelorMittal,755749,other_allegations,2025-01-01,2025,https://www.business-humanrights.org/en/latest-news/india-four-workers-killed-and-one-injured-in-fire-after-equipment-failure-at-arcelormittal-steel-plant/,2025-01-01,1,False,other_allegations
MT.AS,ArcelorMittal SA,ArcelorMittal,755749,other_allegations,2024-12-16,2024,https://www.business-humanrights.org/en/latest-news/ukraine-court-orders-seizure-of-arcelormittals-property-in-soil-pollution-case/,2024-12-16,1,False,other_allegations
MT.AS,ArcelorMittal SA,ArcelorMittal,755749,other_allegations,2024-09-04,2024,https://www.business-humanrights.org/en/latest-news/ukraine-arcelormittal-kryvyi-rih-fined-for-harmful-air-emissions-accused-of-corrupt-practices/,2024-09-04,1,False,other_allegations
MT.AS,ArcelorMittal SA,ArcelorMittal,755749,other_allegations,2024-07-25,2024,https://www.business-humanrights.org/en/latest-news/ukraine-3-workers-injured-in-fire-at-arcelormittal-kryvyi-rih/,2024-07-25,1,False,other_allegations
MT.AS,ArcelorMittal SA,ArcelorMittal,755749,other_allegations,2024-06-18,2024,https://www.business-humanrights.org/en/latest-news/ukraine-arcelormittal-kryvyi-rih-to-pay-former-worker-compensation-for-moral-damages-caused-by-occupational-disease/,2024-06-18,1,False,other_allegations
MT.AS,ArcelorMittal SA,ArcelorMittal,755749,other_allegations,2022-03-07,2022,https://www.business-humanrights.org/en/latest-news/ukraine-arcelormittal-kryvyi-rih-pays-22-billion-in-taxes-to-state-budget-criminal-investigation-into-tax-evasion-closed/,2022-03-07,1,False,other_allegations
MT.AS,ArcelorMittal SA,ArcelorMittal,755749,other_allegations,2021-12-02,2021,https://www.business-humanrights.org/en/latest-news/ukraine-miner-killed-in-artem-1-mine-owned-by-arcelormittal-police-open-criminal-proceedings/,2021-12-02,1,False,other_allegations
MT.AS,ArcelorMittal SA,ArcelorMittal,755749,other_allegations,2021-08-05,2021,https://www.business-humanrights.org/en/latest-news/ukraine-air-pollution-in-kryvyi-rih-at-very-high-level-due-to-mining-processing-plants-operations/,2021-08-05,1,False,other_allegations
NAFG.DE,Aurubis AG,Aurubis,761910,other_allegations,2025-11-25,2025,https://www.business-humanrights.org/en/latest-news/lksg-misereor-und-red-muqui-legen-beschwerden-gegen-metallkonzern-aurubis-ein/,2025-11-25,1,False,other_allegations
NAFG.DE,Aurubis AG,Aurubis,761910,other_allegations,2025-04-07,2025,https://www.business-humanrights.org/en/latest-news/rede-von-facing-finance-auf-der-aurubis-hauptversammlung-2025-widersprüchliches-intransparenz-lieferkettengesetz-verstöße/,2025-04-07,1,False,other_allegations
NAFG.DE,Aurubis AG,Aurubis,761910,other_allegations,2025-03-27,2025,https://www.business-humanrights.org/en/latest-news/der-stille-genozid-in-westpapua/,2025-03-27,1,False,other_allegations
NAFG.DE,Aurubis AG,Aurubis,761910,other_allegations,2025-03-01,2025,https://www.business-humanrights.org/en/latest-news/regenwald-report-zur-grasberg-mine-papuas-tiefe-wunde/,2025-03-01,1,False,other_allegations
NAFG.DE,Aurubis AG,Aurubis,761910,other_allegations,2025-02-05,2025,https://www.business-humanrights.org/en/latest-news/green-activists-warn-london-exchange-over-possibly-criminal-copper-trading/,2025-02-05,1,False,other_allegations
NAFG.DE,Aurubis AG,Aurubis,761910,other_allegations,2021-01-28,2021,https://www.business-humanrights.org/en/latest-news/report-raw-deal-does-the-new-eu-development-model-mean-more-of-the-same-destructive-mining/,2021-01-28,1,False,other_allegations
NDAFI.HE,Nordea Bank Abp,Nordea Bank,758538,other_allegations,2024-11-26,2024,https://www.business-humanrights.org/en/latest-news/israelopt-over-800-european-financial-institutions-had-financial-relationships-with-58-companies-actively-involved-in-the-illegal-israeli-settlements-report-finds/,2024-11-26,1,False,other_allegations
NESN.S,Nestle SA,Nestlé,758446,hrd_attacks,2022-02-06,2022,https://www.business-humanrights.org/en/latest-news/quilombolas-of-vila-palmares/,2022-02-06,1,False,hrd_attacks
NESN.S,Nestle SA,Nestlé,758446,hrd_attacks,2019-02-05,2019,https://www.business-humanrights.org/en/latest-news/brayan-eduardo-ceballos-torres-agro-industrial-trade-union-sinaltrainal/,2019-02-05,1,False,hrd_attacks
NESN.S,Nestle SA,Nestlé,758446,hrd_attacks,2018-05-23,2018,https://www.business-humanrights.org/en/latest-news/luis-domínguez-blandón-sintrainal/,2018-05-23,1,False,hrd_attacks
NESN.S,Nestle SA,Nestlé,758446,hrd_attacks,2018-05-23,2018,https://www.business-humanrights.org/en/latest-news/cristian-andrés-lozano-racines-sintrainal/,2018-05-23,1,False,hrd_attacks
NESN.S,Nestle SA,Nestlé,758446,hrd_attacks,2018-05-13,2018,https://www.business-humanrights.org/en/latest-news/gilberto-espinosa-victoria-sinaltrainal/,2018-05-13,1,False,hrd_attacks
NESN.S,Nestle SA,Nestlé,758446,lawsuits,2015-12-09,2015,https://www.business-humanrights.org/en/latest-news/nestlé-lawsuit-re-forced-labour-in-thai-fishing-industry/,2015-12-09,1,False,lawsuits
NESN.S,Nestle SA,Nestlé,758446,lawsuits,2012-03-05,2012,https://www.business-humanrights.org/en/latest-news/nestlé-lawsuit-re-colombia/,2012-03-05,1,False,lawsuits
NESN.S,Nestle SA,Nestlé,758446,lawsuits,2005-07-14,2005,https://www.business-humanrights.org/en/latest-news/nestlé-cargill-archer-daniels-midland-lawsuit-re-côte-divoire-2/,2005-07-14,1,False,lawsuits
NESN.S,Nestle SA,Nestlé,758446,other_allegations,2026-02-23,2026,https://www.business-humanrights.org/en/latest-news/uganda-ministry-of-health-have-issued-a-warning-to-parents-following-a-global-recall-of-nestlés-sma-range-infant-milk-formula-products-after-harmful-contamination-was-detected-in-several-widely-used-brands/,2026-02-23,1,False,other_allegations
NESN.S,Nestle SA,Nestlé,758446,other_allegations,2026-01-29,2026,https://www.business-humanrights.org/en/latest-news/france-consumer-group-files-criminal-complaint-after-infant-milk-recalls/,2026-01-29,1,False,other_allegations
NESN.S,Nestle SA,Nestlé,758446,other_allegations,2025-12-03,2025,https://www.business-humanrights.org/en/latest-news/usa-san-francisco-sues-large-food-companies-over-health-impacts-of-ultra-processed-foods/,2025-12-03,1,False,other_allegations
NESN.S,Nestle SA,Nestlé,758446,other_allegations,2025-11-18,2025,https://www.business-humanrights.org/en/latest-news/les-oisillons-de-nestlé-sont-gravés-dans-nos-esprits/,2025-11-18,1,False,other_allegations
NESN.S,Nestle SA,Nestlé,758446,other_allegations,2025-11-18,2025,https://www.business-humanrights.org/en/latest-news/en-afrique-le-scandale-du-sucre-dans-les-aliments-pour-bébés/,2025-11-18,1,False,other_allegations
NESN.S,Nestle SA,Nestlé,758446,other_allegations,2025-11-17,2025,https://www.business-humanrights.org/en/latest-news/africa-health-advocates-warn-that-nestlés-sugary-baby-cereals-risk-harming-african-children-incl-co-comments/,2025-11-17,1,False,other_allegations
NESN.S,Nestle SA,Nestlé,758446,other_allegations,2025-06-27,2025,https://www.business-humanrights.org/en/latest-news/colombia-coffee-farm-certified-by-rainforest-alliance-allegedly-has-its-workers-in-degrading-conditions-according-to-report-incl-companies-comments/,2025-06-27,1,False,other_allegations
NESN.S,Nestle SA,Nestlé,758446,other_allegations,2025-04-24,2025,https://www.business-humanrights.org/en/latest-news/usa-starbucks-sued-over-alleged-forced-labour-in-brazilian-supply-chain/,2025-04-24,1,False,other_allegations
NESN.S,Nestle SA,Nestlé,758446,other_allegations,2025-03-21,2025,https://www.business-humanrights.org/en/latest-news/west-papua-indigene-bevölkerung-ruft-zum-boykott-von-nestlé-und-mondelēz-produkten-auf-inkl-unternehmenskommentar/,2025-03-21,1,False,other_allegations
NESN.S,Nestle SA,Nestlé,758446,other_allegations,2025-03-04,2025,https://www.business-humanrights.org/en/latest-news/sudan-gum-arabic-becomes-key-export-fueling-war-efforts/,2025-03-04,1,False,other_allegations
NESN.S,Nestle SA,Nestlé,758446,other_allegations,2025-02-26,2025,https://www.business-humanrights.org/en/latest-news/living-wage-for-migrant-workers-in-the-palm-oil-plantations-in-sabah-malaysia/,2025-02-26,1,False,other_allegations
NESN.S,Nestle SA,Nestlé,758446,other_allegations,2025-02-13,2025,https://www.business-humanrights.org/en/latest-news/report-examines-inequalities-and-impacts-on-farmers-in-mexicos-coffee-supply-chain-for-nestlé-and-starbucks/,2025-02-13,1,False,other_allegations
NESN.S,Nestle SA,Nestlé,758446,other_allegations,2024-12-03,2024,https://www.business-humanrights.org/en/latest-news/china-coffee-farms-in-nestlé-and-starbuckss-supply-chain-found-to-have-multiple-labour-rights-concerns-according-to-investigation-by-china-labor-watch/,2024-12-03,1,False,other_allegations
NESN.S,Nestle SA,Nestlé,758446,other_allegations,2024-12-03,2024,https://www.business-humanrights.org/en/latest-news/china-coffee-farms-supplying-for-nestlé-and-starbucks-alleged-to-have-multiple-labour-rights-concerns/,2024-12-03,1,False,other_allegations
NESN.S,Nestle SA,Nestlé,758446,other_allegations,2024-06-25,2024,https://www.business-humanrights.org/en/latest-news/indonesia-ngos-report-alleges-how-indonesias-second-largest-palm-oil-company-pt-astra-agro-lestari-aal-operations-causes-land-conflict-and-environmental-degradation-in-sulawesi/,2024-06-25,1,False,other_allegations
NESN.S,Nestle SA,Nestlé,758446,other_allegations,2024-06-08,2024,https://www.business-humanrights.org/en/latest-news/sudan-the-global-supply-chains-role-in-funding-war-through-gum-arabic-incl-companies-comments/,2024-06-08,1,False,other_allegations
NESN.S,Nestle SA,Nestlé,758446,other_allegations,2024-05-21,2024,https://www.business-humanrights.org/en/latest-news/brazil-an-analysis-of-two-carbon-credit-projects-in-the-amazon-has-found-that-they-may-be-connected-to-illegal-timber-laundering-incl-companies-comments/,2024-05-21,1,False,other_allegations
NESN.S,Nestle SA,Nestlé,758446,other_allegations,2024-04-08,2024,https://www.business-humanrights.org/en/latest-news/mexico-allegations-against-nestlé-for-buying-coffee-from-mexican-farmers-at-undignified-prices/,2024-04-08,1,False,other_allegations
NESN.S,Nestle SA,Nestlé,758446,other_allegations,2023-12-28,2023,https://www.business-humanrights.org/en/latest-news/theyre-paid-billions-to-root-out-child-labor-in-the-us-why-do-they-fail/,2023-12-28,1,False,other_allegations
NESN.S,Nestle SA,Nestlé,758446,other_allegations,2021-02-12,2021,https://www.business-humanrights.org/en/latest-news/usa-victims-of-child-trafficking-slavery-sue-major-chocolate-brands-incl-nestle-cargill-hershey-mars-alleging-they-knowingly-profited-from-the-forced-labor-of-children-harvesting-their-cocoa-beans/,2021-02-12,1,False,other_allegations
NESTE.HE,Neste Oyj,Neste Oil,758626,other_allegations,2024-06-25,2024,https://www.business-humanrights.org/en/latest-news/indonesia-ngos-report-alleges-how-indonesias-second-largest-palm-oil-company-pt-astra-agro-lestari-aal-operations-causes-land-conflict-and-environmental-degradation-in-sulawesi/,2024-06-25,1,False,other_allegations
NHY.OL,Norsk Hydro ASA,Norsk Hydro (Hydro),758448,hrd_attacks,2018-03-12,2018,https://www.business-humanrights.org/en/latest-news/paulo-sergio-almeida-nascimento-associação-dos-caboclos-indígenas-e-quilombolas-da-amazônia/,2018-03-12,1,False,hrd_attacks
NHY.OL,Norsk Hydro ASA,Norsk Hydro (Hydro),758448,hrd_attacks,2018-03-01,2018,https://www.business-humanrights.org/en/latest-news/maría-do-socorro-costa-silva-associação-dos-caboclos-indígenas-e-quilombolas-da-amazônia/,2018-03-01,1,False,hrd_attacks
NHY.OL,Norsk Hydro ASA,Norsk Hydro (Hydro),758448,hrd_attacks,2018-03-01,2018,https://www.business-humanrights.org/en/latest-news/ludmilla-machado-de-oliveira-associação-dos-caboclos-indígenas-e-quilombolas-da-amazônia/,2018-03-01,1,False,hrd_attacks
NHY.OL,Norsk Hydro ASA,Norsk Hydro (Hydro),758448,hrd_attacks,2018-03-01,2018,https://www.business-humanrights.org/en/latest-news/maria-salestiana-cardoso-associação-dos-caboclos-indígenas-e-quilombolas-da-amazônia/,2018-03-01,1,False,hrd_attacks
NHY.OL,Norsk Hydro ASA,Norsk Hydro (Hydro),758448,hrd_attacks,2018-01-01,2018,https://www.business-humanrights.org/en/latest-news/maria-do-socorro-silva-association-of-caboclos-indigenas-and-quilombolas-da-amazônia-cainquiama/,2018-01-01,1,False,hrd_attacks
NHY.OL,Norsk Hydro ASA,Norsk Hydro (Hydro),758448,hrd_attacks,2017-12-22,2017,https://www.business-humanrights.org/en/latest-news/fernando-perreira-association-of-caboclos-indigenas-and-quilombolas-da-amazônia-cainquiama/,2017-12-22,1,False,hrd_attacks
NHY.OL,Norsk Hydro ASA,Norsk Hydro (Hydro),758448,lawsuits,2023-01-01,2023,https://www.business-humanrights.org/en/latest-news/norsk-hydro-lawsuit-re-paragominas-bauxite-mine-brazil/,2023-01-01,1,False,lawsuits
NHY.OL,Norsk Hydro ASA,Norsk Hydro (Hydro),758448,lawsuits,2021-02-21,2021,https://www.business-humanrights.org/en/latest-news/norsk-hydro-re-waste-pollution-in-brazil-filed-in-the-netherlands/,2021-02-21,1,False,lawsuits
NHY.OL,Norsk Hydro ASA,Norsk Hydro (Hydro),758448,lawsuits,2018-01-01,2018,https://www.business-humanrights.org/en/latest-news/national-mining-agency-and-ministry-of-mines-and-energy-re-mineração-paragominas-brazil/,2018-01-01,1,False,lawsuits
NHY.OL,Norsk Hydro ASA,Norsk Hydro (Hydro),758448,other_allegations,2025-11-12,2025,https://www.business-humanrights.org/en/latest-news/brasil-norsk-hydro-reforça-alumínio-verde-na-cop30-em-meio-a-conflitos-e-acusações-de-greenwashing/,2025-11-12,1,False,other_allegations
NHY.OL,Norsk Hydro ASA,Norsk Hydro (Hydro),758448,other_allegations,2024-09-20,2024,https://www.business-humanrights.org/en/latest-news/brazil-quilombolas-e-indigenas-protestam-contra-as-obras-de-mineração-paragominas/,2024-09-20,1,False,other_allegations
NHY.OL,Norsk Hydro ASA,Norsk Hydro (Hydro),758448,other_allegations,2024-05-08,2024,https://www.business-humanrights.org/en/latest-news/brasil-justiça-determina-multa-milionária-à-hydro-por-emissão-excessiva-de-poluentes-no-pará-2/,2024-05-08,1,False,other_allegations
NHY.OL,Norsk Hydro ASA,Norsk Hydro (Hydro),758448,other_allegations,2023-10-25,2023,https://www.business-humanrights.org/en/latest-news/brasil-processo-aponta-irregularidades-no-licenciamento-do-mineroduto-da-norsky-hydro-por-violar-terras-quilombolas/,2023-10-25,1,False,other_allegations
NHY.OL,Norsk Hydro ASA,Norsk Hydro (Hydro),758448,other_allegations,2019-06-03,2019,https://www.business-humanrights.org/en/latest-news/américa-latina-informe-profundiza-sobre-los-conflictos-socioambientales-causados-por-la-minería-en-la-región/,2019-06-03,1,False,other_allegations
NHY.OL,Norsk Hydro ASA,Norsk Hydro (Hydro),758448,other_allegations,2018-05-29,2018,https://www.business-humanrights.org/en/latest-news/brazil-class-action-suit-filed-against-norsk-hydro-to-suspend-bauxite-mining-operations-in-pará/,2018-05-29,1,False,other_allegations
NOKIA.HE,Nokia Oyj,Nokia,758447,lawsuits,2007-03-01,2007,https://www.business-humanrights.org/en/latest-news/nokia-lawsuit-re-hbv-discrimination-in-china/,2007-03-01,1,False,lawsuits
NOKIA.HE,Nokia Oyj,Nokia,758447,other_allegations,2023-10-31,2023,https://www.business-humanrights.org/en/latest-news/debt-bondage-in-space-and-taiwan/,2023-10-31,1,False,other_allegations
NOVN.S,Novartis AG,Novartis,758449,lawsuits,2007-08-01,2007,https://www.business-humanrights.org/en/latest-news/novartis-lawsuit-re-india-patent-law-access-to-medicine/,2007-08-01,1,False,lawsuits
NWG.L,NatWest Group PLC,NatWest (part of Royal Bank of Scotland),758506,other_allegations,2025-04-29,2025,https://www.business-humanrights.org/en/latest-news/bank-transition-plans-a-roadmap-to-nowhere/,2025-04-29,1,False,other_allegations
NWG.L,NatWest Group PLC,NatWest (part of Royal Bank of Scotland),758506,other_allegations,2024-11-26,2024,https://www.business-humanrights.org/en/latest-news/israelopt-over-800-european-financial-institutions-had-financial-relationships-with-58-companies-actively-involved-in-the-illegal-israeli-settlements-report-finds/,2024-11-26,1,False,other_allegations
NWG.L,NatWest Group PLC,NatWest (part of Royal Bank of Scotland),758506,other_allegations,2024-02-22,2024,https://www.business-humanrights.org/en/latest-news/uk-human-rights-and-climate-concerns-over-scottish-banks-helping-controversial-oil-firm-linked-to-israeli-settlements-raise-500m/,2024-02-22,1,False,other_allegations
NXT.L,Next PLC,Next,758531,other_allegations,2026-01-31,2026,https://www.business-humanrights.org/en/latest-news/south-asia-global-fashion-brands-textile-recycling-schemes-linked-to-labour-rights-risks-in-india-and-pakistan-arisa-findings/,2026-01-31,1,False,other_allegations
NXT.L,Next PLC,Next,758531,other_allegations,2025-12-04,2025,https://www.business-humanrights.org/en/latest-news/pakistan-fashion-brand-commitments-on-garment-worker-rights-belied-by-lived-reality-of-workers-amid-escalating-temperatures-report-finds/,2025-12-04,1,False,other_allegations
NXT.L,Next PLC,Next,758531,other_allegations,2025-09-10,2025,https://www.business-humanrights.org/en/latest-news/sri-lanka-next-accused-of-illegally-halting-salary-payments-to-union-members-contesting-factory-closure/,2025-09-10,1,False,other_allegations
NXT.L,Next PLC,Next,758531,other_allegations,2025-08-26,2025,https://www.business-humanrights.org/en/latest-news/bangladesh-over-30-garment-factories-shut-leaving-hundreds-of-workers-unemployed-wpftc/,2025-08-26,1,False,other_allegations
NXT.L,Next PLC,Next,758531,other_allegations,2025-08-11,2025,https://www.business-humanrights.org/en/latest-news/thailand-over-900-garment-workers-denied-76-million-severance-as-global-brands-face-accountability-calls/,2025-08-11,1,False,other_allegations
NXT.L,Next PLC,Next,758531,other_allegations,2025-02-11,2025,https://www.business-humanrights.org/en/latest-news/following-the-thread-labor-abuses-in-taiwans-textile-industry/,2025-02-11,1,False,other_allegations
NXT.L,Next PLC,Next,758531,other_allegations,2025-01-05,2025,https://www.business-humanrights.org/en/latest-news/türkiye-two-textile-factories-suspend-production-amid-rising-costs-declining-orders-wpftc/,2025-01-05,1,False,other_allegations
NXT.L,Next PLC,Next,758531,other_allegations,2024-12-20,2024,https://www.business-humanrights.org/en/latest-news/bangladesh-40000-bexmico-employees-laid-off-amid-economic-challenges-and-co-founders-arrest/,2024-12-20,1,False,other_allegations
NXT.L,Next PLC,Next,758531,other_allegations,2024-08-02,2024,https://www.business-humanrights.org/en/latest-news/us-olympic-team-sponsor-caught-in-clothes-factory-abuse-scandal-2/,2024-08-02,1,False,other_allegations
NXT.L,Next PLC,Next,758531,other_allegations,2024-05-10,2024,https://www.business-humanrights.org/en/latest-news/myanmar-labour-rights-violations-reported-at-zyz-apparel-factory/,2024-05-10,1,False,other_allegations
NXT.L,Next PLC,Next,758531,other_allegations,2024-04-13,2024,https://www.business-humanrights.org/en/latest-news/myanmar-workplace-violations-reported-at-heng-run-garment/,2024-04-13,1,False,other_allegations
NXT.L,Next PLC,Next,758531,other_allegations,2024-04-01,2024,https://www.business-humanrights.org/en/latest-news/jordan-abuse-at-under-armour-columbia-and-american-eagle-supplier-factory-led-to-suicide-of-migrant-worker-incl-co-comments/,2024-04-01,1,False,other_allegations
NXT.L,Next PLC,Next,758531,other_allegations,2024-02-25,2024,https://www.business-humanrights.org/en/latest-news/myanmar-garment-workers-report-labour-rights-violations-at-factory-incl-mandatory-unpaid-overtime/,2024-02-25,1,False,other_allegations
NXT.L,Next PLC,Next,758531,other_allegations,2024-02-09,2024,https://www.business-humanrights.org/en/latest-news/myanmar-garment-workers-face-verbal-abuse-if-excessive-production-targets-are-not-met/,2024-02-09,1,False,other_allegations
NXT.L,Next PLC,Next,758531,other_allegations,2024-01-31,2024,https://www.business-humanrights.org/en/latest-news/myanmar-garment-worker-dismissed-after-arriving-to-work-late/,2024-01-31,1,False,other_allegations
NXT.L,Next PLC,Next,758531,other_allegations,2023-11-25,2023,https://www.business-humanrights.org/en/latest-news/myanmar-garment-workers-at-cheung-hing-factory-report-multiple-labour-rights-abuses-incl-wage-theft-excessive-production-targets/,2023-11-25,1,False,other_allegations
NXT.L,Next PLC,Next,758531,other_allegations,2023-10-27,2023,https://www.business-humanrights.org/en/latest-news/myanmar-garment-workers-at-handa-yangon-factory-report-labour-rights-abuses/,2023-10-27,1,False,other_allegations
NXT.L,Next PLC,Next,758531,other_allegations,2023-08-19,2023,https://www.business-humanrights.org/en/latest-news/myanmar-garment-workers-at-cheung-hing-factory-forced-to-work-until-11pm/,2023-08-19,1,False,other_allegations
NXT.L,Next PLC,Next,758531,other_allegations,2023-08-03,2023,https://www.business-humanrights.org/en/latest-news/cambodia-over-10000-garment-workers-across-eight-factories-suspended-or-terminated-due-to-the-economic-crisis-political-landscape/,2023-08-03,1,False,other_allegations
NXT.L,Next PLC,Next,758531,other_allegations,2023-07-10,2023,https://www.business-humanrights.org/en/latest-news/myanmar-garment-workers-have-phones-confiscated-after-requesting-less-overtime/,2023-07-10,1,False,other_allegations
NXT.L,Next PLC,Next,758531,other_allegations,2023-07-07,2023,https://www.business-humanrights.org/en/latest-news/myanmar-garment-workers-reportedly-forced-to-work-overtime-denied-leave/,2023-07-07,1,False,other_allegations
NXT.L,Next PLC,Next,758531,other_allegations,2023-04-05,2023,https://www.business-humanrights.org/en/latest-news/myanmar-workers-at-jiangsu-soho-garment-factory-reported-mandatory-overtime-and-intimidation/,2023-04-05,1,False,other_allegations
NXT.L,Next PLC,Next,758531,other_allegations,2022-07-14,2022,https://www.business-humanrights.org/en/latest-news/myanmar-garment-workers-face-attempted-kidnap-after-working-overtime-at-hengrun-garment-factory/,2022-07-14,1,False,other_allegations
NXT.L,Next PLC,Next,758531,other_allegations,2022-04-23,2022,https://www.business-humanrights.org/en/latest-news/myanmar-next-supplier-accused-of-physical-abuse-child-labour-unfair-dismissals/,2022-04-23,1,False,other_allegations
NXT.L,Next PLC,Next,758531,other_allegations,2022-02-18,2022,https://www.business-humanrights.org/en/latest-news/myanmar-workers-supplying-next-zara-only-publish-letter-listing-violations-at-the-factory-incl-wage-deductions-for-absence-threats-of-arrest-by-the-military/,2022-02-18,1,False,other_allegations
ORAN.PA,Orange SA,Orange (formerly France Telecom),758729,other_allegations,2023-10-31,2023,https://www.business-humanrights.org/en/latest-news/egypt-none-of-the-egyptian-telecommunication-operators-expended-their-services-to-cover-giza-despite-their-earlier-promises/,2023-10-31,1,False,other_allegations
OREP.PA,L'Oreal SA,L'Oreal,757985,other_allegations,2025-03-31,2025,https://www.business-humanrights.org/en/latest-news/speed-up-addressing-forced-labor-risks-in-taiwans-car-bicycle-and-electronics-industries-2/,2025-03-31,1,False,other_allegations
OREP.PA,L'Oreal SA,L'Oreal,757985,other_allegations,2025-03-04,2025,https://www.business-humanrights.org/en/latest-news/sudan-gum-arabic-becomes-key-export-fueling-war-efforts/,2025-03-04,1,False,other_allegations
OREP.PA,L'Oreal SA,L'Oreal,757985,other_allegations,2024-06-25,2024,https://www.business-humanrights.org/en/latest-news/indonesia-ngos-report-alleges-how-indonesias-second-largest-palm-oil-company-pt-astra-agro-lestari-aal-operations-causes-land-conflict-and-environmental-degradation-in-sulawesi/,2024-06-25,1,False,other_allegations
OREP.PA,L'Oreal SA,L'Oreal,757985,other_allegations,2023-10-31,2023,https://www.business-humanrights.org/en/latest-news/debt-bondage-in-space-and-taiwan/,2023-10-31,1,False,other_allegations
OREP.PA,L'Oreal SA,L'Oreal,757985,other_allegations,2023-02-20,2023,https://www.business-humanrights.org/en/latest-news/taiwan-migrant-workers-reportedly-pay-up-to-usd6150-to-secure-low-wage-jobs-producing-goods-for-multinationals-incl-comments-from-loreal-walmart-others/,2023-02-20,1,False,other_allegations
ORSTED.CO,Oersted A/S,Ørsted,756784,lawsuits,2023-10-17,2023,https://www.business-humanrights.org/en/latest-news/bureau-of-ocean-energy-management-lawsuit-re-ocean-wind-1-project-usa/,2023-10-17,1,False,lawsuits
ORSTED.CO,Oersted A/S,Ørsted,756784,lawsuits,2023-06-08,2023,https://www.business-humanrights.org/en/latest-news/usa-orsted-lawsuit-re-wind-farm-usa/,2023-06-08,1,False,lawsuits
ORSTED.CO,Oersted A/S,Ørsted,756784,other_allegations,2026-02-09,2026,https://www.business-humanrights.org/en/latest-news/taiwan-winds-of-change-can-taiwans-offshore-wind-deliver-fair-work-too-incl-comapnies-comments/,2026-02-09,1,False,other_allegations
P911_p.DE,Dr Ing hc F Porsche AG,Porsche,760986,other_allegations,2025-11-24,2025,https://www.business-humanrights.org/en/latest-news/guinea-a-new-report-highlights-concerns-and-expectations-of-rural-communities-at-risk-from-cbgs-plan-to-expand-its-mining-operation/,2025-11-24,1,False,other_allegations
P911_p.DE,Dr Ing hc F Porsche AG,Porsche,760986,other_allegations,2023-02-07,2023,https://www.business-humanrights.org/en/latest-news/report-driving-force-automotive-supply-chains-and-forced-labor-in-the-uyghur-region/,2023-02-07,1,False,other_allegations
PHG.AS,Koninklijke Philips NV,Philips (Royal Philips Electronics),758998,other_allegations,2025-10-12,2025,https://www.business-humanrights.org/en/latest-news/méxico-43-familiares-de-personas-fallecidas-presuntamente-por-respiradores-defectuosos-de-philips-inician-demandas-civil-y-penal-contra-la-multinacional-holandesa/,2025-10-12,1,False,other_allegations
PKN.WA,Orlen SA,PKN Orlen,758926,other_allegations,2024-08-05,2024,https://www.business-humanrights.org/en/latest-news/poland-indian-workers-allegedly-subjected-to-labour-rights-violations-at-petrochemical-plant-being-constructed-by-hyundai-engineering-técnicas-reunidas-incl-cos-comments/,2024-08-05,1,False,other_allegations
PRTP.PA,Kering SA,Kering,758846,other_allegations,2025-12-04,2025,https://www.business-humanrights.org/en/latest-news/luxury-fashion-firms-asked-for-documents-as-part-of-italian-labor-abuse-probe/,2025-12-04,1,False,other_allegations
PRTP.PA,Kering SA,Kering,758846,other_allegations,2025-05-16,2025,https://www.business-humanrights.org/en/latest-news/italy-fashion-co-valentino-culpably-failed-to-oversee-suppliers-for-higher-profits-court-finds-after-supply-chain-workers-incl-migrants-subjected-to-rights-abuse-incl-co-comment/,2025-05-16,1,False,other_allegations
PUMG.DE,Puma SE,Puma,758754,lawsuits,2005-01-01,2005,https://www.business-humanrights.org/en/latest-news/sweatshop-labour-lawsuit-re-bolivian-migrant-workers-in-argentina/,2005-01-01,1,False,lawsuits
PUMG.DE,Puma SE,Puma,758754,other_allegations,2026-01-31,2026,https://www.business-humanrights.org/en/latest-news/south-asia-global-fashion-brands-textile-recycling-schemes-linked-to-labour-rights-risks-in-india-and-pakistan-arisa-findings/,2026-01-31,1,False,other_allegations
PUMG.DE,Puma SE,Puma,758754,other_allegations,2025-10-09,2025,https://www.business-humanrights.org/en/latest-news/brazil-major-global-fashion-and-footwear-brands-are-linked-through-their-leather-supply-chains-to-producers-implicated-in-environmental-and-human-rights-harms-according-to-report/,2025-10-09,1,False,other_allegations
PUMG.DE,Puma SE,Puma,758754,other_allegations,2025-02-11,2025,https://www.business-humanrights.org/en/latest-news/following-the-thread-labor-abuses-in-taiwans-textile-industry/,2025-02-11,1,False,other_allegations
PUMG.DE,Puma SE,Puma,758754,other_allegations,2023-11-02,2023,https://www.business-humanrights.org/en/latest-news/global-convocan-boicot-a-carrefour-hp-y-puma-como-presión-para-parar-masacres-en-gaza-por-parte-de-israel/,2023-11-02,1,False,other_allegations
PUMG.DE,Puma SE,Puma,758754,other_allegations,2023-09-01,2023,https://www.business-humanrights.org/en/latest-news/indonesia-sportswear-factory-to-shut-down-laying-off-over-1000-workers-following-a-decline-in-orders/,2023-09-01,1,False,other_allegations
PUMG.DE,Puma SE,Puma,758754,other_allegations,2023-06-05,2023,https://www.business-humanrights.org/en/latest-news/indonesia-pumas-alleged-manufacturer-laid-off-600-workers-due-to-lack-of-orders/,2023-06-05,1,False,other_allegations
RBIV.VI,Raiffeisen Bank International AG,Raiffeisen Zentralbank (RZB Group),759099,other_allegations,2025-08-25,2025,https://www.business-humanrights.org/en/latest-news/austria-central-bank-refuses-to-act-on-raiffeisens-alleged-sanctions-violations-linked-to-subsidiarys-operations-in-russia/,2025-08-25,1,False,other_allegations
RBIV.VI,Raiffeisen Bank International AG,Raiffeisen Zentralbank (RZB Group),759099,other_allegations,2025-05-28,2025,https://www.business-humanrights.org/en/latest-news/turkey-plans-to-use-raffeisen-bank-to-pay-for-russian-gas-according-to-media-report/,2025-05-28,1,False,other_allegations
RBIV.VI,Raiffeisen Bank International AG,Raiffeisen Zentralbank (RZB Group),759099,other_allegations,2025-03-12,2025,https://www.business-humanrights.org/en/latest-news/russia-raiffeisen-banks-subsidiary-continues-investments-in-sanctioned-entitites-according-to-new-investigation-incl-co-comments/,2025-03-12,1,False,other_allegations
RBIV.VI,Raiffeisen Bank International AG,Raiffeisen Zentralbank (RZB Group),759099,other_allegations,2024-11-26,2024,https://www.business-humanrights.org/en/latest-news/israelopt-over-800-european-financial-institutions-had-financial-relationships-with-58-companies-actively-involved-in-the-illegal-israeli-settlements-report-finds/,2024-11-26,1,False,other_allegations
RENA.PA,Renault SA,Renault,759032,hrd_attacks,2018-11-02,2018,https://www.business-humanrights.org/en/latest-news/birlesik-metal-is/,2018-11-02,1,False,hrd_attacks
RENA.PA,Renault SA,Renault,759032,other_allegations,2025-06-30,2025,https://www.business-humanrights.org/en/latest-news/indonesia-climate-rights-internationals-follow-up-report-reveals-ongoing-unaddressed-serious-human-rights-and-environmental-harms-allegedly-linked-to-nickel-mining-operations-in-halmahera-island/,2025-06-30,1,False,other_allegations
RENA.PA,Renault SA,Renault,759032,other_allegations,2025-05-31,2025,https://www.business-humanrights.org/en/latest-news/china-more-than-30-automobile-brands-have-products-with-xinjiang-forced-labour-risks-investigation-found/,2025-05-31,1,False,other_allegations
RENA.PA,Renault SA,Renault,759032,other_allegations,2025-04-01,2025,https://www.business-humanrights.org/en/latest-news/uk-regulator-fines-10-carmakers-2-trade-bodies-over-decision-not-to-compete-through-green-ad-collusion/,2025-04-01,1,False,other_allegations
RENA.PA,Renault SA,Renault,759032,other_allegations,2023-07-04,2023,https://www.business-humanrights.org/en/latest-news/morocco-a-report-denounces-alleged-poor-working-conditions-in-cobalt-mines-sourcing-renault-and-bmw-incl-co-comments/,2023-07-04,1,False,other_allegations
RENA.PA,Renault SA,Renault,759032,other_allegations,2023-02-07,2023,https://www.business-humanrights.org/en/latest-news/report-driving-force-automotive-supply-chains-and-forced-labor-in-the-uyghur-region/,2023-02-07,1,False,other_allegations
REP.MC,Repsol SA,Repsol,760869,hrd_attacks,2020-12-15,2020,https://www.business-humanrights.org/en/latest-news/adelso-josé-gallo-tozcano-congreso-de-los-pueblos-peoples-congress/,2020-12-15,1,False,hrd_attacks
REP.MC,Repsol SA,Repsol,760869,hrd_attacks,2017-10-02,2017,https://www.business-humanrights.org/en/latest-news/marisol-parra-ramos/,2017-10-02,1,False,hrd_attacks
REP.MC,Repsol SA,Repsol,760869,hrd_attacks,2015-08-01,2015,https://www.business-humanrights.org/en/latest-news/center-for-the-study-of-labor-and-agrarian-development-cedla/,2015-08-01,1,False,hrd_attacks
REP.MC,Repsol SA,Repsol,760869,hrd_attacks,2015-08-01,2015,https://www.business-humanrights.org/en/latest-news/bolivian-center-for-documentation-and-information-cedib/,2015-08-01,1,False,hrd_attacks
REP.MC,Repsol SA,Repsol,760869,hrd_attacks,2015-08-01,2015,https://www.business-humanrights.org/en/latest-news/tierra-foundation/,2015-08-01,1,False,hrd_attacks
REP.MC,Repsol SA,Repsol,760869,lawsuits,2017-07-17,2017,https://www.business-humanrights.org/en/latest-news/california-communities-lawsuit-against-37-fossil-fuel-companies-re-climate-change-compensation/,2017-07-17,1,False,lawsuits
RHMG.DE,Rheinmetall AG,Rheinmetall,759042,other_allegations,2024-07-11,2024,https://www.business-humanrights.org/en/latest-news/un-experts-urge-arms-companies-investors-to-cese-end-arms-transfers-to-israel-immediately-or-risk-responsibility-for-human-rights-violations/,2024-07-11,1,False,other_allegations
RHMG.DE,Rheinmetall AG,Rheinmetall,759042,other_allegations,2024-06-21,2024,https://www.business-humanrights.org/en/latest-news/expertos-de-la-onu-señalan-como-complicidad-en-violaciones-de-derechos-humanos-venta-de-armas-a-israel-por-parte-de-empresas/,2024-06-21,1,False,other_allegations
RHMG.DE,Rheinmetall AG,Rheinmetall,759042,other_allegations,2024-06-01,2024,https://www.business-humanrights.org/en/latest-news/borussia-dortumund-rheintmetall-face-criticism-for-a-sponsorship-deal-that-goes-against-uefas-human-rights-commitments/,2024-06-01,1,False,other_allegations
RHMG.DE,Rheinmetall AG,Rheinmetall,759042,other_allegations,2024-05-29,2024,https://www.business-humanrights.org/en/latest-news/friedensorganisationen-kritisieren-rheinmetall-und-hensoldt-für-rüstungskooperationen-mit-israel/,2024-05-29,1,False,other_allegations
RIO.L,Rio Tinto PLC,Rio Tinto,758975,hrd_attacks,2024-08-11,2024,https://www.business-humanrights.org/en/latest-news/jevđenije-julijan-dimitrijević/,2024-08-11,1,False,hrd_attacks
RIO.L,Rio Tinto PLC,Rio Tinto,758975,hrd_attacks,2024-08-11,2024,https://www.business-humanrights.org/en/latest-news/nikola-ristić/,2024-08-11,1,False,hrd_attacks
RIO.L,Rio Tinto PLC,Rio Tinto,758975,hrd_attacks,2024-08-11,2024,https://www.business-humanrights.org/en/latest-news/ivan-bjelić/,2024-08-11,1,False,hrd_attacks
RIO.L,Rio Tinto PLC,Rio Tinto,758975,hrd_attacks,2024-08-01,2024,https://www.business-humanrights.org/en/latest-news/aleksandar-matković-transnational-institute/,2024-08-01,1,False,hrd_attacks
RIO.L,Rio Tinto PLC,Rio Tinto,758975,hrd_attacks,2024-07-07,2024,https://www.business-humanrights.org/en/latest-news/nebojša-petković-ne-damo-jadar/,2024-07-07,1,False,hrd_attacks
RIO.L,Rio Tinto PLC,Rio Tinto,758975,hrd_attacks,2024-07-07,2024,https://www.business-humanrights.org/en/latest-news/zlatko-kokanović-ne-damo-jadar/,2024-07-07,1,False,hrd_attacks
RIO.L,Rio Tinto PLC,Rio Tinto,758975,hrd_attacks,2024-07-07,2024,https://www.business-humanrights.org/en/latest-news/5-activists-2/,2024-07-07,1,False,hrd_attacks
RIO.L,Rio Tinto PLC,Rio Tinto,758975,hrd_attacks,2023-10-20,2023,https://www.business-humanrights.org/en/latest-news/ms-rasolonirina-lusud-association/,2023-10-20,1,False,hrd_attacks
RIO.L,Rio Tinto PLC,Rio Tinto,758975,hrd_attacks,2023-10-20,2023,https://www.business-humanrights.org/en/latest-news/mr-damy-lusud-association/,2023-10-20,1,False,hrd_attacks
RIO.L,Rio Tinto PLC,Rio Tinto,758975,hrd_attacks,2023-10-20,2023,https://www.business-humanrights.org/en/latest-news/mr-andriamamonjy-jean-salomon-lusud-association/,2023-10-20,1,False,hrd_attacks
RIO.L,Rio Tinto PLC,Rio Tinto,758975,hrd_attacks,2023-07-01,2023,https://www.business-humanrights.org/en/latest-news/75-protesters/,2023-07-01,1,False,hrd_attacks
RIO.L,Rio Tinto PLC,Rio Tinto,758975,hrd_attacks,2023-07-01,2023,https://www.business-humanrights.org/en/latest-news/eugène-chretien-lusud-association/,2023-07-01,1,False,hrd_attacks
RIO.L,Rio Tinto PLC,Rio Tinto,758975,hrd_attacks,2023-07-01,2023,https://www.business-humanrights.org/en/latest-news/6-protesters/,2023-07-01,1,False,hrd_attacks
RIO.L,Rio Tinto PLC,Rio Tinto,758975,hrd_attacks,2023-07-01,2023,https://www.business-humanrights.org/en/latest-news/5-trade-unionists-syndicalisme-et-vie-des-societes-svs-anosy-and-sendika-kristanina-malagasy-sekrima/,2023-07-01,1,False,hrd_attacks
RIO.L,Rio Tinto PLC,Rio Tinto,758975,hrd_attacks,2023-07-01,2023,https://www.business-humanrights.org/en/latest-news/laurent-manjary-lusud-association/,2023-07-01,1,False,hrd_attacks
RIO.L,Rio Tinto PLC,Rio Tinto,758975,hrd_attacks,2022-08-02,2022,https://www.business-humanrights.org/en/latest-news/sukhgerel-dugersuren/,2022-08-02,1,False,hrd_attacks
RIO.L,Rio Tinto PLC,Rio Tinto,758975,hrd_attacks,2022-04-12,2022,https://www.business-humanrights.org/en/latest-news/danijel-mirkov/,2022-04-12,1,False,hrd_attacks
RIO.L,Rio Tinto PLC,Rio Tinto,758975,hrd_attacks,2022-04-12,2022,https://www.business-humanrights.org/en/latest-news/sara-mikić/,2022-04-12,1,False,hrd_attacks
RIO.L,Rio Tinto PLC,Rio Tinto,758975,hrd_attacks,2022-04-12,2022,https://www.business-humanrights.org/en/latest-news/sava-majstorov/,2022-04-12,1,False,hrd_attacks
RIO.L,Rio Tinto PLC,Rio Tinto,758975,hrd_attacks,2021-10-30,2021,https://www.business-humanrights.org/en/latest-news/eugène-chretien-ratovondrainy-association-fikambananny-pêcheur-fpe/,2021-10-30,1,False,hrd_attacks
RIO.L,Rio Tinto PLC,Rio Tinto,758975,hrd_attacks,2021-10-30,2021,https://www.business-humanrights.org/en/latest-news/simon-bedango-razafinandriana-association-fikambananny-pêcheur-fpe/,2021-10-30,1,False,hrd_attacks
RIO.L,Rio Tinto PLC,Rio Tinto,758975,lawsuits,2024-12-11,2024,https://www.business-humanrights.org/en/latest-news/rio-tinto-lawsuit-re-sexual-harassment-and-gender-discrimination-australia/,2024-12-11,1,False,lawsuits
RIO.L,Rio Tinto PLC,Rio Tinto,758975,lawsuits,2024-05-01,2024,https://www.business-humanrights.org/en/latest-news/rio-tinto-and-bougainville-copper-ltd-lawsuit-re-panguna-copper-mine-papua-new-guinea/,2024-05-01,1,False,lawsuits
RIO.L,Rio Tinto PLC,Rio Tinto,758975,lawsuits,2022-03-30,2022,https://www.business-humanrights.org/en/latest-news/albemarle-antofagasta-barrick-gold-and-bhp-lawsuit-re-environmental-damage-in-atacama-region-chile/,2022-03-30,1,False,lawsuits
RIO.L,Rio Tinto PLC,Rio Tinto,758975,lawsuits,2021-01-01,2021,https://www.business-humanrights.org/en/latest-news/resolution-copper-lawsuit-re-land-swap-of-notable-area-usa/,2021-01-01,1,False,lawsuits
RIO.L,Rio Tinto PLC,Rio Tinto,758975,lawsuits,2020-04-13,2020,https://www.business-humanrights.org/en/latest-news/bhp-lawsuit-re-escondida-copper-mine-chile/,2020-04-13,1,False,lawsuits
RIO.L,Rio Tinto PLC,Rio Tinto,758975,lawsuits,2017-07-17,2017,https://www.business-humanrights.org/en/latest-news/california-communities-lawsuit-against-37-fossil-fuel-companies-re-climate-change-compensation/,2017-07-17,1,False,lawsuits
RIO.L,Rio Tinto PLC,Rio Tinto,758975,lawsuits,2000-09-08,2000,https://www.business-humanrights.org/en/latest-news/rio-tinto-lawsuit-re-papua-new-guinea/,2000-09-08,1,False,lawsuits
RIO.L,Rio Tinto PLC,Rio Tinto,758975,other_allegations,2026-02-16,2026,https://www.business-humanrights.org/en/latest-news/guinea-contract-worker-dies-at-rio-tinto-operated-simandou-mine-incl-co-comment/,2026-02-16,1,False,other_allegations
RIO.L,Rio Tinto PLC,Rio Tinto,758975,other_allegations,2025-12-18,2025,https://www.business-humanrights.org/en/latest-news/brazil-concerns-over-lack-of-community-consultation-in-bauxite-mine-expansion/,2025-12-18,1,False,other_allegations
RIO.L,Rio Tinto PLC,Rio Tinto,758975,other_allegations,2025-12-12,2025,https://www.business-humanrights.org/en/latest-news/madagascar-lexploitation-de-lilménite-par-qmm-filiale-de-rio-tinto-na-pas-dimpact-économique-ou-social-réel-pour-la-population-selon-la-société-civile-avec-les-commentaires-de-lentreprise/,2025-12-12,1,False,other_allegations
RIO.L,Rio Tinto PLC,Rio Tinto,758975,other_allegations,2025-11-24,2025,https://www.business-humanrights.org/en/latest-news/guinea-a-new-report-highlights-concerns-and-expectations-of-rural-communities-at-risk-from-cbgs-plan-to-expand-its-mining-operation/,2025-11-24,1,False,other_allegations
RIO.L,Rio Tinto PLC,Rio Tinto,758975,other_allegations,2025-11-06,2025,https://www.business-humanrights.org/en/latest-news/brazil-communities-live-in-fear-of-potential-bauxite-mine-dams-collapse/,2025-11-06,1,False,other_allegations
RIO.L,Rio Tinto PLC,Rio Tinto,758975,other_allegations,2025-10-27,2025,https://www.business-humanrights.org/en/latest-news/mongolia-oyu-tolgoi-llc-and-law-enforcement-investigate-corruption-allegations-at-copper-operations-incl-company-comments/,2025-10-27,1,False,other_allegations
RIO.L,Rio Tinto PLC,Rio Tinto,758975,other_allegations,2025-10-07,2025,https://www.business-humanrights.org/en/latest-news/australia-epa-warns-mining-companies-over-failures-to-rehabilitate-land-and-protect-rights/,2025-10-07,1,False,other_allegations
RIO.L,Rio Tinto PLC,Rio Tinto,758975,other_allegations,2025-10-03,2025,https://www.business-humanrights.org/en/latest-news/1-guinea-winning-consortium-simandou-reports-3-worker-deaths-suspends-iron-ore-project/,2025-10-03,1,False,other_allegations
RIO.L,Rio Tinto PLC,Rio Tinto,758975,other_allegations,2025-09-14,2025,https://www.business-humanrights.org/en/latest-news/chile-fishermen-sue-minera-escondida-over-discharge-of-waste-into-the-sea/,2025-09-14,1,False,other_allegations
RIO.L,Rio Tinto PLC,Rio Tinto,758975,other_allegations,2025-08-27,2025,https://www.business-humanrights.org/en/latest-news/chile-bhps-escondida-mine-union-reports-safety-concerns-due-to-recent-accidents-involving-autonomous-trucks-incl-companys-comments/,2025-08-27,1,False,other_allegations
RIO.L,Rio Tinto PLC,Rio Tinto,758975,other_allegations,2025-08-25,2025,https://www.business-humanrights.org/en/latest-news/guinea-rio-tinto-group-announce-suspension-of-simandou-mining-project-following-death-of-worker/,2025-08-25,1,False,other_allegations
RIO.L,Rio Tinto PLC,Rio Tinto,758975,other_allegations,2025-08-23,2025,https://www.business-humanrights.org/en/latest-news/argentina-rio-tinto-apelará-el-procesamiento-y-embargo-de-su-subsidiaria-minera-del-altiplano-por-presunto-contrabando-y-corrupción/,2025-08-23,1,False,other_allegations
RIO.L,Rio Tinto PLC,Rio Tinto,758975,other_allegations,2025-08-01,2025,https://www.business-humanrights.org/en/latest-news/guinea-winning-consortium-and-rio-tinto-responds-to-new-study-on-pollution-community-impact-by-simandou-project/,2025-08-01,1,False,other_allegations
RIO.L,Rio Tinto PLC,Rio Tinto,758975,other_allegations,2025-07-30,2025,https://www.business-humanrights.org/en/latest-news/guinea-simandou-mine-project-invested-by-rio-tinto-winning-consortium-baowu-steel-group-chinalco-and-china-hongqiao-pollutes-water-soil-and-impacts-community-according-to-study/,2025-07-30,1,False,other_allegations
RIO.L,Rio Tinto PLC,Rio Tinto,758975,other_allegations,2025-07-16,2025,https://www.business-humanrights.org/en/latest-news/usa-sinking-tailings-dam-at-rio-tintos-kennecott-mine-raises-concerns-of-contamination-at-neighbouring-great-salt-lake-incl-company-comments/,2025-07-16,1,False,other_allegations
RIO.L,Rio Tinto PLC,Rio Tinto,758975,other_allegations,2025-07-15,2025,https://www.business-humanrights.org/en/latest-news/profit-off-peace-meet-the-corporations-poised-to-benefit-from-the-drc-peace-deal/,2025-07-15,1,False,other_allegations
RIO.L,Rio Tinto PLC,Rio Tinto,758975,other_allegations,2025-07-01,2025,https://www.business-humanrights.org/en/latest-news/argentina-lithium-project-framed-by-the-world-bank-as-backing-climate-action-is-allegedly-exacerbating-water-scarcity-incl-companies-comments/,2025-07-01,1,False,other_allegations
RIO.L,Rio Tinto PLC,Rio Tinto,758975,other_allegations,2025-06-19,2025,https://www.business-humanrights.org/en/latest-news/serbia-rio-tinto-and-party-media-are-allegedly-financed-with-money-of-loznica-citizens/,2025-06-19,1,False,other_allegations
RIO.L,Rio Tinto PLC,Rio Tinto,758975,other_allegations,2025-03-12,2025,https://www.business-humanrights.org/en/latest-news/guinea-reports-reveal-unusually-high-number-of-worker-fatalities-and-failure-to-implement-safety-guidelines-at-simandou-iron-ore-project-incl-co-comments/,2025-03-12,1,False,other_allegations
RIO.L,Rio Tinto PLC,Rio Tinto,758975,other_allegations,2025-03-12,2025,https://www.business-humanrights.org/en/latest-news/australia-landmark-high-court-native-title-decision-paves-way-for-aud700-million-mining-compensation-claim/,2025-03-12,1,False,other_allegations
RIO.L,Rio Tinto PLC,Rio Tinto,758975,other_allegations,2024-12-11,2024,https://www.business-humanrights.org/en/latest-news/australia-bhp-and-rio-tinto-face-sexual-harassment-class-actions/,2024-12-11,1,False,other_allegations
RIO.L,Rio Tinto PLC,Rio Tinto,758975,other_allegations,2024-12-06,2024,https://www.business-humanrights.org/en/latest-news/papua-new-guinea-two-year-investigation-reveals-life-threatening-impacts-of-20-year-old-closed-copper-mine/,2024-12-06,1,False,other_allegations
RIO.L,Rio Tinto PLC,Rio Tinto,758975,other_allegations,2024-10-29,2024,https://www.business-humanrights.org/en/latest-news/guinée-rio-tinto-suspend-ses-activités-après-un-accident-mortel-sur-son-site-portuaire/,2024-10-29,1,False,other_allegations
RIO.L,Rio Tinto PLC,Rio Tinto,758975,other_allegations,2024-10-10,2024,https://www.business-humanrights.org/en/latest-news/rio-tinto-class-action-begins-over-bougainville-mining-disaster/,2024-10-10,1,False,other_allegations
RIO.L,Rio Tinto PLC,Rio Tinto,758975,other_allegations,2024-10-08,2024,https://www.business-humanrights.org/en/latest-news/serbia-rio-tintos-jadar-project-concerns-of-environmental-impact-assessment-scope-and-content/,2024-10-08,1,False,other_allegations
RIO.L,Rio Tinto PLC,Rio Tinto,758975,other_allegations,2024-09-02,2024,https://www.business-humanrights.org/en/latest-news/serbia-protests-escalate-over-rio-tintos-proposed-lithium-mine/,2024-09-02,1,False,other_allegations
RIO.L,Rio Tinto PLC,Rio Tinto,758975,other_allegations,2024-08-28,2024,https://www.business-humanrights.org/en/latest-news/mongolia-herding-community-raises-concerns-over-lack-of-progress-in-fulfilling-commitments-incl-access-to-clean-water-seven-years-after-agreement-with-mining-company-2/,2024-08-28,1,False,other_allegations
RIO.L,Rio Tinto PLC,Rio Tinto,758975,other_allegations,2024-08-22,2024,https://www.business-humanrights.org/en/latest-news/guinea-community-seek-annulment-of-simandou-iron-project-environmental-approvals-over-alleged-ecological-and-social-violations/,2024-08-22,1,False,other_allegations
RIO.L,Rio Tinto PLC,Rio Tinto,758975,other_allegations,2024-08-22,2024,https://www.business-humanrights.org/en/latest-news/serbia-activist-opposed-to-rio-tinto-lithium-mine-receives-anonymous-death-threats/,2024-08-22,1,False,other_allegations
RIO.L,Rio Tinto PLC,Rio Tinto,758975,other_allegations,2024-08-12,2024,https://www.business-humanrights.org/en/latest-news/serbia-three-activists-arrested-after-mass-protest-against-lithium-mining-in-belgrade/,2024-08-12,1,False,other_allegations
RIO.L,Rio Tinto PLC,Rio Tinto,758975,other_allegations,2024-08-11,2024,https://www.business-humanrights.org/en/latest-news/tens-of-thousands-protest-in-belgrade-against-proposed-lithium-mining/,2024-08-11,1,False,other_allegations
RIO.L,Rio Tinto PLC,Rio Tinto,758975,other_allegations,2024-07-29,2024,https://www.business-humanrights.org/en/latest-news/serbia-locals-take-over-sabac-streets-in-protest-against-rio-tinto-lithium-mining-plans/,2024-07-29,1,False,other_allegations
RIO.L,Rio Tinto PLC,Rio Tinto,758975,other_allegations,2024-07-09,2024,https://www.business-humanrights.org/en/latest-news/a-utah-industrial-site-is-a-major-source-of-pollution/,2024-07-09,1,False,other_allegations
RIO.L,Rio Tinto PLC,Rio Tinto,758975,other_allegations,2024-07-08,2024,https://www.business-humanrights.org/en/latest-news/serbian-police-charge-local-activists-for-resisting-revival-of-rio-tintos-lithium-project/,2024-07-08,1,False,other_allegations
RIO.L,Rio Tinto PLC,Rio Tinto,758975,other_allegations,2024-04-16,2024,https://www.business-humanrights.org/en/latest-news/usa-9/,2024-04-16,1,False,other_allegations
RIO.L,Rio Tinto PLC,Rio Tinto,758975,other_allegations,2024-04-09,2024,https://www.business-humanrights.org/en/latest-news/madagascar-des-habitants-intentent-une-action-en-justice-contre-rio-tinto-après-que-des-tests-ont-révélé-des-niveaux-dangereux-de-plomb-dans-leur-organisme/,2024-04-09,1,False,other_allegations
RIO.L,Rio Tinto PLC,Rio Tinto,758975,other_allegations,2024-03-18,2024,https://www.business-humanrights.org/en/latest-news/guinée-le-projet-simandou-soulève-des-inquiétudes-avec-les-commentaires-de-lentreprise/,2024-03-18,1,False,other_allegations
RIO.L,Rio Tinto PLC,Rio Tinto,758975,other_allegations,2024-01-30,2024,https://www.business-humanrights.org/en/latest-news/brasil-dados-via-lei-de-acesso-à-informação-registram-alterações-em-barragens-da-mineração-rio-do-norte-inclui-comentários-da-empresa/,2024-01-30,1,False,other_allegations
RIO.L,Rio Tinto PLC,Rio Tinto,758975,other_allegations,2023-10-21,2023,https://www.business-humanrights.org/en/latest-news/madagascar-le-conflit-sintensifie-entre-les-manifestants-la-police-et-la-mine-qmm-de-rio-tinto/,2023-10-21,1,False,other_allegations
RIO.L,Rio Tinto PLC,Rio Tinto,758975,other_allegations,2023-07-19,2023,https://www.business-humanrights.org/en/latest-news/madagascar-five-trade-unionists-arrested-in-protests-against-rio-tintos-qmm-mine/,2023-07-19,1,False,other_allegations
RIO.L,Rio Tinto PLC,Rio Tinto,758975,other_allegations,2023-07-04,2023,https://www.business-humanrights.org/en/latest-news/lusud-faces-repression-for-organising-protest-against-rio-tintos-qmm-mine/,2023-07-04,1,False,other_allegations
RIO.L,Rio Tinto PLC,Rio Tinto,758975,other_allegations,2023-01-27,2023,https://www.business-humanrights.org/en/latest-news/serbia-celebrity-amongst-eco-activists-campaigning-against-lithium-mine-project-claimed-to-damage-biodiversity-and-public-health/,2023-01-27,1,False,other_allegations
RIO.L,Rio Tinto PLC,Rio Tinto,758975,other_allegations,2022-11-28,2022,https://www.business-humanrights.org/en/latest-news/chile-ante-denuncias-por-falta-de-seguridad-en-el-trabajo-trabajadores-de-mina-escondida-irán-a-huelga/,2022-11-28,1,False,other_allegations
RIO.L,Rio Tinto PLC,Rio Tinto,758975,other_allegations,2022-04-12,2022,https://www.business-humanrights.org/en/latest-news/serbia-three-journalists-charged-with-misdemeanour-after-covering-protests-against-rio-tinto-lithium-mine-in-sombor/,2022-04-12,1,False,other_allegations
RIO.L,Rio Tinto PLC,Rio Tinto,758975,other_allegations,2022-01-03,2022,https://www.business-humanrights.org/en/latest-news/serbia-activists-block-roads-to-protest-possible-lithium-mine-that-might-damage-environment-environment-groups-warn/,2022-01-03,1,False,other_allegations
RIO.L,Rio Tinto PLC,Rio Tinto,758975,other_allegations,2021-11-28,2021,https://www.business-humanrights.org/en/latest-news/serbia-protests-against-mining-projects-pollution-legislation-allegedly-favourable-foreign-investors/,2021-11-28,1,False,other_allegations
RIO.L,Rio Tinto PLC,Rio Tinto,758975,other_allegations,2021-11-04,2021,https://www.business-humanrights.org/en/latest-news/madagascar-locals-allege-state-complicity-with-qmm-on-wastewater-discharges-and-whistleblowers-arrests/,2021-11-04,1,False,other_allegations
RIO.L,Rio Tinto PLC,Rio Tinto,758975,other_allegations,2020-11-10,2020,https://www.business-humanrights.org/en/latest-news/australia-the-oecd-national-contact-point-accepts-human-rights-complaint-against-rio-tinto-over-bougainville/,2020-11-10,1,False,other_allegations
RIO.L,Rio Tinto PLC,Rio Tinto,758975,other_allegations,2020-09-29,2020,https://www.business-humanrights.org/en/latest-news/papua-new-guinea-bougainville-residents-petition-australian-government-over-environmental-damage-and-human-rights-violations/,2020-09-29,1,False,other_allegations
RIO.L,Rio Tinto PLC,Rio Tinto,758975,other_allegations,2020-06-08,2020,https://www.business-humanrights.org/en/latest-news/brasil-mineração-rio-do-norte-interfere-em-vida-de-quilombo-no-pará-deixando-rastros-de-pobreza-e-poluição-de-acordo-com-reportagem/,2020-06-08,1,False,other_allegations
RIO.L,Rio Tinto PLC,Rio Tinto,758975,other_allegations,2020-04-02,2020,https://www.business-humanrights.org/en/latest-news/rio-tinto-accused-of-violating-human-rights-in-bougainville-for-not-cleaning-up-panguna-mine/,2020-04-02,1,False,other_allegations
RIO.L,Rio Tinto PLC,Rio Tinto,758975,other_allegations,2020-04-01,2020,https://www.business-humanrights.org/en/latest-news/after-the-mine-living-with-rio-tintos-deadly-legacy/,2020-04-01,1,False,other_allegations
RIO.L,Rio Tinto PLC,Rio Tinto,758975,other_allegations,2020-01-15,2020,https://www.business-humanrights.org/en/latest-news/papua-new-guinea-companies-eyes-are-on-panguna-mine-following-bougainvilles-referendum/,2020-01-15,1,False,other_allegations
RIO.L,Rio Tinto PLC,Rio Tinto,758975,other_allegations,2019-12-24,2019,https://www.business-humanrights.org/en/latest-news/australia-worker-injured-in-train-collision-at-weipa-mine/,2019-12-24,1,False,other_allegations
RIO.L,Rio Tinto PLC,Rio Tinto,758975,other_allegations,2019-11-19,2019,https://www.business-humanrights.org/en/latest-news/papua-new-guinea-as-bougainville-independence-referendum-looms-miners-jostle-for-licences-fears-of-new-conflict-grow/,2019-11-19,1,False,other_allegations
RIO.L,Rio Tinto PLC,Rio Tinto,758975,other_allegations,2019-06-03,2019,https://www.business-humanrights.org/en/latest-news/américa-latina-informe-profundiza-sobre-los-conflictos-socioambientales-causados-por-la-minería-en-la-región/,2019-06-03,1,False,other_allegations
RIO.L,Rio Tinto PLC,Rio Tinto,758975,other_allegations,2014-10-31,2014,https://www.business-humanrights.org/en/latest-news/industriall-time-for-rio-tinto-to-end-dead-silence-on-grasberg-fatalities/,2014-10-31,1,False,other_allegations
RIO.L,Rio Tinto PLC,Rio Tinto,758975,other_allegations,2014-10-22,2014,https://www.business-humanrights.org/en/latest-news/mongolia-rio-tinto-mine-allegedly-threatens-nomads-access-to-water-forces-them-to-relocate-includes-company-comments/,2014-10-22,1,False,other_allegations
RIO.L,Rio Tinto PLC,Rio Tinto,758975,other_allegations,2012-01-09,2012,https://www.business-humanrights.org/en/latest-news/minera-escondida-no-acata-histórica-condena-judicial-por-prácticas-antisindicales-chile/,2012-01-09,1,False,other_allegations
RIO.L,Rio Tinto PLC,Rio Tinto,758975,other_allegations,2011-04-15,2011,https://www.business-humanrights.org/en/latest-news/pollution-row-hits-mining-firm-supplying-olympic-medals/,2011-04-15,1,False,other_allegations
RKT.L,Reckitt Benckiser Group PLC,Reckitt Benckiser,759048,other_allegations,2024-06-25,2024,https://www.business-humanrights.org/en/latest-news/indonesia-ngos-report-alleges-how-indonesias-second-largest-palm-oil-company-pt-astra-agro-lestari-aal-operations-causes-land-conflict-and-environmental-degradation-in-sulawesi/,2024-06-25,1,False,other_allegations
ROO.L,Deliveroo PLC,Deliveroo,762087,hrd_attacks,2024-02-02,2024,https://www.business-humanrights.org/en/latest-news/striking-deliveroo-workers/,2024-02-02,1,False,hrd_attacks
ROO.L,Deliveroo PLC,Deliveroo,762087,other_allegations,2026-02-25,2026,https://www.business-humanrights.org/en/latest-news/italy-deliveroo-placed-under-judicial-supervision-over-alleged-labour-exploitation-of-migrant-workers/,2026-02-25,1,False,other_allegations
ROO.L,Deliveroo PLC,Deliveroo,762087,other_allegations,2025-11-16,2025,https://www.business-humanrights.org/en/latest-news/uk-migrant-delivery-riders-for-deliveroo-uber-eats-just-eat-allege-challenging-low-paid-working-conditions-incl-12-hour-days-harassment-injuries-incl-cos-comments/,2025-11-16,1,False,other_allegations
ROO.L,Deliveroo PLC,Deliveroo,762087,other_allegations,2025-04-14,2025,https://www.business-humanrights.org/en/latest-news/hong-kong-food-delivery-workers-plan-legal-action-against-deliveroo-over-compensations/,2025-04-14,1,False,other_allegations
ROO.L,Deliveroo PLC,Deliveroo,762087,other_allegations,2025-04-08,2025,https://www.business-humanrights.org/en/latest-news/香港戶戶送公司撤出香港市場引起員工補償爭議/,2025-04-08,1,False,other_allegations
ROO.L,Deliveroo PLC,Deliveroo,762087,other_allegations,2024-08-24,2024,https://www.business-humanrights.org/en/latest-news/uk-migrant-gig-workers-living-in-caravan-shantytowns-on-low-pay-despite-long-hours-incl-co-comments/,2024-08-24,1,False,other_allegations
ROO.L,Deliveroo PLC,Deliveroo,762087,other_allegations,2024-05-24,2024,https://www.business-humanrights.org/en/latest-news/uk-deliveroo-riders-protest-soul-destroying-working-conditions-outside-gtm/,2024-05-24,1,False,other_allegations
ROO.L,Deliveroo PLC,Deliveroo,762087,other_allegations,2024-02-13,2024,https://www.business-humanrights.org/en/latest-news/dublin-food-delivery-riders-to-join-international-strike-on-valentines-day/,2024-02-13,1,False,other_allegations
ROO.L,Deliveroo PLC,Deliveroo,762087,other_allegations,2024-02-12,2024,https://www.business-humanrights.org/en/latest-news/thousands-of-uk-deliveroo-and-uber-eats-drivers-to-strike-on-valentines-day/,2024-02-12,1,False,other_allegations
ROO.L,Deliveroo PLC,Deliveroo,762087,other_allegations,2023-05-03,2023,https://www.business-humanrights.org/en/latest-news/uk-undocumented-migrants-renting-food-delivery-accounts-as-substitutes-for-gig-platforms-describe-low-wages-physical-abuse-injuries-insecure-work-incl-comments-from-deliveroo-uber-eats/,2023-05-03,1,False,other_allegations
ROO.L,Deliveroo PLC,Deliveroo,762087,other_allegations,2022-05-02,2022,https://www.business-humanrights.org/en/latest-news/deliveroo-backs-off-plan-to-cut-pay-of-uae-delivery-riders-after-strike/,2022-05-02,1,False,other_allegations
ROO.L,Deliveroo PLC,Deliveroo,762087,other_allegations,2022-03-23,2022,https://www.business-humanrights.org/en/latest-news/uk-just-eat-deliveroo-uber-eats-drivers-stage-northern-irelands-first-gig-economy-strike-calling-for-minimum-income-guarantee-amid-cost-of-living-crisis-rising-fuel-costs-wage-cuts/,2022-03-23,1,False,other_allegations
RR.L,Rolls-Royce Holdings PLC,Rolls-Royce plc,759054,other_allegations,2025-06-03,2025,https://www.business-humanrights.org/en/latest-news/global-rolls-royce-holdings-the-uks-second-largest-weapons-manufacturer-its-german-subsidiary-mtu-makes-the-engines-for-israels-battle-tanks-armored-personnel-carriers-and-warships/,2025-06-03,1,False,other_allegations
RR.L,Rolls-Royce Holdings PLC,Rolls-Royce plc,759054,other_allegations,2024-11-04,2024,https://www.business-humanrights.org/en/latest-news/israelopt-maersk-shipped-millions-of-pounds-of-military-equipment-to-israeli-ministry-of-defence-research-finds/,2024-11-04,1,False,other_allegations
RR.L,Rolls-Royce Holdings PLC,Rolls-Royce plc,759054,other_allegations,2024-03-15,2024,https://www.business-humanrights.org/en/latest-news/global-financiamientos-de-bbva-y-santander-a-empresas-implicadas-en-el-genocidio-de-gaza/,2024-03-15,1,False,other_allegations
RWEG.DE,RWE AG,RWE,758978,hrd_attacks,2023-01-17,2023,https://www.business-humanrights.org/en/latest-news/greta-thunberg-other-activists-in-lützerath-germany/,2023-01-17,1,False,hrd_attacks
RWEG.DE,RWE AG,RWE,758978,hrd_attacks,2023-01-14,2023,https://www.business-humanrights.org/en/latest-news/marcus-golejewski/,2023-01-14,1,False,hrd_attacks
RWEG.DE,RWE AG,RWE,758978,hrd_attacks,2023-01-14,2023,https://www.business-humanrights.org/en/latest-news/lützerath-lebt-climate-activists/,2023-01-14,1,False,hrd_attacks
RWEG.DE,RWE AG,RWE,758978,hrd_attacks,2018-09-16,2018,https://www.business-humanrights.org/en/latest-news/hambach-forest-activists/,2018-09-16,1,False,hrd_attacks
RWEG.DE,RWE AG,RWE,758978,lawsuits,2015-11-24,2015,https://www.business-humanrights.org/en/latest-news/rwe-lawsuit-re-climate-change/,2015-11-24,1,False,lawsuits
RWEG.DE,RWE AG,RWE,758978,other_allegations,2025-10-28,2025,https://www.business-humanrights.org/en/latest-news/germany-pakistani-farmers-to-sue-rwe-and-heidelberg-materials-over-damage-caused-by-2022-floods/,2025-10-28,1,False,other_allegations
SAF.PA,Safran SA,Safran,759498,other_allegations,2025-10-11,2025,https://www.business-humanrights.org/en/latest-news/méxico-personas-trabajadoras-de-la-maquiladora-safran-en-chihuahua-denuncian-presunto-acoso-condiciones-insalubres-y-discriminación-hacia-un-trabajador-trans/,2025-10-11,1,False,other_allegations
SAN.MC,Banco Santander SA,Santander,759191,other_allegations,2025-04-29,2025,https://www.business-humanrights.org/en/latest-news/bank-transition-plans-a-roadmap-to-nowhere/,2025-04-29,1,False,other_allegations
SAN.MC,Banco Santander SA,Santander,759191,other_allegations,2024-11-26,2024,https://www.business-humanrights.org/en/latest-news/israelopt-over-800-european-financial-institutions-had-financial-relationships-with-58-companies-actively-involved-in-the-illegal-israeli-settlements-report-finds/,2024-11-26,1,False,other_allegations
SAN.MC,Banco Santander SA,Santander,759191,other_allegations,2024-03-15,2024,https://www.business-humanrights.org/en/latest-news/global-financiamientos-de-bbva-y-santander-a-empresas-implicadas-en-el-genocidio-de-gaza/,2024-03-15,1,False,other_allegations
SBRY.L,J Sainsbury PLC,Sainsbury's,759274,other_allegations,2025-11-21,2025,https://www.business-humanrights.org/en/latest-news/uk-major-retailers-allegedly-sell-tuna-from-fisheries-where-crews-report-severe-abuse-incl-violence-excessive-hours-other-rights-violations-incl-cos-comments/,2025-11-21,1,False,other_allegations
SBRY.L,J Sainsbury PLC,Sainsbury's,759274,other_allegations,2025-10-21,2025,https://www.business-humanrights.org/en/latest-news/abused-for-our-food/,2025-10-21,1,False,other_allegations
SBRY.L,J Sainsbury PLC,Sainsbury's,759274,other_allegations,2025-07-23,2025,https://www.business-humanrights.org/en/latest-news/uk-supermarkets-breaching-ungp-human-rights-commitments-in-spanish-supply-chains-say-csos-after-migrant-farmworkers-denied-access-to-water-in-accommodation-incl-british-retail-consortium-comment/,2025-07-23,1,False,other_allegations
SBRY.L,J Sainsbury PLC,Sainsbury's,759274,other_allegations,2024-09-30,2024,https://www.business-humanrights.org/en/latest-news/uk-mcdonalds-supermarkets-asda-co-op-ms-sainsburys-tesco-waitrose-missed-red-flags-for-human-trafficking-over-years-finds-bbc-incl-co-comments/,2024-09-30,1,False,other_allegations
SBRY.L,J Sainsbury PLC,Sainsbury's,759274,other_allegations,2023-08-08,2023,https://www.business-humanrights.org/en/latest-news/crime-leader-who-recruited-illegal-workers-to-clean-at-sainsburys-jailed/,2023-08-08,1,False,other_allegations
SBRY.L,J Sainsbury PLC,Sainsbury's,759274,other_allegations,2023-04-13,2023,https://www.business-humanrights.org/en/latest-news/uk-migrant-farmworkers-supplying-big-name-supermarkets-reveal-squalid-cramped-accommodation-incl-co-comments/,2023-04-13,1,False,other_allegations
SBRY.L,J Sainsbury PLC,Sainsbury's,759274,other_allegations,2023-03-31,2023,https://www.business-humanrights.org/en/latest-news/produce-of-exploitation-uk-supermarkets-and-migrant-labour-in-southern-spain/,2023-03-31,1,False,other_allegations
SBRY.L,J Sainsbury PLC,Sainsbury's,759274,other_allegations,2022-08-15,2022,https://www.business-humanrights.org/en/latest-news/uk-indonesian-workers-on-farms-supplying-uk-supermarkets-at-risk-of-debt-bondage-due-to-fees-charged-by-unlicensed-foreign-brokers-incl-co-comments/,2022-08-15,1,False,other_allegations
SBRY.L,J Sainsbury PLC,Sainsbury's,759274,other_allegations,2022-04-12,2022,https://www.business-humanrights.org/en/latest-news/uk-union-files-for-compensation-over-negligence-against-factory-supplying-waitrose-sainsburys-after-migrant-worker-loses-finger-tips-in-accident/,2022-04-12,1,False,other_allegations
SDR.L,Schroders PLC,Schroders,759190,other_allegations,2025-05-05,2025,https://www.business-humanrights.org/en/latest-news/report-from-kingfisher-to-the-lakes-how-human-rights-violations-in-eacop-hotspot-underscore-larger-trends-of-abuse-in-the-afdb-funded-leaf-ii-project-in-northwestern-uganda/,2025-05-05,1,False,other_allegations
SDR.L,Schroders PLC,Schroders,759190,other_allegations,2024-07-02,2024,https://www.business-humanrights.org/en/latest-news/taiwan-vietnamese-thai-workers-subcontracted-on-samsung-ct-rseas-new-airport-build-tell-of-fee-charging-abusive-practices-as-a-quarter-prefer-undocumented-work/,2024-07-02,1,False,other_allegations
SDR.L,Schroders PLC,Schroders,759190,other_allegations,2024-06-27,2024,https://www.business-humanrights.org/en/latest-news/taiwan-bicycle-manufacturer-giant-brands-trek-scott-linked-to-allegations-of-fee-charging-abusive-living-conditions-for-migrant-workers-incl-co-comments/,2024-06-27,1,False,other_allegations
SEBF.PA,SEB SA,Groupe Seb,972884,other_allegations,2025-07-14,2025,https://www.business-humanrights.org/en/latest-news/france-plainte-contre-tefal-et-seb-pour-pratiques-commerciales-trompeuses-liées-aux-poêles-en-téflon/,2025-07-14,1,False,other_allegations
SEBa.ST,Skandinaviska Enskilda Banken AB,SEB,759226,other_allegations,2024-11-26,2024,https://www.business-humanrights.org/en/latest-news/israelopt-over-800-european-financial-institutions-had-financial-relationships-with-58-companies-actively-involved-in-the-illegal-israeli-settlements-report-finds/,2024-11-26,1,False,other_allegations
SGEF.PA,Vinci SA,Vinci,759926,hrd_attacks,2015-04-15,2015,https://www.business-humanrights.org/en/latest-news/sherpa/,2015-04-15,1,False,hrd_attacks
SGEF.PA,Vinci SA,Vinci,759926,hrd_attacks,2015-03-24,2015,https://www.business-humanrights.org/en/latest-news/sherpa-2/,2015-03-24,1,False,hrd_attacks
SGEF.PA,Vinci SA,Vinci,759926,lawsuits,2015-03-23,2015,https://www.business-humanrights.org/en/latest-news/vinci-lawsuits-re-forced-labour-in-qatar/,2015-03-23,1,False,lawsuits
SGEF.PA,Vinci SA,Vinci,759926,other_allegations,2024-11-26,2024,https://www.business-humanrights.org/en/latest-news/israelopt-over-800-european-financial-institutions-had-financial-relationships-with-58-companies-actively-involved-in-the-illegal-israeli-settlements-report-finds/,2024-11-26,1,False,other_allegations
SGEF.PA,Vinci SA,Vinci,759926,other_allegations,2023-06-21,2023,https://www.business-humanrights.org/en/latest-news/workers-set-to-sue-construction-companies-after-unpaid-labour-on-paris-2024-venues/,2023-06-21,1,False,other_allegations
SGSN.S,SGS SA,SGS,764803,other_allegations,2024-03-20,2024,https://www.business-humanrights.org/en/latest-news/india-whistleblower-exposes-forced-labour-wage-theft-caste-discrimination-and-inhumane-conditions-in-major-shrimp-processing-plant-incl-co-response/,2024-03-20,1,False,other_allegations
SHBa.ST,Svenska Handelsbanken AB,Handelsbanken,762400,other_allegations,2024-11-26,2024,https://www.business-humanrights.org/en/latest-news/israelopt-over-800-european-financial-institutions-had-financial-relationships-with-58-companies-actively-involved-in-the-illegal-israeli-settlements-report-finds/,2024-11-26,1,False,other_allegations
SHEL.L,Shell PLC,Shell plc,759139,lawsuits,2017-07-17,2017,https://www.business-humanrights.org/en/latest-news/california-communities-lawsuit-against-37-fossil-fuel-companies-re-climate-change-compensation/,2017-07-17,1,False,lawsuits
SHEL.L,Shell PLC,Shell plc,759139,lawsuits,2017-06-29,2017,https://www.business-humanrights.org/en/latest-news/shell-lawsuit-re-executions-in-nigeria-kiobel-v-shell-filed-in-the-netherlands/,2017-06-29,1,False,lawsuits
SHEL.L,Shell PLC,Shell plc,759139,lawsuits,2015-10-14,2015,https://www.business-humanrights.org/en/latest-news/shell-lawsuit-re-oil-spills-ogale-bille-communities-in-nigeria-okpabi-v-shell/,2015-10-14,1,False,lawsuits
SHEL.L,Shell PLC,Shell plc,759139,lawsuits,2012-03-23,2012,https://www.business-humanrights.org/en/latest-news/shell-lawsuit-re-oil-spills-bodo-community-in-nigeria/,2012-03-23,1,False,lawsuits
SHEL.L,Shell PLC,Shell plc,759139,lawsuits,2008-05-09,2008,https://www.business-humanrights.org/en/latest-news/shell-lawsuit-re-oil-pollution-in-nigeria/,2008-05-09,1,False,lawsuits
SHEL.L,Shell PLC,Shell plc,759139,lawsuits,2008-02-26,2008,https://www.business-humanrights.org/en/latest-news/kivalina-lawsuit-re-global-warming/,2008-02-26,1,False,lawsuits
SHEL.L,Shell PLC,Shell plc,759139,lawsuits,2007-03-09,2007,https://www.business-humanrights.org/en/latest-news/shellbasf-lawsuit-re-brazil/,2007-03-09,1,False,lawsuits
SHEL.L,Shell PLC,Shell plc,759139,lawsuits,2004-07-01,2004,https://www.business-humanrights.org/en/latest-news/matanza-riachuelo-lawsuit-re-argentina/,2004-07-01,1,False,lawsuits
SHEL.L,Shell PLC,Shell plc,759139,lawsuits,2002-09-23,2002,https://www.business-humanrights.org/en/latest-news/shell-lawsuit-re-nigeria-kiobel-wiwa-2/,2002-09-23,1,False,lawsuits
SHEL.L,Shell PLC,Shell plc,759139,lawsuits,1996-12-01,1996,https://www.business-humanrights.org/en/latest-news/shell-lawsuit-re-executions-in-nigeria-wiwa-v-shell-filed-in-usa/,1996-12-01,1,False,lawsuits
SHEL.L,Shell PLC,Shell plc,759139,other_allegations,2026-01-19,2026,https://www.business-humanrights.org/en/latest-news/nigeria-ogwu-ikpele-community-shuts-down-12-oil-wells-over-development-pollution-and-employment-failures/,2026-01-19,1,False,other_allegations
SHEL.L,Shell PLC,Shell plc,759139,other_allegations,2025-11-10,2025,https://www.business-humanrights.org/en/latest-news/nigeria-la-lutte-contre-la-pollution-pétrolière-continue-trente-ans-après-la-mort-de-ken-saro-wiwa/,2025-11-10,1,False,other_allegations
SHEL.L,Shell PLC,Shell plc,759139,other_allegations,2025-10-23,2025,https://www.business-humanrights.org/en/latest-news/uk-philippine-communities-to-sue-shell-over-damages-caused-by-2021-typhoon/,2025-10-23,1,False,other_allegations
SHEL.L,Shell PLC,Shell plc,759139,other_allegations,2025-10-20,2025,https://www.business-humanrights.org/en/latest-news/nigeria-un-roi-et-sa-communauté-poursuivent-shell-en-justice-pour-le-contraindre-à-nettoyer-et-restaurer-lenvironnement-qui-est-pollué/,2025-10-20,1,False,other_allegations
SHEL.L,Shell PLC,Shell plc,759139,other_allegations,2025-09-02,2025,https://www.business-humanrights.org/en/latest-news/nigeria-un-experts-accuse-big-oil-of-human-rights-violations-over-asset-divestments/,2025-09-02,1,False,other_allegations
SHEL.L,Shell PLC,Shell plc,759139,other_allegations,2025-06-20,2025,https://www.business-humanrights.org/en/latest-news/nigeria-niger-delta-monarch-sues-shell-over-environmental-damage-and-demands-12-billion-for-clean-up-amid-divestment/,2025-06-20,1,False,other_allegations
SHEL.L,Shell PLC,Shell plc,759139,other_allegations,2025-06-13,2025,https://www.business-humanrights.org/en/latest-news/nigeria-government-pardons-ken-saro-wiwa-and-8-others-30-years-after-execution-cso-believes-it-falls-far-short-of-the-justice-the-ogoni-nine-need-and-deserve/,2025-06-13,1,False,other_allegations
SHEL.L,Shell PLC,Shell plc,759139,other_allegations,2025-05-30,2025,https://www.business-humanrights.org/en/latest-news/usa-oil-companies-sued-over-wrongful-death-allegedly-linked-to-climate-change/,2025-05-30,1,False,other_allegations
SHEL.L,Shell PLC,Shell plc,759139,other_allegations,2025-05-14,2025,https://www.business-humanrights.org/en/latest-news/major-fossil-fuel-companies-were-allegedly-aware-of-the-climate-impact-of-carbon-emissions-from-fossil-fuels-since-the-1950s-and-actively-misled-the-public-on-climate-impacts-2/,2025-05-14,1,False,other_allegations
SHEL.L,Shell PLC,Shell plc,759139,other_allegations,2025-05-13,2025,https://www.business-humanrights.org/en/latest-news/netherlands-environmental-group-milieudefensie-threatens-shell-with-new-legal-action-in-the-netherlands-over-climate/,2025-05-13,1,False,other_allegations
SHEL.L,Shell PLC,Shell plc,759139,other_allegations,2025-05-06,2025,https://www.business-humanrights.org/en/latest-news/puerto-rico-government-drops-climate-lawsuit-against-major-oil-companies/,2025-05-06,1,False,other_allegations
SHEL.L,Shell PLC,Shell plc,759139,other_allegations,2024-12-05,2024,https://www.business-humanrights.org/en/latest-news/brazil-at-least-two-certified-plants-involved-in-supplying-ethanol-to-major-global-airlines-have-been-implicated-in-recent-slave-labour-scandals-says-report-inclcompanies-comments/,2024-12-05,1,False,other_allegations
SHEL.L,Shell PLC,Shell plc,759139,other_allegations,2024-08-20,2024,https://www.business-humanrights.org/en/latest-news/israelpalestine-report-exposes-ongoing-corporate-and-governmental-complicity-in-supplying-fuel-for-violent-conflicts-despite-icj-rulings/,2024-08-20,1,False,other_allegations
SIEGn.DE,Siemens AG,Siemens,759140,hrd_attacks,2016-05-13,2016,https://www.business-humanrights.org/en/latest-news/giulia-fellin-council-of-indigenous-popular-organizations-of-honduras-consejo-de-organizaciones-populares-indígenas-de-honduras-copinh/,2016-05-13,1,False,hrd_attacks
SIEGn.DE,Siemens AG,Siemens,759140,other_allegations,2025-09-15,2025,https://www.business-humanrights.org/en/latest-news/iopt-report-by-uni-global-union-alliance-exposes-foreign-companies-profiting-from-illegal-israeli-settlements-in-the-west-bank-incl-east-jerusalem/,2025-09-15,1,False,other_allegations
SIEGn.DE,Siemens AG,Siemens,759140,other_allegations,2025-03-13,2025,https://www.business-humanrights.org/en/latest-news/usa-siemens-workers-allege-underpayment-hot-poorly-ventilated-workspaces-and-inability-to-afford-healthcare-as-they-seek-unionisation/,2025-03-13,1,False,other_allegations
SIEGn.DE,Siemens AG,Siemens,759140,other_allegations,2024-11-26,2024,https://www.business-humanrights.org/en/latest-news/israelopt-over-800-european-financial-institutions-had-financial-relationships-with-58-companies-actively-involved-in-the-illegal-israeli-settlements-report-finds/,2024-11-26,1,False,other_allegations
SIEGn.DE,Siemens AG,Siemens,759140,other_allegations,2024-08-19,2024,https://www.business-humanrights.org/en/latest-news/database-tools-of-war-in-the-weapon-of-the-aggressor/,2024-08-19,1,False,other_allegations
SKFb.ST,SKF AB,SKF,759520,other_allegations,2025-09-29,2025,https://www.business-humanrights.org/en/latest-news/russia-imports-tens-of-mln-of-dollars-worth-of-swedish-skf-products-critical-to-its-war-industry-customs-data-show-incl-co-comments/,2025-09-29,1,False,other_allegations
SOGN.PA,Societe Generale SA,Société Générale,759222,other_allegations,2026-02-27,2026,https://www.business-humanrights.org/en/latest-news/uganda-banks-accused-of-back-door-funding-for-eacop-via-15bn-totalenergies-bond/,2026-02-27,1,False,other_allegations
SOGN.PA,Societe Generale SA,Société Générale,759222,other_allegations,2025-11-24,2025,https://www.business-humanrights.org/en/latest-news/guinea-a-new-report-highlights-concerns-and-expectations-of-rural-communities-at-risk-from-cbgs-plan-to-expand-its-mining-operation/,2025-11-24,1,False,other_allegations
SOGN.PA,Societe Generale SA,Société Générale,759222,other_allegations,2025-11-20,2025,https://www.business-humanrights.org/en/latest-news/des-ong-accusent-4-banques-françaises-de-financer-la-déforestation-en-amazonie-avec-le-commentaires-des-entreprises/,2025-11-20,1,False,other_allegations
SOGN.PA,Societe Generale SA,Société Générale,759222,other_allegations,2025-11-05,2025,https://www.business-humanrights.org/en/latest-news/thailand-fossil-free-thailand-urges-for-clarity-over-investment-links-to-burapa-power-project-with-concerns-over-social-and-environmental-impacts/,2025-11-05,1,False,other_allegations
SOGN.PA,Societe Generale SA,Société Générale,759222,other_allegations,2025-04-29,2025,https://www.business-humanrights.org/en/latest-news/bank-transition-plans-a-roadmap-to-nowhere/,2025-04-29,1,False,other_allegations
SOGN.PA,Societe Generale SA,Société Générale,759222,other_allegations,2025-03-24,2025,https://www.business-humanrights.org/en/latest-news/greenwashing-bancaire-des-fonds-dépargne-verts-toujours-liés-aux-hydrocarbures-selon-reclaim-finance/,2025-03-24,1,False,other_allegations
SOGN.PA,Societe Generale SA,Société Générale,759222,other_allegations,2024-12-19,2024,https://www.business-humanrights.org/en/latest-news/urgent-call-to-withdraw-financial-support-for-totalenergies-mozambique-lng-project-and-endorse-the-call-for-an-independent-international-investigation-into-reported-human-rights-violations-associated-with-its-afungi-premises/,2024-12-19,1,False,other_allegations
SOGN.PA,Societe Generale SA,Société Générale,759222,other_allegations,2024-11-26,2024,https://www.business-humanrights.org/en/latest-news/israelopt-over-800-european-financial-institutions-had-financial-relationships-with-58-companies-actively-involved-in-the-illegal-israeli-settlements-report-finds/,2024-11-26,1,False,other_allegations
SRENH.S,Swiss Re AG,Swiss Re,759197,other_allegations,2025-03-27,2025,https://www.business-humanrights.org/en/latest-news/brazil-repórter-brasil-links-swiss-re-insurance-company-to-new-cases-of-rights-violations-against-indigenous-and-quilombola-communities-incl-companys-comments/,2025-03-27,1,False,other_allegations
SRG.MI,Snam SpA,Snam,764846,other_allegations,2024-11-18,2024,https://www.business-humanrights.org/en/latest-news/eu-protesters-disrupt-hydrogen-week-accusing-european-oil-and-gas-companies-of-green-colonialism-and-calling-for-energy-embargo-against-israel-incl-co-comments/,2024-11-18,1,False,other_allegations
SRP.L,Serco Group PLC,Serco,759453,other_allegations,2026-02-09,2026,https://www.business-humanrights.org/en/latest-news/uk-serco-staff-denied-palestine-action-defendants-food-during-trial-families-say-incl-company-comment/,2026-02-09,1,False,other_allegations
SRP.L,Serco Group PLC,Serco,759453,other_allegations,2025-04-29,2025,https://www.business-humanrights.org/en/latest-news/border-security-contracts-linked-to-small-boat-channel-crossings-2/,2025-04-29,1,False,other_allegations
STAN.L,Standard Chartered PLC,Standard Chartered,759163,other_allegations,2025-11-05,2025,https://www.business-humanrights.org/en/latest-news/thailand-fossil-free-thailand-urges-for-clarity-over-investment-links-to-burapa-power-project-with-concerns-over-social-and-environmental-impacts/,2025-11-05,1,False,other_allegations
STAN.L,Standard Chartered PLC,Standard Chartered,759163,other_allegations,2025-09-05,2025,https://www.business-humanrights.org/en/latest-news/kenya-supreme-court-rejects-stancharts-bid-to-halt-pension-payout-to-former-employees/,2025-09-05,1,False,other_allegations
STAN.L,Standard Chartered PLC,Standard Chartered,759163,other_allegations,2025-04-29,2025,https://www.business-humanrights.org/en/latest-news/bank-transition-plans-a-roadmap-to-nowhere/,2025-04-29,1,False,other_allegations
STAN.L,Standard Chartered PLC,Standard Chartered,759163,other_allegations,2025-04-28,2025,https://www.business-humanrights.org/en/latest-news/uganda-court-orders-stanchart-to-compensate-former-employee-160000-over-unlawful-dismissal/,2025-04-28,1,False,other_allegations
STAN.L,Standard Chartered PLC,Standard Chartered,759163,other_allegations,2024-12-19,2024,https://www.business-humanrights.org/en/latest-news/urgent-call-to-withdraw-financial-support-for-totalenergies-mozambique-lng-project-and-endorse-the-call-for-an-independent-international-investigation-into-reported-human-rights-violations-associated-with-its-afungi-premises/,2024-12-19,1,False,other_allegations
STAN.L,Standard Chartered PLC,Standard Chartered,759163,other_allegations,2024-11-26,2024,https://www.business-humanrights.org/en/latest-news/israelopt-over-800-european-financial-institutions-had-financial-relationships-with-58-companies-actively-involved-in-the-illegal-israeli-settlements-report-finds/,2024-11-26,1,False,other_allegations
STB.OL,Storebrand ASA,Storebrand,759196,other_allegations,2024-10-25,2024,https://www.business-humanrights.org/en/latest-news/israel-opt-norwegian-investor-storebrand-divests-from-palantir-over-israeli-ai-surveillance-of-palestinians/,2024-10-25,1,False,other_allegations
STLAM.MI,Stellantis NV,Stellantis,923359,other_allegations,2026-03-09,2026,https://www.business-humanrights.org/en/latest-news/drc-a-new-investigation-reveals-how-the-worlds-largest-copper-cobalt-mines-have-allegedly-poisoned-communities-for-years-incl-company-responses/,2026-03-09,1,False,other_allegations
STLAM.MI,Stellantis NV,Stellantis,923359,other_allegations,2025-09-15,2025,https://www.business-humanrights.org/en/latest-news/report-the-destructive-indonesian-nickel-supply-chain-a-supply-chain-mapping-risk-assessment/,2025-09-15,1,False,other_allegations
STLAM.MI,Stellantis NV,Stellantis,923359,other_allegations,2025-07-24,2025,https://www.business-humanrights.org/en/latest-news/tinas-burritos-worker-killed-in-industrial-meatgrinder-identified-as-19-year-old-brayan-neftali-otoniel-canu-joj/,2025-07-24,1,False,other_allegations
STLAM.MI,Stellantis NV,Stellantis,923359,other_allegations,2025-06-30,2025,https://www.business-humanrights.org/en/latest-news/indonesia-climate-rights-internationals-follow-up-report-reveals-ongoing-unaddressed-serious-human-rights-and-environmental-harms-allegedly-linked-to-nickel-mining-operations-in-halmahera-island/,2025-06-30,1,False,other_allegations
STLAM.MI,Stellantis NV,Stellantis,923359,other_allegations,2025-05-29,2025,https://www.business-humanrights.org/en/latest-news/far-from-home-uyghur-workers-in-factories-supplying-global-brands/,2025-05-29,1,False,other_allegations
STLAM.MI,Stellantis NV,Stellantis,923359,other_allegations,2025-05-29,2025,https://www.business-humanrights.org/en/latest-news/chinas-economy-runs-on-uyghur-forced-labour/,2025-05-29,1,False,other_allegations
STLAM.MI,Stellantis NV,Stellantis,923359,other_allegations,2025-04-01,2025,https://www.business-humanrights.org/en/latest-news/uk-regulator-fines-10-carmakers-2-trade-bodies-over-decision-not-to-compete-through-green-ad-collusion/,2025-04-01,1,False,other_allegations
STLAM.MI,Stellantis NV,Stellantis,923359,other_allegations,2025-03-26,2025,https://www.business-humanrights.org/en/latest-news/joint-letter-indonesian-csos-express-concern-on-stellantis-smelter-investment-plan-in-indonesia/,2025-03-26,1,False,other_allegations
STLAM.MI,Stellantis NV,Stellantis,923359,other_allegations,2024-06-17,2024,https://www.business-humanrights.org/en/latest-news/indonesia-hidden-labour-and-environmental-costs-in-nickel-supply-chains-challenge-ev-makers-responsible-sourcing-pledges/,2024-06-17,1,False,other_allegations
STLAM.MI,Stellantis NV,Stellantis,923359,other_allegations,2024-02-02,2024,https://www.business-humanrights.org/en/latest-news/india-serbian-authorities-probe-claims-of-human-trafficking-involving-indian-workers/,2024-02-02,1,False,other_allegations
STLAM.MI,Stellantis NV,Stellantis,923359,other_allegations,2024-01-10,2024,https://www.business-humanrights.org/en/latest-news/indonesia-fatal-fire-followed-by-two-more-workplace-accidents-at-nickel-facilities-imip-safety-standard-under-scrutiny/,2024-01-10,1,False,other_allegations
STLAM.MI,Stellantis NV,Stellantis,923359,other_allegations,2023-02-07,2023,https://www.business-humanrights.org/en/latest-news/report-driving-force-automotive-supply-chains-and-forced-labor-in-the-uyghur-region/,2023-02-07,1,False,other_allegations
SWEDa.ST,Swedbank AB,Swedbank,759187,other_allegations,2024-11-26,2024,https://www.business-humanrights.org/en/latest-news/israelopt-over-800-european-financial-institutions-had-financial-relationships-with-58-companies-actively-involved-in-the-illegal-israeli-settlements-report-finds/,2024-11-26,1,False,other_allegations
SYENS.BR,Syensqo NV,Syensqo,964345,other_allegations,2025-06-23,2025,https://www.business-humanrights.org/en/latest-news/belgium-activists-protest-at-syensqo-and-oip-over-complicity-with-israeli-genocide-in-palestine-incl-company-comments/,2025-06-23,1,False,other_allegations
SYENS.BR,Syensqo NV,Syensqo,964345,other_allegations,2024-11-26,2024,https://www.business-humanrights.org/en/latest-news/israelopt-over-800-european-financial-institutions-had-financial-relationships-with-58-companies-actively-involved-in-the-illegal-israeli-settlements-report-finds/,2024-11-26,1,False,other_allegations
TATE.L,Tate & Lyle PLC,Tate & Lyle,759596,lawsuits,2013-03-01,2013,https://www.business-humanrights.org/en/latest-news/koh-kong-sugar-plantation-lawsuits-re-cambodia/,2013-03-01,1,False,lawsuits
TCFP.PA,Thales SA,Thales,759682,other_allegations,2025-09-09,2025,https://www.business-humanrights.org/en/latest-news/investigation-reveals-that-a-chinese-company-is-allegedly-exporting-censorship-technologies-to-myanmar-pakistan-kazakhstan-and-ethiopia/,2025-09-09,1,False,other_allegations
TCFP.PA,Thales SA,Thales,759682,other_allegations,2025-03-13,2025,https://www.business-humanrights.org/en/latest-news/israel-opt-sales-by-majority-state-owned-thales-to-israel-between-2018-2023-likely-to-have-been-used-in-strikes-on-palestinian-civilians-finds-ngo-incl-co-comments/,2025-03-13,1,False,other_allegations
TCFP.PA,Thales SA,Thales,759682,other_allegations,2024-04-03,2024,https://www.business-humanrights.org/en/latest-news/netherlands-activists-accuse-thales-of-supplying-military-equipment-to-israel-incl-company-comment/,2024-04-03,1,False,other_allegations
TCFP.PA,Thales SA,Thales,759682,other_allegations,2022-03-17,2022,https://www.business-humanrights.org/en/latest-news/campaigners-accuse-the-uk-home-office-of-profiting-from-refugees-plight-by-hosting-an-arms-exhibition-for-border-security-cos-and-israeli-cyber-surveillance-firms-call-for-a-ban-on-the-two-way-arms-trade-with-israel/,2022-03-17,1,False,other_allegations
TE.PA,Technip Energies NV,Technip Energies,918531,other_allegations,2021-09-14,2021,https://www.business-humanrights.org/en/latest-news/protesting-migrant-workers-in-bahrains-og-sector-face-abuse-and-threats/,2021-09-14,1,False,other_allegations
TEF.MC,Telefonica SA,Telefónica,759657,other_allegations,2020-09-28,2020,https://www.business-humanrights.org/en/latest-news/peru-constitutional-court-ruled-to-uphold-constitutionality-of-a-resolution-demanding-large-companies-to-pay-taxes/,2020-09-28,1,False,other_allegations
TEL.OL,Telenor ASA,Telenor,759644,other_allegations,2025-08-20,2025,https://www.business-humanrights.org/en/latest-news/norwegian-telecom-telenor-allegedly-shared-personal-data-with-myanmar-military-junta/,2025-08-20,1,False,other_allegations
TKAG.DE,thyssenkrupp AG,Thyssenkrupp,759693,other_allegations,2026-02-09,2026,https://www.business-humanrights.org/en/latest-news/indonesia-worker-interviews-allege-multiple-labour-rights-violations-and-environmental-pollution-incl-cos-comments/,2026-02-09,1,False,other_allegations
TKAG.DE,thyssenkrupp AG,Thyssenkrupp,759693,other_allegations,2025-09-15,2025,https://www.business-humanrights.org/en/latest-news/report-the-destructive-indonesian-nickel-supply-chain-a-supply-chain-mapping-risk-assessment/,2025-09-15,1,False,other_allegations
TKAG.DE,thyssenkrupp AG,Thyssenkrupp,759693,other_allegations,2025-06-30,2025,https://www.business-humanrights.org/en/latest-news/klp-divests-from-oshkosh-thyssenkrupp-over-alleged-ties-to-israels-war-in-gaza/,2025-06-30,1,False,other_allegations
TKAG.DE,thyssenkrupp AG,Thyssenkrupp,759693,other_allegations,2024-07-11,2024,https://www.business-humanrights.org/en/latest-news/un-experts-urge-arms-companies-investors-to-cese-end-arms-transfers-to-israel-immediately-or-risk-responsibility-for-human-rights-violations/,2024-07-11,1,False,other_allegations
TKAG.DE,thyssenkrupp AG,Thyssenkrupp,759693,other_allegations,2024-06-21,2024,https://www.business-humanrights.org/en/latest-news/expertos-de-la-onu-señalan-como-complicidad-en-violaciones-de-derechos-humanos-venta-de-armas-a-israel-por-parte-de-empresas/,2024-06-21,1,False,other_allegations
TKWY.AS,Just Eat Takeaway.com NV,Just Eat,764679,other_allegations,2025-11-16,2025,https://www.business-humanrights.org/en/latest-news/uk-migrant-delivery-riders-for-deliveroo-uber-eats-just-eat-allege-challenging-low-paid-working-conditions-incl-12-hour-days-harassment-injuries-incl-cos-comments/,2025-11-16,1,False,other_allegations
TKWY.AS,Just Eat Takeaway.com NV,Just Eat,764679,other_allegations,2024-02-13,2024,https://www.business-humanrights.org/en/latest-news/dublin-food-delivery-riders-to-join-international-strike-on-valentines-day/,2024-02-13,1,False,other_allegations
TKWY.AS,Just Eat Takeaway.com NV,Just Eat,764679,other_allegations,2023-04-22,2023,https://www.business-humanrights.org/en/latest-news/just-beat-it-how-just-eat-robo-fires-its-workers/,2023-04-22,1,False,other_allegations
TKWY.AS,Just Eat Takeaway.com NV,Just Eat,764679,other_allegations,2022-03-23,2022,https://www.business-humanrights.org/en/latest-news/uk-just-eat-deliveroo-uber-eats-drivers-stage-northern-irelands-first-gig-economy-strike-calling-for-minimum-income-guarantee-amid-cost-of-living-crisis-rising-fuel-costs-wage-cuts/,2022-03-23,1,False,other_allegations
TSCO.L,Tesco PLC,Tesco,759590,hrd_attacks,2017-02-05,2017,https://www.business-humanrights.org/en/latest-news/shawkat-ali/,2017-02-05,1,False,hrd_attacks
TSCO.L,Tesco PLC,Tesco,759590,hrd_attacks,2016-12-01,2016,https://www.business-humanrights.org/en/latest-news/nazmul-huda/,2016-12-01,1,False,hrd_attacks
TSCO.L,Tesco PLC,Tesco,759590,other_allegations,2025-11-21,2025,https://www.business-humanrights.org/en/latest-news/uk-major-retailers-allegedly-sell-tuna-from-fisheries-where-crews-report-severe-abuse-incl-violence-excessive-hours-other-rights-violations-incl-cos-comments/,2025-11-21,1,False,other_allegations
TSCO.L,Tesco PLC,Tesco,759590,other_allegations,2025-10-21,2025,https://www.business-humanrights.org/en/latest-news/abused-for-our-food/,2025-10-21,1,False,other_allegations
TSCO.L,Tesco PLC,Tesco,759590,other_allegations,2025-09-30,2025,https://www.business-humanrights.org/en/latest-news/asia-buyers-allegedly-linked-to-wage-theft-and-widespread-labour-rights-abuses-in-shrimp-farms-incl-cos-responses/,2025-09-30,1,False,other_allegations
TSCO.L,Tesco PLC,Tesco,759590,other_allegations,2025-07-23,2025,https://www.business-humanrights.org/en/latest-news/uk-supermarkets-breaching-ungp-human-rights-commitments-in-spanish-supply-chains-say-csos-after-migrant-farmworkers-denied-access-to-water-in-accommodation-incl-british-retail-consortium-comment/,2025-07-23,1,False,other_allegations
TSCO.L,Tesco PLC,Tesco,759590,other_allegations,2025-04-16,2025,https://www.business-humanrights.org/en/latest-news/thailand-auditing-industry-fails-to-protect-migrant-workers-incl-by-covering-up-exploitative-practices-in-garment-factories-say-labour-rights-groups/,2025-04-16,1,False,other_allegations
TSCO.L,Tesco PLC,Tesco,759590,other_allegations,2024-09-30,2024,https://www.business-humanrights.org/en/latest-news/uk-mcdonalds-supermarkets-asda-co-op-ms-sainsburys-tesco-waitrose-missed-red-flags-for-human-trafficking-over-years-finds-bbc-incl-co-comments/,2024-09-30,1,False,other_allegations
TSCO.L,Tesco PLC,Tesco,759590,other_allegations,2024-09-06,2024,https://www.business-humanrights.org/en/latest-news/seasonal-workers-at-prestigious-farm-given-cramped-and-undignified-accommodation/,2024-09-06,1,False,other_allegations
TSCO.L,Tesco PLC,Tesco,759590,other_allegations,2024-05-14,2024,https://www.business-humanrights.org/en/latest-news/myanmar-garment-workers-intimidated-into-doing-overtime-shifts/,2024-05-14,1,False,other_allegations
TSCO.L,Tesco PLC,Tesco,759590,other_allegations,2024-04-20,2024,https://www.business-humanrights.org/en/latest-news/myanmar-garment-workers-yet-to-receive-compensation-from-factory-closure-three-years-ago/,2024-04-20,1,False,other_allegations
TSCO.L,Tesco PLC,Tesco,759590,other_allegations,2024-03-31,2024,https://www.business-humanrights.org/en/latest-news/myanmar-garment-workers-forced-to-work-overtime-continuously/,2024-03-31,1,False,other_allegations
TSCO.L,Tesco PLC,Tesco,759590,other_allegations,2023-12-31,2023,https://www.business-humanrights.org/en/latest-news/im-suing-tesco-after-working-99-hour-weeks-i-cant-afford-to-feed-my-child/,2023-12-31,1,False,other_allegations
TSCO.L,Tesco PLC,Tesco,759590,other_allegations,2023-12-12,2023,https://www.business-humanrights.org/en/latest-news/ireland-racism-allegedly-behind-demotion-of-indian-manager-at-security-firm-one-complete-solutions-whose-clients-incl-irish-rail-tesco/,2023-12-12,1,False,other_allegations
TSCO.L,Tesco PLC,Tesco,759590,other_allegations,2023-06-15,2023,https://www.business-humanrights.org/en/latest-news/the-fishermen/,2023-06-15,1,False,other_allegations
TSCO.L,Tesco PLC,Tesco,759590,other_allegations,2023-06-13,2023,https://www.business-humanrights.org/en/latest-news/myanmar-garment-workers-to-receive-pay-rise-following-protests/,2023-06-13,1,False,other_allegations
TSCO.L,Tesco PLC,Tesco,759590,other_allegations,2023-04-13,2023,https://www.business-humanrights.org/en/latest-news/uk-migrant-farmworkers-supplying-big-name-supermarkets-reveal-squalid-cramped-accommodation-incl-co-comments/,2023-04-13,1,False,other_allegations
TSCO.L,Tesco PLC,Tesco,759590,other_allegations,2023-03-31,2023,https://www.business-humanrights.org/en/latest-news/produce-of-exploitation-uk-supermarkets-and-migrant-labour-in-southern-spain/,2023-03-31,1,False,other_allegations
TSCO.L,Tesco PLC,Tesco,759590,other_allegations,2023-03-27,2023,https://www.business-humanrights.org/en/latest-news/uk-migrant-farmworkers-supplying-to-major-supermarket-brands-cite-forced-labour-recruitment-debt-poor-living-conditions-penalties-incl-co-comments/,2023-03-27,1,False,other_allegations
TSCO.L,Tesco PLC,Tesco,759590,other_allegations,2022-12-18,2022,https://www.business-humanrights.org/en/latest-news/uk-tesco-faces-landmark-lawsuit-from-former-garment-workers-over-alleged-sweatshop-conditions-in-thai-factory/,2022-12-18,1,False,other_allegations
TSCO.L,Tesco PLC,Tesco,759590,other_allegations,2022-12-02,2022,https://www.business-humanrights.org/en/latest-news/uk-indonesian-fruit-pickers-supplying-supermarkets-seek-diplomatic-help-over-working-conditions/,2022-12-02,1,False,other_allegations
TSCO.L,Tesco PLC,Tesco,759590,other_allegations,2022-08-15,2022,https://www.business-humanrights.org/en/latest-news/uk-indonesian-workers-on-farms-supplying-uk-supermarkets-at-risk-of-debt-bondage-due-to-fees-charged-by-unlicensed-foreign-brokers-incl-co-comments/,2022-08-15,1,False,other_allegations
TSCO.L,Tesco PLC,Tesco,759590,other_allegations,2022-05-27,2022,https://www.business-humanrights.org/en/latest-news/uk-migrant-fruit-pickers-charged-thousands-in-illegal-fees-to-work-on-farms-supplying-ms-tesco-waitrose-investigation-shows/,2022-05-27,1,False,other_allegations
TSCO.L,Tesco PLC,Tesco,759590,other_allegations,2022-05-12,2022,https://www.business-humanrights.org/en/latest-news/india-workers-across-17-tea-gardens-protest-over-unpaid-wages-working-conditions/,2022-05-12,1,False,other_allegations
TSCO.L,Tesco PLC,Tesco,759590,other_allegations,2022-05-01,2022,https://www.business-humanrights.org/en/latest-news/myanmar-garment-factory-supplying-brands-incl-ca-tesco-zara-accused-of-dismissing-worker-who-was-physically-assaulted-by-supervisor/,2022-05-01,1,False,other_allegations
TSCO.L,Tesco PLC,Tesco,759590,other_allegations,2022-03-29,2022,https://www.business-humanrights.org/en/latest-news/india-tea-workers-stage-hunger-sit-in-strikes-over-unpaid-wages-allowances/,2022-03-29,1,False,other_allegations
TSCO.L,Tesco PLC,Tesco,759590,other_allegations,2022-03-23,2022,https://www.business-humanrights.org/en/latest-news/sri-lanka-workers-targeted-for-resisting-imposition-of-revenue-sharing-system-which-threatens-to-reduce-earnings/,2022-03-23,1,False,other_allegations
TSCO.L,Tesco PLC,Tesco,759590,other_allegations,2022-02-28,2022,https://www.business-humanrights.org/en/latest-news/sri-lanka-tea-plantation-companies-challenge-daily-wage-increase-for-workers-in-court/,2022-02-28,1,False,other_allegations
TSCO.L,Tesco PLC,Tesco,759590,other_allegations,2022-02-15,2022,https://www.business-humanrights.org/en/latest-news/myanmar-tesco-announces-responsible-exit-from-myanmar-amid-continued-labour-rights-violations/,2022-02-15,1,False,other_allegations
TSCO.L,Tesco PLC,Tesco,759590,other_allegations,2022-01-25,2022,https://www.business-humanrights.org/en/latest-news/portugal-migrant-berry-pickers-supplying-uk-supermarkets-report-exploitative-working-conditions-incl-underpayment-of-wages-overtime-poor-health-safety/,2022-01-25,1,False,other_allegations
TTEF.PA,TotalEnergies SE,TotalEnergies (formerly Total),759628,hrd_attacks,2026-05-21,2026,https://www.business-humanrights.org/en/latest-news/ug-ma-21-may-2025/,2026-05-21,1,False,hrd_attacks
TTEF.PA,TotalEnergies SE,TotalEnergies (formerly Total),759628,hrd_attacks,2025-08-01,2025,https://www.business-humanrights.org/en/latest-news/ug-iw-16-october-2025/,2025-08-01,1,False,hrd_attacks
TTEF.PA,TotalEnergies SE,TotalEnergies (formerly Total),759628,hrd_attacks,2025-08-01,2025,https://www.business-humanrights.org/en/latest-news/ug-bt-16-october-2025/,2025-08-01,1,False,hrd_attacks
TTEF.PA,TotalEnergies SE,TotalEnergies (formerly Total),759628,hrd_attacks,2025-08-01,2025,https://www.business-humanrights.org/en/latest-news/ug-sn-16-october-2025/,2025-08-01,1,False,hrd_attacks
TTEF.PA,TotalEnergies SE,TotalEnergies (formerly Total),759628,hrd_attacks,2025-08-01,2025,https://www.business-humanrights.org/en/latest-news/ug-tn-16-october-2025/,2025-08-01,1,False,hrd_attacks
TTEF.PA,TotalEnergies SE,TotalEnergies (formerly Total),759628,hrd_attacks,2025-08-01,2025,https://www.business-humanrights.org/en/latest-news/ug-da-16-october-2025/,2025-08-01,1,False,hrd_attacks
TTEF.PA,TotalEnergies SE,TotalEnergies (formerly Total),759628,hrd_attacks,2025-08-01,2025,https://www.business-humanrights.org/en/latest-news/ug-ak-16-october-2025/,2025-08-01,1,False,hrd_attacks
TTEF.PA,TotalEnergies SE,TotalEnergies (formerly Total),759628,hrd_attacks,2025-08-01,2025,https://www.business-humanrights.org/en/latest-news/ug-nk-16-october-2025/,2025-08-01,1,False,hrd_attacks
TTEF.PA,TotalEnergies SE,TotalEnergies (formerly Total),759628,hrd_attacks,2025-08-01,2025,https://www.business-humanrights.org/en/latest-news/ug-mn-16-october-2025/,2025-08-01,1,False,hrd_attacks
TTEF.PA,TotalEnergies SE,TotalEnergies (formerly Total),759628,hrd_attacks,2025-08-01,2025,https://www.business-humanrights.org/en/latest-news/ug-hn-16-october-2025/,2025-08-01,1,False,hrd_attacks
TTEF.PA,TotalEnergies SE,TotalEnergies (formerly Total),759628,hrd_attacks,2025-08-01,2025,https://www.business-humanrights.org/en/latest-news/ug-ak-16-october-2025-2/,2025-08-01,1,False,hrd_attacks
TTEF.PA,TotalEnergies SE,TotalEnergies (formerly Total),759628,hrd_attacks,2025-08-01,2025,https://www.business-humanrights.org/en/latest-news/ug-iz-16-october-2025/,2025-08-01,1,False,hrd_attacks
TTEF.PA,TotalEnergies SE,TotalEnergies (formerly Total),759628,hrd_attacks,2025-08-01,2025,https://www.business-humanrights.org/en/latest-news/ug-sk-16-october-2025/,2025-08-01,1,False,hrd_attacks
TTEF.PA,TotalEnergies SE,TotalEnergies (formerly Total),759628,hrd_attacks,2025-05-21,2025,https://www.business-humanrights.org/en/latest-news/mwanda-arafat/,2025-05-21,1,False,hrd_attacks
TTEF.PA,TotalEnergies SE,TotalEnergies (formerly Total),759628,hrd_attacks,2025-05-21,2025,https://www.business-humanrights.org/en/latest-news/ug-no-21-may-2025/,2025-05-21,1,False,hrd_attacks
TTEF.PA,TotalEnergies SE,TotalEnergies (formerly Total),759628,hrd_attacks,2025-05-21,2025,https://www.business-humanrights.org/en/latest-news/ug-nh-21-may-2025/,2025-05-21,1,False,hrd_attacks
TTEF.PA,TotalEnergies SE,TotalEnergies (formerly Total),759628,hrd_attacks,2025-05-21,2025,https://www.business-humanrights.org/en/latest-news/ug-os-21-may-2025/,2025-05-21,1,False,hrd_attacks
TTEF.PA,TotalEnergies SE,TotalEnergies (formerly Total),759628,hrd_attacks,2025-05-21,2025,https://www.business-humanrights.org/en/latest-news/ug-mb-21-may-2025/,2025-05-21,1,False,hrd_attacks
TTEF.PA,TotalEnergies SE,TotalEnergies (formerly Total),759628,hrd_attacks,2025-05-21,2025,https://www.business-humanrights.org/en/latest-news/ug-ns-21-may-2025/,2025-05-21,1,False,hrd_attacks
TTEF.PA,TotalEnergies SE,TotalEnergies (formerly Total),759628,hrd_attacks,2025-05-21,2025,https://www.business-humanrights.org/en/latest-news/ug-nt-21-may-2025/,2025-05-21,1,False,hrd_attacks
TTEF.PA,TotalEnergies SE,TotalEnergies (formerly Total),759628,hrd_attacks,2025-05-21,2025,https://www.business-humanrights.org/en/latest-news/ug-kj-21-may-2025/,2025-05-21,1,False,hrd_attacks
TTEF.PA,TotalEnergies SE,TotalEnergies (formerly Total),759628,hrd_attacks,2025-05-21,2025,https://www.business-humanrights.org/en/latest-news/ug-tb-21-may-2025/,2025-05-21,1,False,hrd_attacks
TTEF.PA,TotalEnergies SE,TotalEnergies (formerly Total),759628,hrd_attacks,2025-04-23,2025,https://www.business-humanrights.org/en/latest-news/ug-sm-23-april-2025-2/,2025-04-23,1,False,hrd_attacks
TTEF.PA,TotalEnergies SE,TotalEnergies (formerly Total),759628,hrd_attacks,2025-04-23,2025,https://www.business-humanrights.org/en/latest-news/ug-sm-23-april-2025/,2025-04-23,1,False,hrd_attacks
TTEF.PA,TotalEnergies SE,TotalEnergies (formerly Total),759628,hrd_attacks,2025-04-23,2025,https://www.business-humanrights.org/en/latest-news/ug-br-23-april-2025/,2025-04-23,1,False,hrd_attacks
TTEF.PA,TotalEnergies SE,TotalEnergies (formerly Total),759628,hrd_attacks,2025-04-23,2025,https://www.business-humanrights.org/en/latest-news/ug-sp-23-april-2025/,2025-04-23,1,False,hrd_attacks
TTEF.PA,TotalEnergies SE,TotalEnergies (formerly Total),759628,hrd_attacks,2025-04-23,2025,https://www.business-humanrights.org/en/latest-news/ug-sj-23-april-2025/,2025-04-23,1,False,hrd_attacks
TTEF.PA,TotalEnergies SE,TotalEnergies (formerly Total),759628,hrd_attacks,2025-04-23,2025,https://www.business-humanrights.org/en/latest-news/ug-nk-23-april-2025/,2025-04-23,1,False,hrd_attacks
TTEF.PA,TotalEnergies SE,TotalEnergies (formerly Total),759628,hrd_attacks,2025-04-23,2025,https://www.business-humanrights.org/en/latest-news/ug-ku-23-april-2025/,2025-04-23,1,False,hrd_attacks
TTEF.PA,TotalEnergies SE,TotalEnergies (formerly Total),759628,hrd_attacks,2025-04-23,2025,https://www.business-humanrights.org/en/latest-news/ug-tg-23-april-2025/,2025-04-23,1,False,hrd_attacks
TTEF.PA,TotalEnergies SE,TotalEnergies (formerly Total),759628,hrd_attacks,2025-04-23,2025,https://www.business-humanrights.org/en/latest-news/ug-ng-23-april-2025/,2025-04-23,1,False,hrd_attacks
TTEF.PA,TotalEnergies SE,TotalEnergies (formerly Total),759628,hrd_attacks,2025-04-23,2025,https://www.business-humanrights.org/en/latest-news/ug-bb-23-april-2025/,2025-04-23,1,False,hrd_attacks
TTEF.PA,TotalEnergies SE,TotalEnergies (formerly Total),759628,hrd_attacks,2025-04-23,2025,https://www.business-humanrights.org/en/latest-news/ug-np-23-april-2025/,2025-04-23,1,False,hrd_attacks
TTEF.PA,TotalEnergies SE,TotalEnergies (formerly Total),759628,hrd_attacks,2025-02-26,2025,https://www.business-humanrights.org/en/latest-news/ug-ka-26-february-2025/,2025-02-26,1,False,hrd_attacks
TTEF.PA,TotalEnergies SE,TotalEnergies (formerly Total),759628,hrd_attacks,2025-02-26,2025,https://www.business-humanrights.org/en/latest-news/ug-hm-26-february-2025/,2025-02-26,1,False,hrd_attacks
TTEF.PA,TotalEnergies SE,TotalEnergies (formerly Total),759628,hrd_attacks,2025-02-26,2025,https://www.business-humanrights.org/en/latest-news/ug-bm-26-february-2025/,2025-02-26,1,False,hrd_attacks
TTEF.PA,TotalEnergies SE,TotalEnergies (formerly Total),759628,hrd_attacks,2025-02-26,2025,https://www.business-humanrights.org/en/latest-news/ug-am-26-february-2025/,2025-02-26,1,False,hrd_attacks
TTEF.PA,TotalEnergies SE,TotalEnergies (formerly Total),759628,hrd_attacks,2025-02-26,2025,https://www.business-humanrights.org/en/latest-news/ug-gn-26-february-2025/,2025-02-26,1,False,hrd_attacks
TTEF.PA,TotalEnergies SE,TotalEnergies (formerly Total),759628,hrd_attacks,2025-02-26,2025,https://www.business-humanrights.org/en/latest-news/ug-nr-26-february-2025/,2025-02-26,1,False,hrd_attacks
TTEF.PA,TotalEnergies SE,TotalEnergies (formerly Total),759628,hrd_attacks,2025-02-26,2025,https://www.business-humanrights.org/en/latest-news/ug-js-26-february-2025/,2025-02-26,1,False,hrd_attacks
TTEF.PA,TotalEnergies SE,TotalEnergies (formerly Total),759628,hrd_attacks,2025-02-26,2025,https://www.business-humanrights.org/en/latest-news/ug-sk-26-february-2025/,2025-02-26,1,False,hrd_attacks
TTEF.PA,TotalEnergies SE,TotalEnergies (formerly Total),759628,hrd_attacks,2024-11-11,2024,https://www.business-humanrights.org/en/latest-news/15-anti-eacop-activists/,2024-11-11,1,False,hrd_attacks
TTEF.PA,TotalEnergies SE,TotalEnergies (formerly Total),759628,hrd_attacks,2024-10-04,2024,https://www.business-humanrights.org/en/latest-news/akram-katende-justice-movement-uganda/,2024-10-04,1,False,hrd_attacks
TTEF.PA,TotalEnergies SE,TotalEnergies (formerly Total),759628,hrd_attacks,2024-10-04,2024,https://www.business-humanrights.org/en/latest-news/brian-waswa-justice-movement-uganda/,2024-10-04,1,False,hrd_attacks
TTEF.PA,TotalEnergies SE,TotalEnergies (formerly Total),759628,hrd_attacks,2024-08-26,2024,https://www.business-humanrights.org/en/latest-news/21-activists/,2024-08-26,1,False,hrd_attacks
TTEF.PA,TotalEnergies SE,TotalEnergies (formerly Total),759628,hrd_attacks,2024-08-14,2024,https://www.business-humanrights.org/en/latest-news/6-activists/,2024-08-14,1,False,hrd_attacks
TTEF.PA,TotalEnergies SE,TotalEnergies (formerly Total),759628,hrd_attacks,2024-08-09,2024,https://www.business-humanrights.org/en/latest-news/humphrey-oundo/,2024-08-09,1,False,hrd_attacks
TTEF.PA,TotalEnergies SE,TotalEnergies (formerly Total),759628,hrd_attacks,2024-08-09,2024,https://www.business-humanrights.org/en/latest-news/shafik-kalyango-3/,2024-08-09,1,False,hrd_attacks
TTEF.PA,TotalEnergies SE,TotalEnergies (formerly Total),759628,hrd_attacks,2024-08-09,2024,https://www.business-humanrights.org/en/latest-news/50-protesters/,2024-08-09,1,False,hrd_attacks
TTEF.PA,TotalEnergies SE,TotalEnergies (formerly Total),759628,hrd_attacks,2024-08-05,2024,https://www.business-humanrights.org/en/latest-news/marjolein-moreaux-extinction-rebellion-belgium/,2024-08-05,1,False,hrd_attacks
TTEF.PA,TotalEnergies SE,TotalEnergies (formerly Total),759628,hrd_attacks,2024-06-26,2024,https://www.business-humanrights.org/en/latest-news/barigye-bob-2/,2024-06-26,1,False,hrd_attacks
TTEF.PA,TotalEnergies SE,TotalEnergies (formerly Total),759628,hrd_attacks,2024-06-26,2024,https://www.business-humanrights.org/en/latest-news/yuda-kaye/,2024-06-26,1,False,hrd_attacks
TTEF.PA,TotalEnergies SE,TotalEnergies (formerly Total),759628,hrd_attacks,2024-06-26,2024,https://www.business-humanrights.org/en/latest-news/9-women-protestors/,2024-06-26,1,False,hrd_attacks
TTEF.PA,TotalEnergies SE,TotalEnergies (formerly Total),759628,hrd_attacks,2024-06-26,2024,https://www.business-humanrights.org/en/latest-news/30-protesters-2/,2024-06-26,1,False,hrd_attacks
TTEF.PA,TotalEnergies SE,TotalEnergies (formerly Total),759628,hrd_attacks,2024-06-05,2024,https://www.business-humanrights.org/en/latest-news/adriko-sostein/,2024-06-05,1,False,hrd_attacks
TTEF.PA,TotalEnergies SE,TotalEnergies (formerly Total),759628,hrd_attacks,2024-06-04,2024,https://www.business-humanrights.org/en/latest-news/stephen-kwikiriza-environment-governance-institute-egi/,2024-06-04,1,False,hrd_attacks
TTEF.PA,TotalEnergies SE,TotalEnergies (formerly Total),759628,hrd_attacks,2024-06-02,2024,https://www.business-humanrights.org/en/latest-news/kamili-fabiano/,2024-06-02,1,False,hrd_attacks
TTEF.PA,TotalEnergies SE,TotalEnergies (formerly Total),759628,hrd_attacks,2024-06-02,2024,https://www.business-humanrights.org/en/latest-news/marseli-martini/,2024-06-02,1,False,hrd_attacks
TTEF.PA,TotalEnergies SE,TotalEnergies (formerly Total),759628,hrd_attacks,2024-06-02,2024,https://www.business-humanrights.org/en/latest-news/tiofili-israeli/,2024-06-02,1,False,hrd_attacks
TTEF.PA,TotalEnergies SE,TotalEnergies (formerly Total),759628,hrd_attacks,2024-06-02,2024,https://www.business-humanrights.org/en/latest-news/gabrieli-daudi/,2024-06-02,1,False,hrd_attacks
TTEF.PA,TotalEnergies SE,TotalEnergies (formerly Total),759628,hrd_attacks,2024-05-27,2024,https://www.business-humanrights.org/en/latest-news/jealousy-mugisha/,2024-05-27,1,False,hrd_attacks
TTEF.PA,TotalEnergies SE,TotalEnergies (formerly Total),759628,hrd_attacks,2024-05-27,2024,https://www.business-humanrights.org/en/latest-news/bintukwanga-raymond/,2024-05-27,1,False,hrd_attacks
TTEF.PA,TotalEnergies SE,TotalEnergies (formerly Total),759628,hrd_attacks,2024-05-27,2024,https://www.business-humanrights.org/en/latest-news/ndyamwesigwa-desire/,2024-05-27,1,False,hrd_attacks
TTEF.PA,TotalEnergies SE,TotalEnergies (formerly Total),759628,hrd_attacks,2024-05-27,2024,https://www.business-humanrights.org/en/latest-news/byaruhanga-julius/,2024-05-27,1,False,hrd_attacks
TTEF.PA,TotalEnergies SE,TotalEnergies (formerly Total),759628,hrd_attacks,2024-05-27,2024,https://www.business-humanrights.org/en/latest-news/mwesigwa-newton/,2024-05-27,1,False,hrd_attacks
TTEF.PA,TotalEnergies SE,TotalEnergies (formerly Total),759628,hrd_attacks,2024-05-27,2024,https://www.business-humanrights.org/en/latest-news/katiiti-noah/,2024-05-27,1,False,hrd_attacks
TTEF.PA,TotalEnergies SE,TotalEnergies (formerly Total),759628,hrd_attacks,2024-05-27,2024,https://www.business-humanrights.org/en/latest-news/barigye-bob/,2024-05-27,1,False,hrd_attacks
TTEF.PA,TotalEnergies SE,TotalEnergies (formerly Total),759628,hrd_attacks,2024-05-25,2024,https://www.business-humanrights.org/en/latest-news/201-protesters/,2024-05-25,1,False,hrd_attacks
TTEF.PA,TotalEnergies SE,TotalEnergies (formerly Total),759628,hrd_attacks,2023-12-15,2023,https://www.business-humanrights.org/en/latest-news/7-ugandan-climate-activists-university-students-2/,2023-12-15,1,False,hrd_attacks
TTEF.PA,TotalEnergies SE,TotalEnergies (formerly Total),759628,hrd_attacks,2023-12-15,2023,https://www.business-humanrights.org/en/latest-news/7-ugandan-climate-activists-university-students/,2023-12-15,1,False,hrd_attacks
TTEF.PA,TotalEnergies SE,TotalEnergies (formerly Total),759628,hrd_attacks,2023-12-15,2023,https://www.business-humanrights.org/en/latest-news/shafik-kalyango-2/,2023-12-15,1,False,hrd_attacks
TTEF.PA,TotalEnergies SE,TotalEnergies (formerly Total),759628,hrd_attacks,2023-12-15,2023,https://www.business-humanrights.org/en/latest-news/nicholas-lutabi-2/,2023-12-15,1,False,hrd_attacks
TTEF.PA,TotalEnergies SE,TotalEnergies (formerly Total),759628,hrd_attacks,2023-12-15,2023,https://www.business-humanrights.org/en/latest-news/jacob-lubega-2/,2023-12-15,1,False,hrd_attacks
TTEF.PA,TotalEnergies SE,TotalEnergies (formerly Total),759628,hrd_attacks,2023-12-15,2023,https://www.business-humanrights.org/en/latest-news/abdul-aziz-bwete-3/,2023-12-15,1,False,hrd_attacks
TTEF.PA,TotalEnergies SE,TotalEnergies (formerly Total),759628,hrd_attacks,2023-12-15,2023,https://www.business-humanrights.org/en/latest-news/shafik-kalyango/,2023-12-15,1,False,hrd_attacks
TTEF.PA,TotalEnergies SE,TotalEnergies (formerly Total),759628,hrd_attacks,2023-12-15,2023,https://www.business-humanrights.org/en/latest-news/abdul-aziz-bwete/,2023-12-15,1,False,hrd_attacks
TTEF.PA,TotalEnergies SE,TotalEnergies (formerly Total),759628,hrd_attacks,2023-12-15,2023,https://www.business-humanrights.org/en/latest-news/jacob-lubega/,2023-12-15,1,False,hrd_attacks
TTEF.PA,TotalEnergies SE,TotalEnergies (formerly Total),759628,hrd_attacks,2023-12-15,2023,https://www.business-humanrights.org/en/latest-news/nicholas-lutabi/,2023-12-15,1,False,hrd_attacks
TTEF.PA,TotalEnergies SE,TotalEnergies (formerly Total),759628,hrd_attacks,2023-11-24,2023,https://www.business-humanrights.org/en/latest-news/4-eacop-protesters/,2023-11-24,1,False,hrd_attacks
TTEF.PA,TotalEnergies SE,TotalEnergies (formerly Total),759628,hrd_attacks,2023-11-24,2023,https://www.business-humanrights.org/en/latest-news/abdul-aziz-bwete-2/,2023-11-24,1,False,hrd_attacks
TTEF.PA,TotalEnergies SE,TotalEnergies (formerly Total),759628,hrd_attacks,2023-11-24,2023,https://www.business-humanrights.org/en/latest-news/ivan-sanya/,2023-11-24,1,False,hrd_attacks
TTEF.PA,TotalEnergies SE,TotalEnergies (formerly Total),759628,hrd_attacks,2023-11-24,2023,https://www.business-humanrights.org/en/latest-news/eric-sskekindi/,2023-11-24,1,False,hrd_attacks
TTEF.PA,TotalEnergies SE,TotalEnergies (formerly Total),759628,hrd_attacks,2023-09-01,2023,https://www.business-humanrights.org/en/latest-news/kajubi-maktom/,2023-09-01,1,False,hrd_attacks
TTEF.PA,TotalEnergies SE,TotalEnergies (formerly Total),759628,hrd_attacks,2023-09-01,2023,https://www.business-humanrights.org/en/latest-news/3-student-activists/,2023-09-01,1,False,hrd_attacks
TTEF.PA,TotalEnergies SE,TotalEnergies (formerly Total),759628,hrd_attacks,2023-02-24,2023,https://www.business-humanrights.org/en/latest-news/mbombo-steven/,2023-02-24,1,False,hrd_attacks
TTEF.PA,TotalEnergies SE,TotalEnergies (formerly Total),759628,hrd_attacks,2023-02-10,2023,https://www.business-humanrights.org/en/latest-news/kamugisha-enock/,2023-02-10,1,False,hrd_attacks
TTEF.PA,TotalEnergies SE,TotalEnergies (formerly Total),759628,hrd_attacks,2023-01-25,2023,https://www.business-humanrights.org/en/latest-news/karongo-edward/,2023-01-25,1,False,hrd_attacks
TTEF.PA,TotalEnergies SE,TotalEnergies (formerly Total),759628,hrd_attacks,2023-01-24,2023,https://www.business-humanrights.org/en/latest-news/barigye-bob-stop-the-east-african-crude-oil-pipeline-stopeacop-2/,2023-01-24,1,False,hrd_attacks
TTEF.PA,TotalEnergies SE,TotalEnergies (formerly Total),759628,hrd_attacks,2023-01-01,2023,https://www.business-humanrights.org/en/latest-news/11-community-members/,2023-01-01,1,False,hrd_attacks
TTEF.PA,TotalEnergies SE,TotalEnergies (formerly Total),759628,hrd_attacks,2023-01-01,2023,https://www.business-humanrights.org/en/latest-news/musinguzi-peter/,2023-01-01,1,False,hrd_attacks
TTEF.PA,TotalEnergies SE,TotalEnergies (formerly Total),759628,hrd_attacks,2023-01-01,2023,https://www.business-humanrights.org/en/latest-news/murungi-john/,2023-01-01,1,False,hrd_attacks
TTEF.PA,TotalEnergies SE,TotalEnergies (formerly Total),759628,hrd_attacks,2023-01-01,2023,https://www.business-humanrights.org/en/latest-news/twinobigezo-edrine/,2023-01-01,1,False,hrd_attacks
TTEF.PA,TotalEnergies SE,TotalEnergies (formerly Total),759628,hrd_attacks,2023-01-01,2023,https://www.business-humanrights.org/en/latest-news/karongo-stephen/,2023-01-01,1,False,hrd_attacks
TTEF.PA,TotalEnergies SE,TotalEnergies (formerly Total),759628,hrd_attacks,2023-01-01,2023,https://www.business-humanrights.org/en/latest-news/rangira-steven/,2023-01-01,1,False,hrd_attacks
TTEF.PA,TotalEnergies SE,TotalEnergies (formerly Total),759628,hrd_attacks,2023-01-01,2023,https://www.business-humanrights.org/en/latest-news/mulega-eria/,2023-01-01,1,False,hrd_attacks
TTEF.PA,TotalEnergies SE,TotalEnergies (formerly Total),759628,hrd_attacks,2023-01-01,2023,https://www.business-humanrights.org/en/latest-news/kataza-sam/,2023-01-01,1,False,hrd_attacks
TTEF.PA,TotalEnergies SE,TotalEnergies (formerly Total),759628,hrd_attacks,2023-01-01,2023,https://www.business-humanrights.org/en/latest-news/rubyogo-david/,2023-01-01,1,False,hrd_attacks
TTEF.PA,TotalEnergies SE,TotalEnergies (formerly Total),759628,hrd_attacks,2022-12-09,2022,https://www.business-humanrights.org/en/latest-news/ssemwanga-jackson-stop-the-east-african-crude-oil-pipeline-stopeacop/,2022-12-09,1,False,hrd_attacks
TTEF.PA,TotalEnergies SE,TotalEnergies (formerly Total),759628,hrd_attacks,2022-12-09,2022,https://www.business-humanrights.org/en/latest-news/musoke-hamis-walusimbi-stop-the-east-african-crude-oil-pipeline-stopeacop/,2022-12-09,1,False,hrd_attacks
TTEF.PA,TotalEnergies SE,TotalEnergies (formerly Total),759628,hrd_attacks,2022-12-09,2022,https://www.business-humanrights.org/en/latest-news/ivan-kabale-stop-the-east-african-crude-oil-pipeline-stopeacop/,2022-12-09,1,False,hrd_attacks
TTEF.PA,TotalEnergies SE,TotalEnergies (formerly Total),759628,hrd_attacks,2022-12-09,2022,https://www.business-humanrights.org/en/latest-news/barigye-bob-stop-the-east-african-crude-oil-pipeline-stopeacop/,2022-12-09,1,False,hrd_attacks
TTEF.PA,TotalEnergies SE,TotalEnergies (formerly Total),759628,hrd_attacks,2022-10-05,2022,https://www.business-humanrights.org/en/latest-news/alex-waswa-lyazi/,2022-10-05,1,False,hrd_attacks
TTEF.PA,TotalEnergies SE,TotalEnergies (formerly Total),759628,hrd_attacks,2022-10-05,2022,https://www.business-humanrights.org/en/latest-news/alphonse-nkuruziza/,2022-10-05,1,False,hrd_attacks
TTEF.PA,TotalEnergies SE,TotalEnergies (formerly Total),759628,hrd_attacks,2022-10-05,2022,https://www.business-humanrights.org/en/latest-news/benjamin-akiso/,2022-10-05,1,False,hrd_attacks
TTEF.PA,TotalEnergies SE,TotalEnergies (formerly Total),759628,hrd_attacks,2022-10-05,2022,https://www.business-humanrights.org/en/latest-news/maktom-kajubi/,2022-10-05,1,False,hrd_attacks
TTEF.PA,TotalEnergies SE,TotalEnergies (formerly Total),759628,hrd_attacks,2022-10-05,2022,https://www.business-humanrights.org/en/latest-news/gonga-akisi/,2022-10-05,1,False,hrd_attacks
TTEF.PA,TotalEnergies SE,TotalEnergies (formerly Total),759628,hrd_attacks,2022-10-05,2022,https://www.business-humanrights.org/en/latest-news/gerald-wenani/,2022-10-05,1,False,hrd_attacks
TTEF.PA,TotalEnergies SE,TotalEnergies (formerly Total),759628,hrd_attacks,2022-10-05,2022,https://www.business-humanrights.org/en/latest-news/vincent-lubega-nsamba/,2022-10-05,1,False,hrd_attacks
TTEF.PA,TotalEnergies SE,TotalEnergies (formerly Total),759628,hrd_attacks,2022-10-05,2022,https://www.business-humanrights.org/en/latest-news/david-musiri/,2022-10-05,1,False,hrd_attacks
TTEF.PA,TotalEnergies SE,TotalEnergies (formerly Total),759628,hrd_attacks,2022-10-05,2022,https://www.business-humanrights.org/en/latest-news/imran-ntabazi/,2022-10-05,1,False,hrd_attacks
TTEF.PA,TotalEnergies SE,TotalEnergies (formerly Total),759628,hrd_attacks,2022-02-01,2022,https://www.business-humanrights.org/en/latest-news/kayinga-muddu-yisito-community-transformation-foundation-network-cotfone/,2022-02-01,1,False,hrd_attacks
TTEF.PA,TotalEnergies SE,TotalEnergies (formerly Total),759628,hrd_attacks,2021-10-22,2021,https://www.business-humanrights.org/en/latest-news/robert-birimuye-ssekyondwa-people-affected-by-the-east-african-crude-oil-pipeline-project-pap/,2021-10-22,1,False,hrd_attacks
TTEF.PA,TotalEnergies SE,TotalEnergies (formerly Total),759628,hrd_attacks,2021-10-22,2021,https://www.business-humanrights.org/en/latest-news/patrick-edema-africa-institute-for-energy-governance-afiego/,2021-10-22,1,False,hrd_attacks
TTEF.PA,TotalEnergies SE,TotalEnergies (formerly Total),759628,hrd_attacks,2021-10-22,2021,https://www.business-humanrights.org/en/latest-news/paul-kato-africa-institute-for-energy-governance-afiego/,2021-10-22,1,False,hrd_attacks
TTEF.PA,TotalEnergies SE,TotalEnergies (formerly Total),759628,hrd_attacks,2021-10-22,2021,https://www.business-humanrights.org/en/latest-news/mercy-nuwamanya-africa-institute-for-energy-governance-afiego/,2021-10-22,1,False,hrd_attacks
TTEF.PA,TotalEnergies SE,TotalEnergies (formerly Total),759628,hrd_attacks,2021-10-22,2021,https://www.business-humanrights.org/en/latest-news/catherine-twongyeirwe-africa-institute-for-energy-governance-afiego/,2021-10-22,1,False,hrd_attacks
TTEF.PA,TotalEnergies SE,TotalEnergies (formerly Total),759628,hrd_attacks,2021-10-22,2021,https://www.business-humanrights.org/en/latest-news/rachael-amongin-africa-institute-for-energy-governance-afiego/,2021-10-22,1,False,hrd_attacks
TTEF.PA,TotalEnergies SE,TotalEnergies (formerly Total),759628,hrd_attacks,2021-10-22,2021,https://www.business-humanrights.org/en/latest-news/dickens-kamugisha-africa-institute-for-energy-governance-afiego/,2021-10-22,1,False,hrd_attacks
TTEF.PA,TotalEnergies SE,TotalEnergies (formerly Total),759628,hrd_attacks,2021-10-14,2021,https://www.business-humanrights.org/en/latest-news/joss-kaheero-mugisa-orgha-oil-and-gas-human-rights-defenders-association/,2021-10-14,1,False,hrd_attacks
TTEF.PA,TotalEnergies SE,TotalEnergies (formerly Total),759628,hrd_attacks,2021-10-08,2021,https://www.business-humanrights.org/en/latest-news/oil-and-gas-human-rights-defenders-association-oghra-2/,2021-10-08,1,False,hrd_attacks
TTEF.PA,TotalEnergies SE,TotalEnergies (formerly Total),759628,hrd_attacks,2021-10-08,2021,https://www.business-humanrights.org/en/latest-news/navigators-of-development-association-navoda-2/,2021-10-08,1,False,hrd_attacks
TTEF.PA,TotalEnergies SE,TotalEnergies (formerly Total),759628,hrd_attacks,2021-10-08,2021,https://www.business-humanrights.org/en/latest-news/african-institute-for-energy-governance-afiego/,2021-10-08,1,False,hrd_attacks
TTEF.PA,TotalEnergies SE,TotalEnergies (formerly Total),759628,hrd_attacks,2021-10-07,2021,https://www.business-humanrights.org/en/latest-news/oil-and-gas-human-rights-defenders-association-oghra/,2021-10-07,1,False,hrd_attacks
TTEF.PA,TotalEnergies SE,TotalEnergies (formerly Total),759628,hrd_attacks,2021-10-07,2021,https://www.business-humanrights.org/en/latest-news/navigators-of-development-association-navoda/,2021-10-07,1,False,hrd_attacks
TTEF.PA,TotalEnergies SE,TotalEnergies (formerly Total),759628,hrd_attacks,2021-10-07,2021,https://www.business-humanrights.org/en/latest-news/african-institute-for-energy-governance/,2021-10-07,1,False,hrd_attacks
TTEF.PA,TotalEnergies SE,TotalEnergies (formerly Total),759628,hrd_attacks,2021-08-20,2021,https://www.business-humanrights.org/en/latest-news/african-institute-for-energy-governance-2/,2021-08-20,1,False,hrd_attacks
TTEF.PA,TotalEnergies SE,TotalEnergies (formerly Total),759628,hrd_attacks,2021-08-20,2021,https://www.business-humanrights.org/en/latest-news/network-for-active-citizens/,2021-08-20,1,False,hrd_attacks
TTEF.PA,TotalEnergies SE,TotalEnergies (formerly Total),759628,hrd_attacks,2021-08-20,2021,https://www.business-humanrights.org/en/latest-news/youth-for-green-communities/,2021-08-20,1,False,hrd_attacks
TTEF.PA,TotalEnergies SE,TotalEnergies (formerly Total),759628,hrd_attacks,2021-08-20,2021,https://www.business-humanrights.org/en/latest-news/growth-network-uganda/,2021-08-20,1,False,hrd_attacks
TTEF.PA,TotalEnergies SE,TotalEnergies (formerly Total),759628,hrd_attacks,2021-08-20,2021,https://www.business-humanrights.org/en/latest-news/environmental-governance-institute-uganda/,2021-08-20,1,False,hrd_attacks
TTEF.PA,TotalEnergies SE,TotalEnergies (formerly Total),759628,hrd_attacks,2021-05-25,2021,https://www.business-humanrights.org/en/latest-news/federica-marsi/,2021-05-25,1,False,hrd_attacks
TTEF.PA,TotalEnergies SE,TotalEnergies (formerly Total),759628,hrd_attacks,2021-05-25,2021,https://www.business-humanrights.org/en/latest-news/maxwell-atuhura-navigators-of-development-organisation-navoda/,2021-05-25,1,False,hrd_attacks
TTEF.PA,TotalEnergies SE,TotalEnergies (formerly Total),759628,hrd_attacks,2021-05-01,2021,https://www.business-humanrights.org/en/latest-news/maxwell-atuhura-navigators-of-development-organisation-navoda-2/,2021-05-01,1,False,hrd_attacks
TTEF.PA,TotalEnergies SE,TotalEnergies (formerly Total),759628,hrd_attacks,2020-09-16,2020,https://www.business-humanrights.org/en/latest-news/sandra-atusinguza-africa-institute-for-energy-governance-afiego/,2020-09-16,1,False,hrd_attacks
TTEF.PA,TotalEnergies SE,TotalEnergies (formerly Total),759628,hrd_attacks,2020-09-16,2020,https://www.business-humanrights.org/en/latest-news/ismail-kashokwa-save-bugoma-forest-campaign/,2020-09-16,1,False,hrd_attacks
TTEF.PA,TotalEnergies SE,TotalEnergies (formerly Total),759628,hrd_attacks,2020-09-16,2020,https://www.business-humanrights.org/en/latest-news/john-kibego-save-bugoma-forest-campaign/,2020-09-16,1,False,hrd_attacks
TTEF.PA,TotalEnergies SE,TotalEnergies (formerly Total),759628,hrd_attacks,2020-09-16,2020,https://www.business-humanrights.org/en/latest-news/joseph-mujuni-oil-refinery-residents-association-orra/,2020-09-16,1,False,hrd_attacks
TTEF.PA,TotalEnergies SE,TotalEnergies (formerly Total),759628,hrd_attacks,2020-09-16,2020,https://www.business-humanrights.org/en/latest-news/vincent-sekitto-save-bugoma-forest-campaign/,2020-09-16,1,False,hrd_attacks
TTEF.PA,TotalEnergies SE,TotalEnergies (formerly Total),759628,hrd_attacks,2020-09-16,2020,https://www.business-humanrights.org/en/latest-news/moses-mukiibi-oil-refinery-residents-association-orra/,2020-09-16,1,False,hrd_attacks
TTEF.PA,TotalEnergies SE,TotalEnergies (formerly Total),759628,hrd_attacks,2020-09-16,2020,https://www.business-humanrights.org/en/latest-news/samuel-kayiwa-human-rights-network-for-journalists-uganda-hrnj/,2020-09-16,1,False,hrd_attacks
TTEF.PA,TotalEnergies SE,TotalEnergies (formerly Total),759628,hrd_attacks,2020-09-15,2020,https://www.business-humanrights.org/en/latest-news/joshua-mutale-water-and-environment-media-network-wemnet/,2020-09-15,1,False,hrd_attacks
TTEF.PA,TotalEnergies SE,TotalEnergies (formerly Total),759628,hrd_attacks,2020-09-15,2020,https://www.business-humanrights.org/en/latest-news/venex-watebawa-water-and-environment-media-network-wemnet/,2020-09-15,1,False,hrd_attacks
TTEF.PA,TotalEnergies SE,TotalEnergies (formerly Total),759628,hrd_attacks,2020-04-07,2020,https://www.business-humanrights.org/en/latest-news/ibrahimo-abu-mbaruco/,2020-04-07,1,False,hrd_attacks
TTEF.PA,TotalEnergies SE,TotalEnergies (formerly Total),759628,hrd_attacks,2020-01-01,2020,https://www.business-humanrights.org/en/latest-news/maxwell-atuhura-navigators-development-organisation-navoda/,2020-01-01,1,False,hrd_attacks
TTEF.PA,TotalEnergies SE,TotalEnergies (formerly Total),759628,hrd_attacks,2019-12-23,2019,https://www.business-humanrights.org/en/latest-news/fred-mwesigwa/,2019-12-23,1,False,hrd_attacks
TTEF.PA,TotalEnergies SE,TotalEnergies (formerly Total),759628,hrd_attacks,2019-12-14,2019,https://www.business-humanrights.org/en/latest-news/jelousy-mugisha/,2019-12-14,1,False,hrd_attacks
TTEF.PA,TotalEnergies SE,TotalEnergies (formerly Total),759628,hrd_attacks,2015-08-01,2015,https://www.business-humanrights.org/en/latest-news/center-for-the-study-of-labor-and-agrarian-development-cedla/,2015-08-01,1,False,hrd_attacks
TTEF.PA,TotalEnergies SE,TotalEnergies (formerly Total),759628,hrd_attacks,2015-08-01,2015,https://www.business-humanrights.org/en/latest-news/bolivian-center-for-documentation-and-information-cedib/,2015-08-01,1,False,hrd_attacks
TTEF.PA,TotalEnergies SE,TotalEnergies (formerly Total),759628,hrd_attacks,2015-08-01,2015,https://www.business-humanrights.org/en/latest-news/tierra-foundation/,2015-08-01,1,False,hrd_attacks
TTEF.PA,TotalEnergies SE,TotalEnergies (formerly Total),759628,lawsuits,2023-06-27,2023,https://www.business-humanrights.org/en/latest-news/totalenergies-lawsuit-re-reparations-of-damages-caused-by-tilenga-et-eacop-projects-in-uganda-and-tanzania/,2023-06-27,1,False,lawsuits
TTEF.PA,TotalEnergies SE,TotalEnergies (formerly Total),759628,lawsuits,2020-01-29,2020,https://www.business-humanrights.org/en/latest-news/total-lawsuit-re-climate-change-france/,2020-01-29,1,False,lawsuits
TTEF.PA,TotalEnergies SE,TotalEnergies (formerly Total),759628,lawsuits,2019-10-23,2019,https://www.business-humanrights.org/en/latest-news/total-lawsuit-re-failure-to-respect-french-duty-of-vigilance-law-in-operations-in-uganda/,2019-10-23,1,False,lawsuits
TTEF.PA,TotalEnergies SE,TotalEnergies (formerly Total),759628,lawsuits,2017-07-17,2017,https://www.business-humanrights.org/en/latest-news/california-communities-lawsuit-against-37-fossil-fuel-companies-re-climate-change-compensation/,2017-07-17,1,False,lawsuits
TTEF.PA,TotalEnergies SE,TotalEnergies (formerly Total),759628,lawsuits,2005-06-20,2005,https://www.business-humanrights.org/en/latest-news/gas-flaring-lawsuit-re-oil-companies-in-nigeria-2/,2005-06-20,1,False,lawsuits
TTEF.PA,TotalEnergies SE,TotalEnergies (formerly Total),759628,lawsuits,2002-04-25,2002,https://www.business-humanrights.org/en/latest-news/total-lawsuit-in-belgium-re-myanmar/,2002-04-25,1,False,lawsuits
TTEF.PA,TotalEnergies SE,TotalEnergies (formerly Total),759628,other_allegations,2026-04-10,2026,https://www.business-humanrights.org/en/latest-news/ugandan-court-convicts-8-anti-eacop-activists-over-stanbic-bank-protest/,2026-04-10,1,False,other_allegations
TTEF.PA,TotalEnergies SE,TotalEnergies (formerly Total),759628,other_allegations,2026-03-13,2026,https://www.business-humanrights.org/en/latest-news/uganda-stopeacop-campaign-challenges-totalenergies-assessment-of-the-land-acquisition-programme/,2026-03-13,1,False,other_allegations
TTEF.PA,TotalEnergies SE,TotalEnergies (formerly Total),759628,other_allegations,2026-02-10,2026,https://www.business-humanrights.org/en/latest-news/papua-new-guinea-banks-decline-to-finance-totalenergies-lng-project-in/,2026-02-10,1,False,other_allegations
TTEF.PA,TotalEnergies SE,TotalEnergies (formerly Total),759628,other_allegations,2026-02-02,2026,https://www.business-humanrights.org/en/latest-news/mozambique-totalenergies-annonce-la-reprise-de-son-méga-projet-gazier-malgré-les-critiques-des-défenseurs-des-doits-de-lhomme-et-de-lenvironnement/,2026-02-02,1,False,other_allegations
TTEF.PA,TotalEnergies SE,TotalEnergies (formerly Total),759628,other_allegations,2026-01-26,2026,https://www.business-humanrights.org/en/latest-news/mozambique-human-rights-commission-clears-totalenergies-of-human-rights-violations-in-the-gas-project-in-cabo-delgado/,2026-01-26,1,False,other_allegations
TTEF.PA,TotalEnergies SE,TotalEnergies (formerly Total),759628,other_allegations,2026-01-08,2026,https://www.business-humanrights.org/en/latest-news/climate-activists-take-aim-at-totalenergies-role-in-afcon/,2026-01-08,1,False,other_allegations
TTEF.PA,TotalEnergies SE,TotalEnergies (formerly Total),759628,other_allegations,2025-12-30,2025,https://www.business-humanrights.org/en/latest-news/laffaiblissement-du-devoir-de-vigilance-européen-risque-daccroître-les-violations-des-droits-humains-impliquant-des-entreprises-qui-opèrent-en-afrique-selon-des-experts/,2025-12-30,1,False,other_allegations
TTEF.PA,TotalEnergies SE,TotalEnergies (formerly Total),759628,other_allegations,2025-12-17,2025,https://www.business-humanrights.org/en/latest-news/totalenergies-jugée-coupable-de-pratiques-commerciales-trompeuses-un-jugement-qui-pourrait-inspirer-des-poursuites-climatiques-en-afrique-selon-des-spécialistes/,2025-12-17,1,False,other_allegations
TTEF.PA,TotalEnergies SE,TotalEnergies (formerly Total),759628,other_allegations,2025-12-10,2025,https://www.business-humanrights.org/en/latest-news/uganda-swedish-pension-fund-drops-totalenergies-amid-rising-eacop-climate-related-risks-and-human-rights-concerns/,2025-12-10,1,False,other_allegations
TTEF.PA,TotalEnergies SE,TotalEnergies (formerly Total),759628,other_allegations,2025-12-08,2025,https://www.business-humanrights.org/en/latest-news/east-african-court-dismisses-controversial-oil-pipeline-case-in-setback-to-communities/,2025-12-08,1,False,other_allegations
TTEF.PA,TotalEnergies SE,TotalEnergies (formerly Total),759628,other_allegations,2025-12-02,2025,https://www.business-humanrights.org/en/latest-news/mozambique-le-royaume-uni-retire-ses-financements-du-projet-gazier-de-totalenergies-qui-est-fortement-décrié-par-les-défenseurs-des-droits-de-lhomme/,2025-12-02,1,False,other_allegations
TTEF.PA,TotalEnergies SE,TotalEnergies (formerly Total),759628,other_allegations,2025-11-19,2025,https://www.business-humanrights.org/en/latest-news/belgium-farmer-sues-totalenergies-over-climate-change-damages-seeks-compensation-production-cuts/,2025-11-19,1,False,other_allegations
TTEF.PA,TotalEnergies SE,TotalEnergies (formerly Total),759628,other_allegations,2025-11-19,2025,https://www.business-humanrights.org/en/latest-news/le-mozambique-audite-le-surcoût-des-près-de-cinq-ans-de-suspension-du-projet-de-totalenergies-qui-serait-lié-à-plusieurs-abus-selon-la-société-civile/,2025-11-19,1,False,other_allegations
TTEF.PA,TotalEnergies SE,TotalEnergies (formerly Total),759628,other_allegations,2025-11-18,2025,https://www.business-humanrights.org/en/latest-news/france-ecchr-files-complaint-against-totalenergies-over-alleged-complicity-in-war-crimes-in-mozambique/,2025-11-18,1,False,other_allegations
TTEF.PA,TotalEnergies SE,TotalEnergies (formerly Total),759628,other_allegations,2025-11-06,2025,https://www.business-humanrights.org/en/latest-news/uganda-human-rights-watch-condemns-prolonged-detention-of-anti-eacop-activists/,2025-11-06,1,False,other_allegations
TTEF.PA,TotalEnergies SE,TotalEnergies (formerly Total),759628,other_allegations,2025-10-05,2025,https://www.business-humanrights.org/en/latest-news/catholic-environmentalist-decries-east-african-leaders-scary-silence-on-the-negative-impacts-of-eacop/,2025-10-05,1,False,other_allegations
TTEF.PA,TotalEnergies SE,TotalEnergies (formerly Total),759628,other_allegations,2025-10-01,2025,https://www.business-humanrights.org/en/latest-news/without-our-land-we-will-stave-uncovering-green-colonialism-in-edf-sumitomo-and-totalenergies-hydroelectric-dam-project-in-mozambique/,2025-10-01,1,False,other_allegations
TTEF.PA,TotalEnergies SE,TotalEnergies (formerly Total),759628,other_allegations,2025-09-02,2025,https://www.business-humanrights.org/en/latest-news/nigeria-un-experts-accuse-big-oil-of-human-rights-violations-over-asset-divestments/,2025-09-02,1,False,other_allegations
TTEF.PA,TotalEnergies SE,TotalEnergies (formerly Total),759628,other_allegations,2025-08-20,2025,https://www.business-humanrights.org/en/latest-news/nigeria-rivers-community-requests-totalenergies-to-be-kicked-out-of-their-community-due-to-a-continuous-pattern-of-corporate-neglect-spanning-decades/,2025-08-20,1,False,other_allegations
TTEF.PA,TotalEnergies SE,TotalEnergies (formerly Total),759628,other_allegations,2025-07-01,2025,https://www.business-humanrights.org/en/latest-news/uganda-activists-cry-foul-as-government-tightens-grip-on-anti-eacop-protests/,2025-07-01,1,False,other_allegations
TTEF.PA,TotalEnergies SE,TotalEnergies (formerly Total),759628,other_allegations,2025-06-05,2025,https://www.business-humanrights.org/en/latest-news/france-totalenergies-on-trial-over-allegations-of-greenwashing/,2025-06-05,1,False,other_allegations
TTEF.PA,TotalEnergies SE,TotalEnergies (formerly Total),759628,other_allegations,2025-06-03,2025,https://www.business-humanrights.org/en/latest-news/congo-totalenergies-abandonne-son-projet-de-plantation-de-forêt-qui-devait-compenser-ses-émissions-de-carbonne/,2025-06-03,1,False,other_allegations
TTEF.PA,TotalEnergies SE,TotalEnergies (formerly Total),759628,other_allegations,2025-05-22,2025,https://www.business-humanrights.org/en/latest-news/germanys-union-investment-removes-totalenergies-from-its-sustainability-funds-calling-for-an-independent-human-rights-audit-following-fresh-allegations-of-abuse-linked-to-eacop-incl-co-comment/,2025-05-22,1,False,other_allegations
TTEF.PA,TotalEnergies SE,TotalEnergies (formerly Total),759628,other_allegations,2025-05-06,2025,https://www.business-humanrights.org/en/latest-news/puerto-rico-government-drops-climate-lawsuit-against-major-oil-companies/,2025-05-06,1,False,other_allegations
TTEF.PA,TotalEnergies SE,TotalEnergies (formerly Total),759628,other_allegations,2025-05-05,2025,https://www.business-humanrights.org/en/latest-news/report-from-kingfisher-to-the-lakes-how-human-rights-violations-in-eacop-hotspot-underscore-larger-trends-of-abuse-in-the-afdb-funded-leaf-ii-project-in-northwestern-uganda/,2025-05-05,1,False,other_allegations
TTEF.PA,TotalEnergies SE,TotalEnergies (formerly Total),759628,other_allegations,2025-05-02,2025,https://www.business-humanrights.org/en/latest-news/uganda-activist-asks-hsbc-to-put-lives-before-profit-as-campaigners-target-banks-agm/,2025-05-02,1,False,other_allegations
TTEF.PA,TotalEnergies SE,TotalEnergies (formerly Total),759628,other_allegations,2025-04-19,2025,https://www.business-humanrights.org/en/latest-news/uganda-local-leaders-urge-eacop-oil-companies-to-improve-access-to-public-information-to-reduce-protests/,2025-04-19,1,False,other_allegations
TTEF.PA,TotalEnergies SE,TotalEnergies (formerly Total),759628,other_allegations,2025-04-15,2025,https://www.business-humanrights.org/en/latest-news/uganda-african-civil-society-urges-oman-against-eacop-support-as-east-africa-trade-expo-kicks-off/,2025-04-15,1,False,other_allegations
TTEF.PA,TotalEnergies SE,TotalEnergies (formerly Total),759628,other_allegations,2025-04-02,2025,https://www.business-humanrights.org/en/latest-news/uganda-nine-activists-arrested-for-protesting-eacop-funding/,2025-04-02,1,False,other_allegations
TTEF.PA,TotalEnergies SE,TotalEnergies (formerly Total),759628,other_allegations,2025-04-01,2025,https://www.business-humanrights.org/en/latest-news/uganda-people-displaced-by-eacop-project-were-inadequately-rehoused-or-compensated-report-says-incl-co-response/,2025-04-01,1,False,other_allegations
TTEF.PA,TotalEnergies SE,TotalEnergies (formerly Total),759628,other_allegations,2025-03-31,2025,https://www.business-humanrights.org/en/latest-news/global-the-political-ecology-of-totalenergies/,2025-03-31,1,False,other_allegations
TTEF.PA,TotalEnergies SE,TotalEnergies (formerly Total),759628,other_allegations,2025-03-27,2025,https://www.business-humanrights.org/en/latest-news/east-africa-the-stopeacop-coalition-condemns-the-partial-financing-of-the-east-african-crude-oil-pipeline/,2025-03-27,1,False,other_allegations
TTEF.PA,TotalEnergies SE,TotalEnergies (formerly Total),759628,other_allegations,2025-03-15,2025,https://www.business-humanrights.org/en/latest-news/france-totalenergies-under-investigation-over-mozambique-attack/,2025-03-15,1,False,other_allegations
TTEF.PA,TotalEnergies SE,TotalEnergies (formerly Total),759628,other_allegations,2025-03-05,2025,https://www.business-humanrights.org/en/latest-news/mozambique-netherlands-govt-launches-investigation-into-allegations-of-human-rights-abuses-by-mozambiquan-army-at-gas-plant-owned-by-totalenergies/,2025-03-05,1,False,other_allegations
TTEF.PA,TotalEnergies SE,TotalEnergies (formerly Total),759628,other_allegations,2025-02-26,2025,https://www.business-humanrights.org/en/latest-news/uganda-and-tanzania-ask-east-africa-court-of-justice-to-reject-appeal-against-eacop/,2025-02-26,1,False,other_allegations
TTEF.PA,TotalEnergies SE,TotalEnergies (formerly Total),759628,other_allegations,2024-12-19,2024,https://www.business-humanrights.org/en/latest-news/urgent-call-to-withdraw-financial-support-for-totalenergies-mozambique-lng-project-and-endorse-the-call-for-an-independent-international-investigation-into-reported-human-rights-violations-associated-with-its-afungi-premises/,2024-12-19,1,False,other_allegations
TTEF.PA,TotalEnergies SE,TotalEnergies (formerly Total),759628,other_allegations,2024-12-12,2024,https://www.business-humanrights.org/en/latest-news/uganda-new-report-alleges-that-eacop-has-ushered-in-new-human-rights-violations-while-it-aggravated-existing-ones/,2024-12-12,1,False,other_allegations
TTEF.PA,TotalEnergies SE,TotalEnergies (formerly Total),759628,other_allegations,2024-08-20,2024,https://www.business-humanrights.org/en/latest-news/israelpalestine-report-exposes-ongoing-corporate-and-governmental-complicity-in-supplying-fuel-for-violent-conflicts-despite-icj-rulings/,2024-08-20,1,False,other_allegations
TTEF.PA,TotalEnergies SE,TotalEnergies (formerly Total),759628,other_allegations,2024-07-02,2024,https://www.business-humanrights.org/en/latest-news/qatar-legal-action-launched-against-oil-rig-co-film-ocean-after-uk-worker-killed-by-colleague/,2024-07-02,1,False,other_allegations
TTEF.PA,TotalEnergies SE,TotalEnergies (formerly Total),759628,other_allegations,2022-08-03,2022,https://www.business-humanrights.org/en/latest-news/uzbekistan-gendered-impacts-of-total-energys-solar-farm-project-revealed/,2022-08-03,1,False,other_allegations
TTEF.PA,TotalEnergies SE,TotalEnergies (formerly Total),759628,other_allegations,2022-03-31,2022,https://www.business-humanrights.org/en/latest-news/middle-east-africa-uk-export-finance-agency-reportedly-funding-projects-linked-to-labour-abuse-environmental-damage-contains-comment-from-ukef/,2022-03-31,1,False,other_allegations
TUI1n.DE,TUI AG,TUI Travel,759661,other_allegations,2025-09-15,2025,https://www.business-humanrights.org/en/latest-news/iopt-report-by-uni-global-union-alliance-exposes-foreign-companies-profiting-from-illegal-israeli-settlements-in-the-west-bank-incl-east-jerusalem/,2025-09-15,1,False,other_allegations
TUI1n.DE,TUI AG,TUI Travel,759661,other_allegations,2024-11-26,2024,https://www.business-humanrights.org/en/latest-news/israelopt-over-800-european-financial-institutions-had-financial-relationships-with-58-companies-actively-involved-in-the-illegal-israeli-settlements-report-finds/,2024-11-26,1,False,other_allegations
UBSG.S,UBS Group AG,UBS,759827,other_allegations,2026-03-10,2026,https://www.business-humanrights.org/en/latest-news/brazil-at-least-28-international-financial-institutions-hold-shares-in-brazil-potash-whose-mine-is-opposed-by-the-mura-indigenous-people-incl-companies-comments/,2026-03-10,1,False,other_allegations
UBSG.S,UBS Group AG,UBS,759827,other_allegations,2026-01-31,2026,https://www.business-humanrights.org/en/latest-news/global-the-hidden-money-behind-deep-sea-mining-incl-investors-comments/,2026-01-31,1,False,other_allegations
UBSG.S,UBS Group AG,UBS,759827,other_allegations,2025-04-29,2025,https://www.business-humanrights.org/en/latest-news/bank-transition-plans-a-roadmap-to-nowhere/,2025-04-29,1,False,other_allegations
UBSG.S,UBS Group AG,UBS,759827,other_allegations,2025-03-10,2025,https://www.business-humanrights.org/en/latest-news/france-ubs-condamnée-pour-harcèlement-moral-envers-des-lanceurs-dalerte/,2025-03-10,1,False,other_allegations
ULVR.L,Unilever PLC,Unilever,759828,lawsuits,2015-01-01,2015,https://www.business-humanrights.org/en/latest-news/unilever-lawsuit-re-ethnic-violence-in-kenya/,2015-01-01,1,False,lawsuits
ULVR.L,Unilever PLC,Unilever,759828,other_allegations,2025-09-19,2025,https://www.business-humanrights.org/en/latest-news/iopt-ben-jerrys-co-founder-steps-away-from-brand-after-50-years-following-disagreements-with-unilever-over-social-mission-including-stance-on-palestine/,2025-09-19,1,False,other_allegations
ULVR.L,Unilever PLC,Unilever,759828,other_allegations,2025-06-13,2025,https://www.business-humanrights.org/en/latest-news/ivory-coast-unilever-faces-worker-protests-over-fear-of-layoffs-and-severance-rights-amid-sale-of-local-unit-incl-co-comment/,2025-06-13,1,False,other_allegations
ULVR.L,Unilever PLC,Unilever,759828,other_allegations,2025-04-28,2025,https://www.business-humanrights.org/en/latest-news/usa-unilever-calls-for-dismissal-of-lawsuit-against-chief-executive-for-views-on-gaza/,2025-04-28,1,False,other_allegations
ULVR.L,Unilever PLC,Unilever,759828,other_allegations,2025-03-03,2025,https://www.business-humanrights.org/en/latest-news/indonesia-un-accused/,2025-03-03,1,False,other_allegations
ULVR.L,Unilever PLC,Unilever,759828,other_allegations,2025-02-26,2025,https://www.business-humanrights.org/en/latest-news/living-wage-for-migrant-workers-in-the-palm-oil-plantations-in-sabah-malaysia/,2025-02-26,1,False,other_allegations
ULVR.L,Unilever PLC,Unilever,759828,other_allegations,2024-06-25,2024,https://www.business-humanrights.org/en/latest-news/indonesia-ngos-report-alleges-how-indonesias-second-largest-palm-oil-company-pt-astra-agro-lestari-aal-operations-causes-land-conflict-and-environmental-degradation-in-sulawesi/,2024-06-25,1,False,other_allegations
ULVR.L,Unilever PLC,Unilever,759828,other_allegations,2024-05-07,2024,https://www.business-humanrights.org/en/latest-news/drc-the-dutch-national-contact-point-ncp-published-the-final-statement-of-the-specific-instance-of-atuma-versus-unilever/,2024-05-07,1,False,other_allegations
ULVR.L,Unilever PLC,Unilever,759828,other_allegations,2023-08-04,2023,https://www.business-humanrights.org/en/latest-news/strikes-over-unpaid-wages-continue-for-12th-day-at-two-habiganj-tea-gardens/,2023-08-04,1,False,other_allegations
ULVR.L,Unilever PLC,Unilever,759828,other_allegations,2023-08-03,2023,https://www.business-humanrights.org/en/latest-news/protests-continue-over-unpaid-wages-and-other-demands-at-two-habiganj-tea-estates/,2023-08-03,1,False,other_allegations
ULVR.L,Unilever PLC,Unilever,759828,other_allegations,2023-07-26,2023,https://www.business-humanrights.org/en/latest-news/workers-at-imam-and-bawani-tea-estates-stage-days-long-strike-over-unpaid-wages-and-other-demands/,2023-07-26,1,False,other_allegations
ULVR.L,Unilever PLC,Unilever,759828,other_allegations,2023-05-29,2023,https://www.business-humanrights.org/en/latest-news/tea-estate-worker-attacked-by-a-leopard-workers-say-they-work-in-constant-fear-of-attack/,2023-05-29,1,False,other_allegations
ULVR.L,Unilever PLC,Unilever,759828,other_allegations,2023-04-06,2023,https://www.business-humanrights.org/en/latest-news/worker-attacked-by-leopard-at-bengal-tea-estate/,2023-04-06,1,False,other_allegations
ULVR.L,Unilever PLC,Unilever,759828,other_allegations,2023-03-03,2023,https://www.business-humanrights.org/en/latest-news/india-tea-worker-attacked-by-a-leopard/,2023-03-03,1,False,other_allegations
ULVR.L,Unilever PLC,Unilever,759828,other_allegations,2022-12-21,2022,https://www.business-humanrights.org/en/latest-news/bangladesh-sylhet-tea-workers-demand-dues/,2022-12-21,1,False,other_allegations
ULVR.L,Unilever PLC,Unilever,759828,other_allegations,2022-12-20,2022,https://www.business-humanrights.org/en/latest-news/alipurduar-tea-workers-cite-home-woes-seek-key-to-pmay/,2022-12-20,1,False,other_allegations
ULVR.L,Unilever PLC,Unilever,759828,other_allegations,2022-12-13,2022,https://www.business-humanrights.org/en/latest-news/tea-plantation-workers-staged-protest-in-dibrugarh-district/,2022-12-13,1,False,other_allegations
ULVR.L,Unilever PLC,Unilever,759828,other_allegations,2022-10-23,2022,https://www.business-humanrights.org/en/latest-news/india-tea-workers-in-assam-severely-injured-in-factory-accidents/,2022-10-23,1,False,other_allegations
ULVR.L,Unilever PLC,Unilever,759828,other_allegations,2022-09-26,2022,https://www.business-humanrights.org/en/latest-news/india-thousands-of-tea-workers-protest-demanding-unpaid-bonuses/,2022-09-26,1,False,other_allegations
ULVR.L,Unilever PLC,Unilever,759828,other_allegations,2022-08-27,2022,https://www.business-humanrights.org/en/latest-news/bangladesh-tea-workers-express-dissatisfaction-over-tk50-daily-wage-increase/,2022-08-27,1,False,other_allegations
ULVR.L,Unilever PLC,Unilever,759828,other_allegations,2022-08-22,2022,https://www.business-humanrights.org/en/latest-news/bangladesh-workers-across-23-tea-gardens-continue-protests-demanding-300tk-daily-wages-despite-union-leaders-calling-off-strike-after-accepting-wage-hike-to-170tk/,2022-08-22,1,False,other_allegations
ULVR.L,Unilever PLC,Unilever,759828,other_allegations,2022-08-21,2022,https://www.business-humanrights.org/en/latest-news/india-tea-workers-across-darjeeling-organic-tea-estates-protest-over-unpaid-wages/,2022-08-21,1,False,other_allegations
ULVR.L,Unilever PLC,Unilever,759828,other_allegations,2022-08-21,2022,https://www.business-humanrights.org/en/latest-news/bangladesh-tea-workers-block-highway-demanding-300tk-daily-wages-after-unions-call-off-strike-workers-across-23-tea-gardens-express-solidarity/,2022-08-21,1,False,other_allegations
ULVR.L,Unilever PLC,Unilever,759828,other_allegations,2022-07-22,2022,https://www.business-humanrights.org/en/latest-news/india-tea-worker-fighting-for-her-life-after-factory-accident-highlighting-lack-of-health-safety-provisions-in-tea-estates/,2022-07-22,1,False,other_allegations
ULVR.L,Unilever PLC,Unilever,759828,other_allegations,2022-07-13,2022,https://www.business-humanrights.org/en/latest-news/uganda-over-250-bugambe-tea-estate-workers-protest-over-low-wages-amid-increased-cost-of-living/,2022-07-13,1,False,other_allegations
ULVR.L,Unilever PLC,Unilever,759828,other_allegations,2022-06-29,2022,https://www.business-humanrights.org/en/latest-news/india-tea-workers-in-baradighi-tea-garden-protest-demanding-safety-after-elephant-attacks/,2022-06-29,1,False,other_allegations
ULVR.L,Unilever PLC,Unilever,759828,other_allegations,2022-06-25,2022,https://www.business-humanrights.org/en/latest-news/india-hundreds-of-tea-workers-protest-acquisition-of-tea-garden-land-uprooting-of-tea-bushes/,2022-06-25,1,False,other_allegations
ULVR.L,Unilever PLC,Unilever,759828,other_allegations,2022-05-28,2022,https://www.business-humanrights.org/en/latest-news/india-workers-at-limburi-tea-estate-stage-protest-over-factory-closure-and-below-minimum-wage-pay/,2022-05-28,1,False,other_allegations
ULVR.L,Unilever PLC,Unilever,759828,other_allegations,2022-05-12,2022,https://www.business-humanrights.org/en/latest-news/india-workers-across-17-tea-gardens-protest-over-unpaid-wages-working-conditions/,2022-05-12,1,False,other_allegations
ULVR.L,Unilever PLC,Unilever,759828,other_allegations,2022-03-29,2022,https://www.business-humanrights.org/en/latest-news/india-tea-workers-stage-hunger-sit-in-strikes-over-unpaid-wages-allowances/,2022-03-29,1,False,other_allegations
ULVR.L,Unilever PLC,Unilever,759828,other_allegations,2022-03-23,2022,https://www.business-humanrights.org/en/latest-news/sri-lanka-workers-targeted-for-resisting-imposition-of-revenue-sharing-system-which-threatens-to-reduce-earnings/,2022-03-23,1,False,other_allegations
ULVR.L,Unilever PLC,Unilever,759828,other_allegations,2022-03-05,2022,https://www.business-humanrights.org/en/latest-news/india-over-700-workers-rendered-jobless-after-tea-garden-suspends-work-following-protests-over-unpaid-wages/,2022-03-05,1,False,other_allegations
ULVR.L,Unilever PLC,Unilever,759828,other_allegations,2022-02-28,2022,https://www.business-humanrights.org/en/latest-news/sri-lanka-tea-plantation-companies-challenge-daily-wage-increase-for-workers-in-court/,2022-02-28,1,False,other_allegations
ULVR.L,Unilever PLC,Unilever,759828,other_allegations,2022-01-31,2022,https://www.business-humanrights.org/en/latest-news/india-notice-issued-to-hirajuli-tea-estate-over-failure-to-provide-medical-facilities-for-workers/,2022-01-31,1,False,other_allegations
ULVR.L,Unilever PLC,Unilever,759828,other_allegations,2022-01-03,2022,https://www.business-humanrights.org/en/latest-news/bangladesh-over-400-permanent-tea-workers-not-paid-for-a-month-facing-acute-food-insecurity-and-starvation/,2022-01-03,1,False,other_allegations
VOLVb.ST,Volvo AB,Volvo Group,759937,other_allegations,2025-08-29,2025,https://www.business-humanrights.org/en/latest-news/israelopt-volvo-linked-to-demolitions-in-rafah-the-west-bank/,2025-08-29,1,False,other_allegations
VOLVb.ST,Volvo AB,Volvo Group,759937,other_allegations,2025-06-30,2025,https://www.business-humanrights.org/en/latest-news/indonesia-climate-rights-internationals-follow-up-report-reveals-ongoing-unaddressed-serious-human-rights-and-environmental-harms-allegedly-linked-to-nickel-mining-operations-in-halmahera-island/,2025-06-30,1,False,other_allegations
VOLVb.ST,Volvo AB,Volvo Group,759937,other_allegations,2025-06-16,2025,https://www.business-humanrights.org/en/latest-news/report-from-unsr-on-opt-from-economy-of-occupation-to-economy-of-genocide-3/,2025-06-16,1,False,other_allegations
VOLVb.ST,Volvo AB,Volvo Group,759937,other_allegations,2024-11-26,2024,https://www.business-humanrights.org/en/latest-news/israelopt-over-800-european-financial-institutions-had-financial-relationships-with-58-companies-actively-involved-in-the-illegal-israeli-settlements-report-finds/,2024-11-26,1,False,other_allegations
VOLVb.ST,Volvo AB,Volvo Group,759937,other_allegations,2023-02-07,2023,https://www.business-humanrights.org/en/latest-news/report-driving-force-automotive-supply-chains-and-forced-labor-in-the-uyghur-region/,2023-02-07,1,False,other_allegations
VOWG_p.DE,Volkswagen AG,Volkswagen,759890,hrd_attacks,2021-06-10,2021,https://www.business-humanrights.org/en/latest-news/front-of-peoples-in-defence-of-land-and-water-morelos-puebla-tlaxcala-frente-de-pueblos-en-defensa-de-la-tierra-y-del-agua-morelos-puebla-tlaxcala/,2021-06-10,1,False,hrd_attacks
VOWG_p.DE,Volkswagen AG,Volkswagen,759890,hrd_attacks,2017-05-26,2017,https://www.business-humanrights.org/en/latest-news/fu-tianbo/,2017-05-26,1,False,hrd_attacks
VOWG_p.DE,Volkswagen AG,Volkswagen,759890,lawsuits,2015-09-01,2015,https://www.business-humanrights.org/en/latest-news/volkswagen-re-military-dictatorship-brazil/,2015-09-01,1,False,lawsuits
VOWG_p.DE,Volkswagen AG,Volkswagen,759890,other_allegations,2026-03-09,2026,https://www.business-humanrights.org/en/latest-news/drc-a-new-investigation-reveals-how-the-worlds-largest-copper-cobalt-mines-have-allegedly-poisoned-communities-for-years-incl-company-responses/,2026-03-09,1,False,other_allegations
VOWG_p.DE,Volkswagen AG,Volkswagen,759890,other_allegations,2025-11-25,2025,https://www.business-humanrights.org/en/latest-news/car-and-battery-makers-opted-not-to-act-despite-knowing-that-lead-recycling-factories-in-their-supply-chains-were-poisoning-people/,2025-11-25,1,False,other_allegations
VOWG_p.DE,Volkswagen AG,Volkswagen,759890,other_allegations,2025-11-10,2025,https://www.business-humanrights.org/en/latest-news/tanzania-maasai-herders-fear-carbon-credit-scheme-linked-to-volkswagen-could-destroy-their-communitys-way-of-life-incl-co-comment/,2025-11-10,1,False,other_allegations
VOWG_p.DE,Volkswagen AG,Volkswagen,759890,other_allegations,2025-11-09,2025,https://www.business-humanrights.org/en/latest-news/tanzania-vw-carbon-credit-deal-sparks-land-rights-and-greenwashing-fears-amongst-indigenous-communities-incl-co-comment/,2025-11-09,1,False,other_allegations
VOWG_p.DE,Volkswagen AG,Volkswagen,759890,other_allegations,2025-09-15,2025,https://www.business-humanrights.org/en/latest-news/report-the-destructive-indonesian-nickel-supply-chain-a-supply-chain-mapping-risk-assessment/,2025-09-15,1,False,other_allegations
VOWG_p.DE,Volkswagen AG,Volkswagen,759890,other_allegations,2025-07-08,2025,https://www.business-humanrights.org/en/latest-news/tanzania-maasai-demand-volkswagen-pull-out-of-carbon-offset-scheme-on-their-lands/,2025-07-08,1,False,other_allegations
VOWG_p.DE,Volkswagen AG,Volkswagen,759890,other_allegations,2025-06-30,2025,https://www.business-humanrights.org/en/latest-news/indonesia-climate-rights-internationals-follow-up-report-reveals-ongoing-unaddressed-serious-human-rights-and-environmental-harms-allegedly-linked-to-nickel-mining-operations-in-halmahera-island/,2025-06-30,1,False,other_allegations
VOWG_p.DE,Volkswagen AG,Volkswagen,759890,other_allegations,2025-05-31,2025,https://www.business-humanrights.org/en/latest-news/china-more-than-30-automobile-brands-have-products-with-xinjiang-forced-labour-risks-investigation-found/,2025-05-31,1,False,other_allegations
VOWG_p.DE,Volkswagen AG,Volkswagen,759890,other_allegations,2025-05-29,2025,https://www.business-humanrights.org/en/latest-news/far-from-home-uyghur-workers-in-factories-supplying-global-brands/,2025-05-29,1,False,other_allegations
VOWG_p.DE,Volkswagen AG,Volkswagen,759890,other_allegations,2025-05-29,2025,https://www.business-humanrights.org/en/latest-news/chinas-economy-runs-on-uyghur-forced-labour/,2025-05-29,1,False,other_allegations
VOWG_p.DE,Volkswagen AG,Volkswagen,759890,other_allegations,2025-04-01,2025,https://www.business-humanrights.org/en/latest-news/uk-regulator-fines-10-carmakers-2-trade-bodies-over-decision-not-to-compete-through-green-ad-collusion/,2025-04-01,1,False,other_allegations
VOWG_p.DE,Volkswagen AG,Volkswagen,759890,other_allegations,2024-06-17,2024,https://www.business-humanrights.org/en/latest-news/indonesia-hidden-labour-and-environmental-costs-in-nickel-supply-chains-challenge-ev-makers-responsible-sourcing-pledges/,2024-06-17,1,False,other_allegations
VOWG_p.DE,Volkswagen AG,Volkswagen,759890,other_allegations,2024-05-23,2024,https://www.business-humanrights.org/en/latest-news/myanmar-boom-in-illegal-rare-earth-mining-linked-to-supply-chain-of-major-ev-and-wind-turbine-companies-through-china-global-witness-follow-up-investigation-reveals/,2024-05-23,1,False,other_allegations
VOWG_p.DE,Volkswagen AG,Volkswagen,759890,other_allegations,2024-02-02,2024,https://www.business-humanrights.org/en/latest-news/india-serbian-authorities-probe-claims-of-human-trafficking-involving-indian-workers/,2024-02-02,1,False,other_allegations
VOWG_p.DE,Volkswagen AG,Volkswagen,759890,other_allegations,2024-01-10,2024,https://www.business-humanrights.org/en/latest-news/indonesia-fatal-fire-followed-by-two-more-workplace-accidents-at-nickel-facilities-imip-safety-standard-under-scrutiny/,2024-01-10,1,False,other_allegations
VOWG_p.DE,Volkswagen AG,Volkswagen,759890,other_allegations,2023-07-27,2023,https://www.business-humanrights.org/en/latest-news/second-wildcat-strike-in-grafenhausen-shines-new-light-on-continued-human-rights-abuses-in-european-road-transport/,2023-07-27,1,False,other_allegations
VOWG_p.DE,Volkswagen AG,Volkswagen,759890,other_allegations,2023-02-07,2023,https://www.business-humanrights.org/en/latest-news/report-driving-force-automotive-supply-chains-and-forced-labor-in-the-uyghur-region/,2023-02-07,1,False,other_allegations
VOWG_p.DE,Volkswagen AG,Volkswagen,759890,other_allegations,2022-06-17,2022,https://www.business-humanrights.org/en/latest-news/volkswagen-faces-union-and-shareholder-pressure-to-address-human-rights-allegations-in-china-supply-chain/,2022-06-17,1,False,other_allegations
VOWG_p.DE,Volkswagen AG,Volkswagen,759890,other_allegations,2022-06-15,2022,https://www.business-humanrights.org/en/latest-news/brazil-volkswagen-asks-for-more-time-to-review-reports-on-rights-violations-during-dictatorship-new-meeting-is-set-to-september/,2022-06-15,1,False,other_allegations
VWS.CO,Vestas Wind Systems A/S,Vestas,759924,other_allegations,2026-02-09,2026,https://www.business-humanrights.org/en/latest-news/taiwan-winds-of-change-can-taiwans-offshore-wind-deliver-fair-work-too-incl-comapnies-comments/,2026-02-09,1,False,other_allegations
VWS.CO,Vestas Wind Systems A/S,Vestas,759924,other_allegations,2024-05-23,2024,https://www.business-humanrights.org/en/latest-news/myanmar-boom-in-illegal-rare-earth-mining-linked-to-supply-chain-of-major-ev-and-wind-turbine-companies-through-china-global-witness-follow-up-investigation-reveals/,2024-05-23,1,False,other_allegations
WISEa.L,Wise PLC,Wise,951189,other_allegations,2024-01-03,2024,https://www.business-humanrights.org/en/latest-news/palestineisrael-criticism-against-wise-and-payoneer-for-freezing-the-accounts-of-palestinians-in-gaza-in-disproportionate-adherence-to-regulations-incl-co-comment/,2024-01-03,1,False,other_allegations
WPP.L,WPP PLC,WPP,759977,other_allegations,2025-04-24,2025,https://www.business-humanrights.org/en/latest-news/usa-106-migrant-workers-sue-pr-firms-omnicom-ogilvy-alleging-their-communications-work-aided-human-trafficking-during-qatar-2022-world-cup/,2025-04-24,1,False,other_allegations
WPP.L,WPP PLC,WPP,759977,other_allegations,2023-06-13,2023,https://www.business-humanrights.org/en/latest-news/uk-migrant-cleaners-at-londons-ogilvy-uk-strike-over-pay-and-working-conditions-incl-cos-comments/,2023-06-13,1,False,other_allegations
ZALG.DE,Zalando SE,Zalando SE,763237,other_allegations,2025-03-20,2025,https://www.business-humanrights.org/en/latest-news/anti-palestinian-repression-in-german-companies-censorship-and-intimidation-at-zalando/,2025-03-20,1,False,other_allegations
